#
# There is insufficient memory for the Java Runtime Environment to continue.
# Native memory allocation (mmap) failed to map 113246208 bytes. Error detail: G1 virtual space
# Possible reasons:
#   The system is out of physical RAM or swap space
#   This process is running with CompressedOops enabled, and the Java Heap may be blocking the growth of the native heap
# Possible solutions:
#   Reduce memory load on the system
#   Increase physical memory or swap space
#   Check if swap backing store is full
#   Decrease Java heap size (-Xmx/-Xms)
#   Decrease number of Java threads
#   Decrease Java thread stack sizes (-Xss)
#   Set larger code cache with -XX:ReservedCodeCacheSize=
#   JVM is running with Unscaled Compressed Oops mode in which the Java heap is
#     placed in the first 4GB address space. The Java Heap base address is the
#     maximum limit for the native heap growth. Please use -XX:HeapBaseMinAddress
#     to set the Java Heap base and to place the Java Heap above 4GB virtual address.
# This output file may be truncated or incomplete.
#
#  Out of Memory Error (os_windows.cpp:3925), pid=10600, tid=17872
#
# JRE version: OpenJDK Runtime Environment (21.0.9) (build 21.0.9+-14649483-b1163.86)
# Java VM: OpenJDK 64-Bit Server VM (21.0.9+-14649483-b1163.86, mixed mode, tiered, compressed oops, compressed class ptrs, g1 gc, windows-amd64)
# No core dump will be written. Minidumps are not enabled by default on client versions of Windows
#

---------------  S U M M A R Y ------------

Command Line: --add-opens=java.base/java.lang=ALL-UNNAMED --add-opens=java.base/java.lang.invoke=ALL-UNNAMED --add-opens=java.base/java.util=ALL-UNNAMED --add-opens=java.prefs/java.util.prefs=ALL-UNNAMED --add-exports=jdk.compiler/com.sun.tools.javac.api=ALL-UNNAMED --add-exports=jdk.compiler/com.sun.tools.javac.util=ALL-UNNAMED --add-opens=java.base/java.util=ALL-UNNAMED --add-opens=java.prefs/java.util.prefs=ALL-UNNAMED --add-opens=java.base/java.nio.charset=ALL-UNNAMED --add-opens=java.base/java.net=ALL-UNNAMED --add-opens=java.base/java.util.concurrent=ALL-UNNAMED --add-opens=java.base/java.util.concurrent.atomic=ALL-UNNAMED --add-opens=java.xml/javax.xml.namespace=ALL-UNNAMED --add-opens=java.base/java.time=ALL-UNNAMED -Xmx2048m -Dfile.encoding=UTF-8 -Duser.country=US -Duser.language=en -Duser.variant -javaagent:C:\Users\Albaheth\.gradle\wrapper\dists\gradle-9.1.0-bin\9agqghryom9wkf8r80qlhnts3\gradle-9.1.0\lib\agents\gradle-instrumentation-agent-9.1.0.jar org.gradle.launcher.daemon.bootstrap.GradleDaemon 9.1.0

Host: Intel(R) Core(TM) i5-8365U CPU @ 1.60GHz, 8 cores, 7G,  Windows 11 , 64 bit Build 26100 (10.0.26100.2454)
Time: Mon Apr 27 13:48:02 2026 W. Central Africa Standard Time elapsed time: 28.704030 seconds (0d 0h 0m 28s)

---------------  T H R E A D  ---------------

Current thread (0x000001bcd65d0450):  VMThread "VM Thread"          [id=17872, stack(0x000000a165900000,0x000000a165a00000) (1024K)]

Stack: [0x000000a165900000,0x000000a165a00000]
Native frames: (J=compiled Java code, j=interpreted, Vv=VM code, C=native code)
V  [jvm.dll+0x6d6c99]
V  [jvm.dll+0x866b83]
V  [jvm.dll+0x86919e]
V  [jvm.dll+0x869883]
V  [jvm.dll+0x280776]
V  [jvm.dll+0x6d3555]
V  [jvm.dll+0x6c6bea]
V  [jvm.dll+0x3587fb]
V  [jvm.dll+0x360476]
V  [jvm.dll+0x3b2646]
V  [jvm.dll+0x3b2918]
V  [jvm.dll+0x32af0c]
V  [jvm.dll+0x32af97]
V  [jvm.dll+0x370e7c]
V  [jvm.dll+0x36f62e]
V  [jvm.dll+0x32a661]
V  [jvm.dll+0x36ed30]
V  [jvm.dll+0x86f608]
V  [jvm.dll+0x870984]
V  [jvm.dll+0x870ec0]
V  [jvm.dll+0x871153]
V  [jvm.dll+0x80f118]
V  [jvm.dll+0x6d54ed]
C  [ucrtbase.dll+0x14ea0]
C  [KERNEL32.DLL+0x2e8d7]
C  [ntdll.dll+0xdfbcc]

VM_Operation (0x000000a1692fc3e0): G1CollectForAllocation, mode: safepoint, requested by thread 0x000001bcdced1100


---------------  P R O C E S S  ---------------

Threads class SMR info:
_java_thread_list=0x000001bce28e37f0, length=133, elements={
0x000001bcbed6c2d0, 0x000001bcd65f3970, 0x000001bcd661aef0, 0x000001bcd661b950,
0x000001bcd663c360, 0x000001bcd664fc40, 0x000001bcd6651210, 0x000001bcd66527e0,
0x000001bcd66540e0, 0x000001bcd66556f0, 0x000001bcd695d8e0, 0x000001bcdc7ce1a0,
0x000001bcdd561230, 0x000001bcdcec2e90, 0x000001bcdd2c55f0, 0x000001bcdc0184b0,
0x000001bcdbfe2db0, 0x000001bcdc31d3f0, 0x000001bcdc3346d0, 0x000001bcdc334040,
0x000001bcdc335a80, 0x000001bcdc336e30, 0x000001bcdc3353f0, 0x000001bcdc334d60,
0x000001bce0f606a0, 0x000001bce0f613c0, 0x000001bce0f60d30, 0x000001bce0f63490,
0x000001bce0f61a50, 0x000001bce0f620e0, 0x000001bce0f62770, 0x000001bce0f62e00,
0x000001bce0f60010, 0x000001bce0f65bf0, 0x000001bce0f66910, 0x000001bce0f64840,
0x000001bce0f63b20, 0x000001bce0f641b0, 0x000001bce0f67630, 0x000001bce0f64ed0,
0x000001bce0f65560, 0x000001bcdced1e20, 0x000001bcdced3ef0, 0x000001bcdced24b0,
0x000001bcdced0a70, 0x000001bcdced3860, 0x000001bcdced4580, 0x000001bcdced1100,
0x000001bcdced2b40, 0x000001bcdced31d0, 0x000001bcdced4c10, 0x000001bcdced1790,
0x000001bcdced5930, 0x000001bcdced7370, 0x000001bcdced5fc0, 0x000001bcdced6650,
0x000001bcdced7a00, 0x000001bcdced8090, 0x000001bcdced6ce0, 0x000001bcdced52a0,
0x000001bce114ff00, 0x000001bce114d7a0, 0x000001bce11512b0, 0x000001bce114de30,
0x000001bce1151940, 0x000001bce114e4c0, 0x000001bce1151fd0, 0x000001bce114f1e0,
0x000001bce114eb50, 0x000001bce1153380, 0x000001bce1152660, 0x000001bce1152cf0,
0x000001bce11540a0, 0x000001bce1153a10, 0x000001bce1154730, 0x000001bce1154dc0,
0x000001bcdd9a1950, 0x000001bcdd9a1fe0, 0x000001bcdd9a12c0, 0x000001bcdd9a2d00,
0x000001bcdd9a5460, 0x000001bcdd9a4740, 0x000001bcdd9a6180, 0x000001bcdd9a3a20,
0x000001bcdd9a6810, 0x000001bcdd9a3390, 0x000001bcdd9a6ea0, 0x000001bcdd9a40b0,
0x000001bcdd9a7bc0, 0x000001bcdd9a7530, 0x000001bcdd9a8250, 0x000001bcdc1a0da0,
0x000001bcdc19f9f0, 0x000001bcdc19e640, 0x000001bcdc86f710, 0x000001bcdc870430,
0x000001bcdc870ac0, 0x000001bcdc86fda0, 0x000001bcdc86dcd0, 0x000001bcdc871150,
0x000001bcdc873f40, 0x000001bcdc872b90, 0x000001bcdc873220, 0x000001bce203b1c0,
0x000001bce2039e10, 0x000001bce203bee0, 0x000001bce203b850, 0x000001bce20390f0,
0x000001bce2038a60, 0x000001bce203c570, 0x000001bcdd9a2670, 0x000001bce03af070,
0x000001bce03b0ab0, 0x000001bce03ae9e0, 0x000001bce03afd90, 0x000001bce03b24f0,
0x000001bce03af700, 0x000001bce03b2b80, 0x000001bce03b0420, 0x000001bce03b1e60,
0x000001bce03b3f30, 0x000001bce03b45c0, 0x000001bce03b1140, 0x000001bce03b4c50,
0x000001bce03b17d0, 0x000001bce03b52e0, 0x000001bce03b5970, 0x000001bce03b6000,
0x000001bce203d290, 0x000001bce203a4a0, 0x000001bce203ecd0, 0x000001bce203dfb0,
0x000001bcdd461f60
}

Java Threads: ( => current thread )
  0x000001bcbed6c2d0 JavaThread "main"                              [_thread_blocked, id=21292, stack(0x000000a165200000,0x000000a165300000) (1024K)]
  0x000001bcd65f3970 JavaThread "Common-Cleaner"             daemon [_thread_blocked, id=23964, stack(0x000000a165a00000,0x000000a165b00000) (1024K)]
  0x000001bcd661aef0 JavaThread "Reference Handler"          daemon [_thread_blocked, id=23592, stack(0x000000a165b00000,0x000000a165c00000) (1024K)]
  0x000001bcd661b950 JavaThread "Finalizer"                  daemon [_thread_blocked, id=18788, stack(0x000000a165c00000,0x000000a165d00000) (1024K)]
  0x000001bcd663c360 JavaThread "Signal Dispatcher"          daemon [_thread_blocked, id=24484, stack(0x000000a165d00000,0x000000a165e00000) (1024K)]
  0x000001bcd664fc40 JavaThread "Attach Listener"            daemon [_thread_blocked, id=25532, stack(0x000000a165e00000,0x000000a165f00000) (1024K)]
  0x000001bcd6651210 JavaThread "Service Thread"             daemon [_thread_blocked, id=7704, stack(0x000000a165f00000,0x000000a166000000) (1024K)]
  0x000001bcd66527e0 JavaThread "Monitor Deflation Thread"   daemon [_thread_blocked, id=18544, stack(0x000000a166000000,0x000000a166100000) (1024K)]
  0x000001bcd66540e0 JavaThread "C2 CompilerThread0"         daemon [_thread_blocked, id=17888, stack(0x000000a166100000,0x000000a166200000) (1024K)]
  0x000001bcd66556f0 JavaThread "C1 CompilerThread0"         daemon [_thread_blocked, id=14120, stack(0x000000a166200000,0x000000a166300000) (1024K)]
  0x000001bcd695d8e0 JavaThread "Notification Thread"        daemon [_thread_blocked, id=14536, stack(0x000000a166300000,0x000000a166400000) (1024K)]
  0x000001bcdc7ce1a0 JavaThread "Daemon health stats"               [_thread_blocked, id=15536, stack(0x000000a166700000,0x000000a166800000) (1024K)]
  0x000001bcdd561230 JavaThread "Incoming local TCP Connector on port 64523"        [_thread_in_native, id=25068, stack(0x000000a166a00000,0x000000a166b00000) (1024K)]
  0x000001bcdcec2e90 JavaThread "Daemon periodic checks"            [_thread_blocked, id=5792, stack(0x000000a166b00000,0x000000a166c00000) (1024K)]
  0x000001bcdd2c55f0 JavaThread "Daemon"                            [_thread_blocked, id=25168, stack(0x000000a166c00000,0x000000a166d00000) (1024K)]
  0x000001bcdc0184b0 JavaThread "Handler for socket connection from /127.0.0.1:64523 to /127.0.0.1:64524"        [_thread_in_native, id=15820, stack(0x000000a166d00000,0x000000a166e00000) (1024K)]
  0x000001bcdbfe2db0 JavaThread "Cancel handler"                    [_thread_blocked, id=2672, stack(0x000000a166e00000,0x000000a166f00000) (1024K)]
  0x000001bcdc31d3f0 JavaThread "Daemon worker"                     [_thread_blocked, id=19204, stack(0x000000a166f00000,0x000000a167000000) (1024K)]
  0x000001bcdc3346d0 JavaThread "Asynchronous log dispatcher for DefaultDaemonConnection: socket connection from /127.0.0.1:64523 to /127.0.0.1:64524"        [_thread_blocked, id=15772, stack(0x000000a167000000,0x000000a167100000) (1024K)]
  0x000001bcdc334040 JavaThread "Stdin handler"                     [_thread_blocked, id=22056, stack(0x000000a167100000,0x000000a167200000) (1024K)]
  0x000001bcdc335a80 JavaThread "Daemon client event forwarder"        [_thread_blocked, id=24908, stack(0x000000a167200000,0x000000a167300000) (1024K)]
  0x000001bcdc336e30 JavaThread "Cache worker for journal cache (C:\Users\Albaheth\.gradle\caches\journal-1)"        [_thread_blocked, id=11012, stack(0x000000a167700000,0x000000a167800000) (1024K)]
  0x000001bcdc3353f0 JavaThread "File lock request listener"        [_thread_in_native, id=18764, stack(0x000000a167800000,0x000000a167900000) (1024K)]
  0x000001bcdc334d60 JavaThread "Cache worker for file hash cache (C:\Users\Albaheth\.gradle\caches\9.1.0\fileHashes)"        [_thread_blocked, id=17040, stack(0x000000a167900000,0x000000a167a00000) (1024K)]
  0x000001bce0f606a0 JavaThread "Cache worker for file hash cache (C:\Users\Albaheth\AndroidStudioProjects\Maktaba\.gradle\9.1.0\fileHashes)"        [_thread_blocked, id=1328, stack(0x000000a167b00000,0x000000a167c00000) (1024K)]
  0x000001bce0f613c0 JavaThread "Cache worker for Build Output Cleanup Cache (C:\Users\Albaheth\AndroidStudioProjects\Maktaba\.gradle\buildOutputCleanup)"        [_thread_blocked, id=23116, stack(0x000000a167c00000,0x000000a167d00000) (1024K)]
  0x000001bce0f60d30 JavaThread "File watcher server"        daemon [_thread_blocked, id=19740, stack(0x000000a167d00000,0x000000a167e00000) (1024K)]
  0x000001bce0f63490 JavaThread "File watcher consumer"      daemon [_thread_blocked, id=12948, stack(0x000000a167e00000,0x000000a167f00000) (1024K)]
  0x000001bce0f61a50 JavaThread "Cache worker for checksums cache (C:\Users\Albaheth\AndroidStudioProjects\Maktaba\.gradle\9.1.0\checksums)"        [_thread_blocked, id=16012, stack(0x000000a167f00000,0x000000a168000000) (1024K)]
  0x000001bce0f620e0 JavaThread "Cache worker for file content cache (C:\Users\Albaheth\.gradle\caches\9.1.0\fileContent)"        [_thread_blocked, id=18696, stack(0x000000a168000000,0x000000a168100000) (1024K)]
  0x000001bce0f62770 JavaThread "Cache worker for cache directory md-supplier (C:\Users\Albaheth\.gradle\caches\9.1.0\md-supplier)"        [_thread_blocked, id=19264, stack(0x000000a168100000,0x000000a168200000) (1024K)]
  0x000001bce0f62e00 JavaThread "Cache worker for cache directory md-rule (C:\Users\Albaheth\.gradle\caches\9.1.0\md-rule)"        [_thread_blocked, id=21280, stack(0x000000a168200000,0x000000a168300000) (1024K)]
  0x000001bce0f60010 JavaThread "jar transforms"                    [_thread_blocked, id=15200, stack(0x000000a168300000,0x000000a168400000) (1024K)]
  0x000001bce0f65bf0 JavaThread "jar transforms Thread 2"           [_thread_blocked, id=18064, stack(0x000000a168400000,0x000000a168500000) (1024K)]
  0x000001bce0f66910 JavaThread "jar transforms Thread 3"           [_thread_blocked, id=17684, stack(0x000000a168500000,0x000000a168600000) (1024K)]
  0x000001bce0f64840 JavaThread "Unconstrained build operations"        [_thread_blocked, id=18656, stack(0x000000a168600000,0x000000a168700000) (1024K)]
  0x000001bce0f63b20 JavaThread "Unconstrained build operations Thread 2"        [_thread_blocked, id=20112, stack(0x000000a168700000,0x000000a168800000) (1024K)]
  0x000001bce0f641b0 JavaThread "Unconstrained build operations Thread 3"        [_thread_blocked, id=20484, stack(0x000000a168800000,0x000000a168900000) (1024K)]
  0x000001bce0f67630 JavaThread "Unconstrained build operations Thread 4"        [_thread_blocked, id=23140, stack(0x000000a168900000,0x000000a168a00000) (1024K)]
  0x000001bce0f64ed0 JavaThread "Unconstrained build operations Thread 5"        [_thread_blocked, id=21024, stack(0x000000a168a00000,0x000000a168b00000) (1024K)]
  0x000001bce0f65560 JavaThread "Unconstrained build operations Thread 6"        [_thread_blocked, id=20844, stack(0x000000a168b00000,0x000000a168c00000) (1024K)]
  0x000001bcdced1e20 JavaThread "Unconstrained build operations Thread 7"        [_thread_blocked, id=10244, stack(0x000000a168c00000,0x000000a168d00000) (1024K)]
  0x000001bcdced3ef0 JavaThread "Unconstrained build operations Thread 8"        [_thread_blocked, id=18140, stack(0x000000a168d00000,0x000000a168e00000) (1024K)]
  0x000001bcdced24b0 JavaThread "Unconstrained build operations Thread 9"        [_thread_blocked, id=18576, stack(0x000000a168e00000,0x000000a168f00000) (1024K)]
  0x000001bcdced0a70 JavaThread "Unconstrained build operations Thread 10"        [_thread_blocked, id=11940, stack(0x000000a168f00000,0x000000a169000000) (1024K)]
  0x000001bcdced3860 JavaThread "Unconstrained build operations Thread 11"        [_thread_blocked, id=17020, stack(0x000000a169000000,0x000000a169100000) (1024K)]
  0x000001bcdced4580 JavaThread "Unconstrained build operations Thread 12"        [_thread_blocked, id=9148, stack(0x000000a169100000,0x000000a169200000) (1024K)]
  0x000001bcdced1100 JavaThread "Unconstrained build operations Thread 13"        [_thread_blocked, id=2480, stack(0x000000a169200000,0x000000a169300000) (1024K)]
  0x000001bcdced2b40 JavaThread "Unconstrained build operations Thread 14"        [_thread_blocked, id=10748, stack(0x000000a169300000,0x000000a169400000) (1024K)]
  0x000001bcdced31d0 JavaThread "jar transforms Thread 4"           [_thread_blocked, id=14780, stack(0x000000a169400000,0x000000a169500000) (1024K)]
  0x000001bcdced4c10 JavaThread "jar transforms Thread 5"           [_thread_blocked, id=22200, stack(0x000000a169500000,0x000000a169600000) (1024K)]
  0x000001bcdced1790 JavaThread "Unconstrained build operations Thread 15"        [_thread_blocked, id=7588, stack(0x000000a169600000,0x000000a169700000) (1024K)]
  0x000001bcdced5930 JavaThread "Unconstrained build operations Thread 16"        [_thread_blocked, id=21500, stack(0x000000a169700000,0x000000a169800000) (1024K)]
  0x000001bcdced7370 JavaThread "Unconstrained build operations Thread 17"        [_thread_blocked, id=15988, stack(0x000000a169800000,0x000000a169900000) (1024K)]
  0x000001bcdced5fc0 JavaThread "Unconstrained build operations Thread 18"        [_thread_blocked, id=24856, stack(0x000000a169900000,0x000000a169a00000) (1024K)]
  0x000001bcdced6650 JavaThread "Unconstrained build operations Thread 19"        [_thread_blocked, id=17956, stack(0x000000a169a00000,0x000000a169b00000) (1024K)]
  0x000001bcdced7a00 JavaThread "Unconstrained build operations Thread 20"        [_thread_blocked, id=21016, stack(0x000000a169b00000,0x000000a169c00000) (1024K)]
  0x000001bcdced8090 JavaThread "Unconstrained build operations Thread 21"        [_thread_blocked, id=20536, stack(0x000000a169c00000,0x000000a169d00000) (1024K)]
  0x000001bcdced6ce0 JavaThread "jar transforms Thread 6"           [_thread_blocked, id=13700, stack(0x000000a169d00000,0x000000a169e00000) (1024K)]
  0x000001bcdced52a0 JavaThread "jar transforms Thread 7"           [_thread_blocked, id=7500, stack(0x000000a169e00000,0x000000a169f00000) (1024K)]
  0x000001bce114ff00 JavaThread "jar transforms Thread 8"           [_thread_blocked, id=15320, stack(0x000000a169f00000,0x000000a16a000000) (1024K)]
  0x000001bce114d7a0 JavaThread "Unconstrained build operations Thread 22"        [_thread_blocked, id=12940, stack(0x000000a16a000000,0x000000a16a100000) (1024K)]
  0x000001bce11512b0 JavaThread "Unconstrained build operations Thread 23"        [_thread_blocked, id=3960, stack(0x000000a16a100000,0x000000a16a200000) (1024K)]
  0x000001bce114de30 JavaThread "Unconstrained build operations Thread 24"        [_thread_blocked, id=4756, stack(0x000000a16a200000,0x000000a16a300000) (1024K)]
  0x000001bce1151940 JavaThread "Unconstrained build operations Thread 25"        [_thread_blocked, id=7948, stack(0x000000a16a300000,0x000000a16a400000) (1024K)]
  0x000001bce114e4c0 JavaThread "Unconstrained build operations Thread 26"        [_thread_blocked, id=23620, stack(0x000000a16a400000,0x000000a16a500000) (1024K)]
  0x000001bce1151fd0 JavaThread "Unconstrained build operations Thread 27"        [_thread_blocked, id=19712, stack(0x000000a16a500000,0x000000a16a600000) (1024K)]
  0x000001bce114f1e0 JavaThread "Unconstrained build operations Thread 28"        [_thread_blocked, id=25420, stack(0x000000a16a600000,0x000000a16a700000) (1024K)]
  0x000001bce114eb50 JavaThread "Unconstrained build operations Thread 29"        [_thread_blocked, id=14220, stack(0x000000a16a700000,0x000000a16a800000) (1024K)]
  0x000001bce1153380 JavaThread "Unconstrained build operations Thread 30"        [_thread_blocked, id=324, stack(0x000000a16a800000,0x000000a16a900000) (1024K)]
  0x000001bce1152660 JavaThread "Unconstrained build operations Thread 31"        [_thread_blocked, id=15776, stack(0x000000a16a900000,0x000000a16aa00000) (1024K)]
  0x000001bce1152cf0 JavaThread "Unconstrained build operations Thread 32"        [_thread_blocked, id=19964, stack(0x000000a16aa00000,0x000000a16ab00000) (1024K)]
  0x000001bce11540a0 JavaThread "Unconstrained build operations Thread 33"        [_thread_blocked, id=2712, stack(0x000000a16ab00000,0x000000a16ac00000) (1024K)]
  0x000001bce1153a10 JavaThread "Unconstrained build operations Thread 34"        [_thread_blocked, id=24476, stack(0x000000a16ac00000,0x000000a16ad00000) (1024K)]
  0x000001bce1154730 JavaThread "Unconstrained build operations Thread 35"        [_thread_blocked, id=17484, stack(0x000000a16ad00000,0x000000a16ae00000) (1024K)]
  0x000001bce1154dc0 JavaThread "Unconstrained build operations Thread 36"        [_thread_blocked, id=8808, stack(0x000000a16ae00000,0x000000a16af00000) (1024K)]
  0x000001bcdd9a1950 JavaThread "Unconstrained build operations Thread 37"        [_thread_blocked, id=5164, stack(0x000000a16af00000,0x000000a16b000000) (1024K)]
  0x000001bcdd9a1fe0 JavaThread "Unconstrained build operations Thread 38"        [_thread_blocked, id=17064, stack(0x000000a16b000000,0x000000a16b100000) (1024K)]
  0x000001bcdd9a12c0 JavaThread "Unconstrained build operations Thread 39"        [_thread_blocked, id=11784, stack(0x000000a16b100000,0x000000a16b200000) (1024K)]
  0x000001bcdd9a2d00 JavaThread "Unconstrained build operations Thread 40"        [_thread_blocked, id=14100, stack(0x000000a16b200000,0x000000a16b300000) (1024K)]
  0x000001bcdd9a5460 JavaThread "Unconstrained build operations Thread 41"        [_thread_blocked, id=9324, stack(0x000000a16b300000,0x000000a16b400000) (1024K)]
  0x000001bcdd9a4740 JavaThread "Unconstrained build operations Thread 42"        [_thread_blocked, id=19348, stack(0x000000a16b400000,0x000000a16b500000) (1024K)]
  0x000001bcdd9a6180 JavaThread "Unconstrained build operations Thread 43"        [_thread_blocked, id=24808, stack(0x000000a16b500000,0x000000a16b600000) (1024K)]
  0x000001bcdd9a3a20 JavaThread "Unconstrained build operations Thread 44"        [_thread_blocked, id=25344, stack(0x000000a16b600000,0x000000a16b700000) (1024K)]
  0x000001bcdd9a6810 JavaThread "Unconstrained build operations Thread 45"        [_thread_blocked, id=10332, stack(0x000000a16b700000,0x000000a16b800000) (1024K)]
  0x000001bcdd9a3390 JavaThread "Unconstrained build operations Thread 46"        [_thread_blocked, id=13264, stack(0x000000a16b800000,0x000000a16b900000) (1024K)]
  0x000001bcdd9a6ea0 JavaThread "Unconstrained build operations Thread 47"        [_thread_blocked, id=10604, stack(0x000000a16b900000,0x000000a16ba00000) (1024K)]
  0x000001bcdd9a40b0 JavaThread "Unconstrained build operations Thread 48"        [_thread_blocked, id=7272, stack(0x000000a16ba00000,0x000000a16bb00000) (1024K)]
  0x000001bcdd9a7bc0 JavaThread "Unconstrained build operations Thread 49"        [_thread_blocked, id=16816, stack(0x000000a16bb00000,0x000000a16bc00000) (1024K)]
  0x000001bcdd9a7530 JavaThread "Unconstrained build operations Thread 50"        [_thread_blocked, id=22160, stack(0x000000a16bc00000,0x000000a16bd00000) (1024K)]
  0x000001bcdd9a8250 JavaThread "Unconstrained build operations Thread 51"        [_thread_blocked, id=20320, stack(0x000000a16bd00000,0x000000a16be00000) (1024K)]
  0x000001bcdc1a0da0 JavaThread "build event listener"              [_thread_blocked, id=18452, stack(0x000000a166400000,0x000000a166500000) (1024K)]
  0x000001bcdc19f9f0 JavaThread "Memory manager"                    [_thread_blocked, id=23888, stack(0x000000a167a00000,0x000000a167b00000) (1024K)]
  0x000001bcdc19e640 JavaThread "build event listener"              [_thread_blocked, id=24520, stack(0x000000a16bf00000,0x000000a16c000000) (1024K)]
  0x000001bcdc86f710 JavaThread "included builds"                   [_thread_blocked, id=12116, stack(0x000000a16c000000,0x000000a16c100000) (1024K)]
  0x000001bcdc870430 JavaThread "Execution worker"                  [_thread_blocked, id=7708, stack(0x000000a16c100000,0x000000a16c200000) (1024K)]
  0x000001bcdc870ac0 JavaThread "Execution worker Thread 2"         [_thread_blocked, id=1572, stack(0x000000a16c200000,0x000000a16c300000) (1024K)]
  0x000001bcdc86fda0 JavaThread "Execution worker Thread 3"         [_thread_blocked, id=20084, stack(0x000000a16c300000,0x000000a16c400000) (1024K)]
  0x000001bcdc86dcd0 JavaThread "Execution worker Thread 4"         [_thread_blocked, id=24912, stack(0x000000a16c400000,0x000000a16c500000) (1024K)]
  0x000001bcdc871150 JavaThread "Execution worker Thread 5"         [_thread_blocked, id=17232, stack(0x000000a16c500000,0x000000a16c600000) (1024K)]
  0x000001bcdc873f40 JavaThread "Execution worker Thread 6"         [_thread_blocked, id=24984, stack(0x000000a16c600000,0x000000a16c700000) (1024K)]
  0x000001bcdc872b90 JavaThread "Execution worker Thread 7"         [_thread_blocked, id=5076, stack(0x000000a16c700000,0x000000a16c800000) (1024K)]
  0x000001bcdc873220 JavaThread "Cache worker for execution history cache (C:\Users\Albaheth\AndroidStudioProjects\Maktaba\.gradle\9.1.0\executionHistory)"        [_thread_blocked, id=16444, stack(0x000000a16c800000,0x000000a16c900000) (1024K)]
  0x000001bce203b1c0 JavaThread "Unconstrained build operations Thread 52"        [_thread_blocked, id=23224, stack(0x000000a16c900000,0x000000a16ca00000) (1024K)]
  0x000001bce2039e10 JavaThread "Unconstrained build operations Thread 53"        [_thread_blocked, id=13564, stack(0x000000a16ca00000,0x000000a16cb00000) (1024K)]
  0x000001bce203bee0 JavaThread "Unconstrained build operations Thread 54"        [_thread_blocked, id=4848, stack(0x000000a16cb00000,0x000000a16cc00000) (1024K)]
  0x000001bce203b850 JavaThread "Unconstrained build operations Thread 55"        [_thread_blocked, id=21592, stack(0x000000a16cc00000,0x000000a16cd00000) (1024K)]
  0x000001bce20390f0 JavaThread "Unconstrained build operations Thread 56"        [_thread_blocked, id=19416, stack(0x000000a16cd00000,0x000000a16ce00000) (1024K)]
  0x000001bce2038a60 JavaThread "Unconstrained build operations Thread 57"        [_thread_blocked, id=4564, stack(0x000000a16ce00000,0x000000a16cf00000) (1024K)]
  0x000001bce203c570 JavaThread "Unconstrained build operations Thread 58"        [_thread_blocked, id=17368, stack(0x000000a16cf00000,0x000000a16d000000) (1024K)]
  0x000001bcdd9a2670 JavaThread "Unconstrained build operations Thread 59"        [_thread_blocked, id=14400, stack(0x000000a16d000000,0x000000a16d100000) (1024K)]
  0x000001bce03af070 JavaThread "Unconstrained build operations Thread 60"        [_thread_blocked, id=23076, stack(0x000000a16d100000,0x000000a16d200000) (1024K)]
  0x000001bce03b0ab0 JavaThread "Unconstrained build operations Thread 61"        [_thread_blocked, id=8276, stack(0x000000a16d200000,0x000000a16d300000) (1024K)]
  0x000001bce03ae9e0 JavaThread "Unconstrained build operations Thread 62"        [_thread_blocked, id=17608, stack(0x000000a16d300000,0x000000a16d400000) (1024K)]
  0x000001bce03afd90 JavaThread "Unconstrained build operations Thread 63"        [_thread_blocked, id=21544, stack(0x000000a16d400000,0x000000a16d500000) (1024K)]
  0x000001bce03b24f0 JavaThread "Unconstrained build operations Thread 64"        [_thread_blocked, id=8332, stack(0x000000a16d500000,0x000000a16d600000) (1024K)]
  0x000001bce03af700 JavaThread "Unconstrained build operations Thread 65"        [_thread_blocked, id=16044, stack(0x000000a16d600000,0x000000a16d700000) (1024K)]
  0x000001bce03b2b80 JavaThread "Unconstrained build operations Thread 66"        [_thread_blocked, id=17052, stack(0x000000a16d700000,0x000000a16d800000) (1024K)]
  0x000001bce03b0420 JavaThread "Unconstrained build operations Thread 67"        [_thread_blocked, id=20436, stack(0x000000a16d800000,0x000000a16d900000) (1024K)]
  0x000001bce03b1e60 JavaThread "Unconstrained build operations Thread 68"        [_thread_blocked, id=24116, stack(0x000000a16d900000,0x000000a16da00000) (1024K)]
  0x000001bce03b3f30 JavaThread "Unconstrained build operations Thread 69"        [_thread_blocked, id=19272, stack(0x000000a16da00000,0x000000a16db00000) (1024K)]
  0x000001bce03b45c0 JavaThread "Unconstrained build operations Thread 70"        [_thread_blocked, id=20296, stack(0x000000a16db00000,0x000000a16dc00000) (1024K)]
  0x000001bce03b1140 JavaThread "Unconstrained build operations Thread 71"        [_thread_blocked, id=17464, stack(0x000000a16dc00000,0x000000a16dd00000) (1024K)]
  0x000001bce03b4c50 JavaThread "Unconstrained build operations Thread 72"        [_thread_blocked, id=3856, stack(0x000000a16dd00000,0x000000a16de00000) (1024K)]
  0x000001bce03b17d0 JavaThread "Unconstrained build operations Thread 73"        [_thread_blocked, id=10680, stack(0x000000a16de00000,0x000000a16df00000) (1024K)]
  0x000001bce03b52e0 JavaThread "Unconstrained build operations Thread 74"        [_thread_blocked, id=7548, stack(0x000000a16df00000,0x000000a16e000000) (1024K)]
  0x000001bce03b5970 JavaThread "Unconstrained build operations Thread 75"        [_thread_blocked, id=23600, stack(0x000000a16e000000,0x000000a16e100000) (1024K)]
  0x000001bce03b6000 JavaThread "Unconstrained build operations Thread 76"        [_thread_blocked, id=22176, stack(0x000000a16e100000,0x000000a16e200000) (1024K)]
  0x000001bce203d290 JavaThread "Unconstrained build operations Thread 77"        [_thread_blocked, id=9068, stack(0x000000a16e200000,0x000000a16e300000) (1024K)]
  0x000001bce203a4a0 JavaThread "Unconstrained build operations Thread 78"        [_thread_blocked, id=14732, stack(0x000000a16e300000,0x000000a16e400000) (1024K)]
  0x000001bce203ecd0 JavaThread "Unconstrained build operations Thread 79"        [_thread_blocked, id=7700, stack(0x000000a16e400000,0x000000a16e500000) (1024K)]
  0x000001bce203dfb0 JavaThread "Unconstrained build operations Thread 80"        [_thread_blocked, id=8156, stack(0x000000a16e500000,0x000000a16e600000) (1024K)]
  0x000001bcdd461f60 JavaThread "C2 CompilerThread1"         daemon [_thread_blocked, id=23372, stack(0x000000a16be00000,0x000000a16bf00000) (1024K)]
Total: 133

Other Threads:
=>0x000001bcd65d0450 VMThread "VM Thread"                           [id=17872, stack(0x000000a165900000,0x000000a165a00000) (1024K)]
  0x000001bcd6406b60 WatcherThread "VM Periodic Task Thread"        [id=1616, stack(0x000000a165800000,0x000000a165900000) (1024K)]
  0x000001bcbedc5040 WorkerThread "GC Thread#0"                     [id=19600, stack(0x000000a165300000,0x000000a165400000) (1024K)]
  0x000001bcdb5c9d30 WorkerThread "GC Thread#1"                     [id=9544, stack(0x000000a166500000,0x000000a166600000) (1024K)]
  0x000001bcdb5ca0d0 WorkerThread "GC Thread#2"                     [id=24716, stack(0x000000a166600000,0x000000a166700000) (1024K)]
  0x000001bcdbe4c1e0 WorkerThread "GC Thread#3"                     [id=14660, stack(0x000000a166800000,0x000000a166900000) (1024K)]
  0x000001bcdbe4afc0 WorkerThread "GC Thread#4"                     [id=20360, stack(0x000000a166900000,0x000000a166a00000) (1024K)]
  0x000001bcdbe4b700 WorkerThread "GC Thread#5"                     [id=13752, stack(0x000000a167300000,0x000000a167400000) (1024K)]
  0x000001bcdbe4be40 WorkerThread "GC Thread#6"                     [id=20348, stack(0x000000a167400000,0x000000a167500000) (1024K)]
  0x000001bcdd22fa00 WorkerThread "GC Thread#7"                     [id=16556, stack(0x000000a167500000,0x000000a167600000) (1024K)]
  0x000001bcbedd5f30 ConcurrentGCThread "G1 Main Marker"            [id=19136, stack(0x000000a165400000,0x000000a165500000) (1024K)]
  0x000001bcbedd7780 WorkerThread "G1 Conc#0"                       [id=17192, stack(0x000000a165500000,0x000000a165600000) (1024K)]
  0x000001bcdd22f2c0 WorkerThread "G1 Conc#1"                       [id=14288, stack(0x000000a167600000,0x000000a167700000) (1024K)]
  0x000001bcbee2e880 ConcurrentGCThread "G1 Refine#0"               [id=25032, stack(0x000000a165600000,0x000000a165700000) (1024K)]
  0x000001bcd62db530 ConcurrentGCThread "G1 Service"                [id=19828, stack(0x000000a165700000,0x000000a165800000) (1024K)]
Total: 15

Threads with active compile tasks:
C2 CompilerThread1  28764 14650   !   4       java.nio.file.Files::walkFileTree (297 bytes)
Total: 1

VM state: at safepoint (normal execution)

VM Mutex/Monitor currently owned by a thread:  ([mutex/lock_event])
[0x00007ffb3bcc8690] Threads_lock - owner thread: 0x000001bcd65d0450
[0x00007ffb3bcc8790] Heap_lock - owner thread: 0x000001bcdced1100

Heap address: 0x0000000080000000, size: 2048 MB, Compressed Oops mode: 32-bit

CDS archive(s) not mapped
Compressed class space mapped at: 0x0000000100000000-0x0000000140000000, reserved size: 1073741824
Narrow klass base: 0x0000000000000000, Narrow klass shift: 3, Narrow klass range: 0x140000000

GC Precious Log:
 CardTable entry size: 512
 Card Set container configuration: InlinePtr #cards 5 size 8 Array Of Cards #cards 12 size 40 Howl #buckets 4 coarsen threshold 1843 Howl Bitmap #cards 512 size 80 coarsen threshold 460 Card regions per heap region 1 cards per card region 2048
 CPUs: 8 total, 8 available
 Memory: 7970M
 Large Page Support: Disabled
 NUMA Support: Disabled
 Compressed Oops: Enabled (32-bit)
 Heap Region Size: 1M
 Heap Min Capacity: 8M
 Heap Initial Capacity: 126M
 Heap Max Capacity: 2G
 Pre-touch: Disabled
 Parallel Workers: 8
 Concurrent Workers: 2
 Concurrent Refinement Workers: 8
 Periodic GC: Disabled

Heap:
 garbage-first heap   total 584704K, used 139080K [0x0000000080000000, 0x0000000100000000)
  region size 1024K, 19 young (19456K), 19 survivors (19456K)
 Metaspace       used 114830K, committed 117248K, reserved 1179648K
  class space    used 16361K, committed 17536K, reserved 1048576K

Heap Regions: E=young(eden), S=young(survivor), O=old, HS=humongous(starts), HC=humongous(continues), CS=collection set, F=free, TAMS=top-at-mark-start, PB=parsable bottom
|   0|0x0000000080000000, 0x0000000080100000, 0x0000000080100000|100%|HS|  |TAMS 0x0000000080000000| PB 0x0000000080000000| Complete 
|   1|0x0000000080100000, 0x0000000080200000, 0x0000000080200000|100%|HC|  |TAMS 0x0000000080100000| PB 0x0000000080100000| Complete 
|   2|0x0000000080200000, 0x0000000080300000, 0x0000000080300000|100%|HC|  |TAMS 0x0000000080200000| PB 0x0000000080200000| Complete 
|   3|0x0000000080300000, 0x0000000080400000, 0x0000000080400000|100%| O|  |TAMS 0x0000000080300000| PB 0x0000000080300000| Untracked 
|   4|0x0000000080400000, 0x0000000080500000, 0x0000000080500000|100%| O|  |TAMS 0x0000000080400000| PB 0x0000000080400000| Untracked 
|   5|0x0000000080500000, 0x0000000080600000, 0x0000000080600000|100%|HS|  |TAMS 0x0000000080500000| PB 0x0000000080500000| Complete 
|   6|0x0000000080600000, 0x0000000080700000, 0x0000000080700000|100%| O|  |TAMS 0x0000000080600000| PB 0x0000000080600000| Untracked 
|   7|0x0000000080700000, 0x0000000080800000, 0x0000000080800000|100%| O|  |TAMS 0x0000000080700000| PB 0x0000000080700000| Untracked 
|   8|0x0000000080800000, 0x0000000080900000, 0x0000000080900000|100%| O|  |TAMS 0x0000000080800000| PB 0x0000000080800000| Untracked 
|   9|0x0000000080900000, 0x0000000080a00000, 0x0000000080a00000|100%| O|  |TAMS 0x0000000080900000| PB 0x0000000080900000| Untracked 
|  10|0x0000000080a00000, 0x0000000080b00000, 0x0000000080b00000|100%| O|  |TAMS 0x0000000080a00000| PB 0x0000000080a00000| Untracked 
|  11|0x0000000080b00000, 0x0000000080c00000, 0x0000000080c00000|100%| O|  |TAMS 0x0000000080b00000| PB 0x0000000080b00000| Untracked 
|  12|0x0000000080c00000, 0x0000000080d00000, 0x0000000080d00000|100%| O|  |TAMS 0x0000000080c00000| PB 0x0000000080c00000| Untracked 
|  13|0x0000000080d00000, 0x0000000080e00000, 0x0000000080e00000|100%| O|  |TAMS 0x0000000080d00000| PB 0x0000000080d00000| Untracked 
|  14|0x0000000080e00000, 0x0000000080f00000, 0x0000000080f00000|100%| O|  |TAMS 0x0000000080e00000| PB 0x0000000080e00000| Untracked 
|  15|0x0000000080f00000, 0x0000000081000000, 0x0000000081000000|100%| O|  |TAMS 0x0000000080f00000| PB 0x0000000080f00000| Untracked 
|  16|0x0000000081000000, 0x0000000081100000, 0x0000000081100000|100%| O|  |TAMS 0x0000000081000000| PB 0x0000000081000000| Untracked 
|  17|0x0000000081100000, 0x0000000081200000, 0x0000000081200000|100%| O|  |TAMS 0x0000000081100000| PB 0x0000000081100000| Untracked 
|  18|0x0000000081200000, 0x0000000081300000, 0x0000000081300000|100%| O|  |TAMS 0x0000000081200000| PB 0x0000000081200000| Untracked 
|  19|0x0000000081300000, 0x0000000081400000, 0x0000000081400000|100%| O|  |TAMS 0x0000000081300000| PB 0x0000000081300000| Untracked 
|  20|0x0000000081400000, 0x0000000081500000, 0x0000000081500000|100%| O|  |TAMS 0x0000000081400000| PB 0x0000000081400000| Untracked 
|  21|0x0000000081500000, 0x0000000081600000, 0x0000000081600000|100%| O|  |TAMS 0x0000000081500000| PB 0x0000000081500000| Untracked 
|  22|0x0000000081600000, 0x0000000081700000, 0x0000000081700000|100%| O|  |TAMS 0x0000000081600000| PB 0x0000000081600000| Untracked 
|  23|0x0000000081700000, 0x0000000081800000, 0x0000000081800000|100%| O|  |TAMS 0x0000000081700000| PB 0x0000000081700000| Untracked 
|  24|0x0000000081800000, 0x0000000081800000, 0x0000000081900000|  0%| F|  |TAMS 0x0000000081800000| PB 0x0000000081800000| Untracked 
|  25|0x0000000081900000, 0x0000000081a00000, 0x0000000081a00000|100%| O|  |TAMS 0x0000000081900000| PB 0x0000000081900000| Untracked 
|  26|0x0000000081a00000, 0x0000000081b00000, 0x0000000081b00000|100%| O|  |TAMS 0x0000000081a00000| PB 0x0000000081a00000| Untracked 
|  27|0x0000000081b00000, 0x0000000081c00000, 0x0000000081c00000|100%| O|  |TAMS 0x0000000081b00000| PB 0x0000000081b00000| Untracked 
|  28|0x0000000081c00000, 0x0000000081d00000, 0x0000000081d00000|100%| O|  |TAMS 0x0000000081c00000| PB 0x0000000081c00000| Untracked 
|  29|0x0000000081d00000, 0x0000000081e00000, 0x0000000081e00000|100%| O|  |TAMS 0x0000000081d00000| PB 0x0000000081d00000| Untracked 
|  30|0x0000000081e00000, 0x0000000081f00000, 0x0000000081f00000|100%|HS|  |TAMS 0x0000000081e00000| PB 0x0000000081e00000| Complete 
|  31|0x0000000081f00000, 0x0000000082000000, 0x0000000082000000|100%|HC|  |TAMS 0x0000000081f00000| PB 0x0000000081f00000| Complete 
|  32|0x0000000082000000, 0x0000000082100000, 0x0000000082100000|100%|HS|  |TAMS 0x0000000082000000| PB 0x0000000082000000| Complete 
|  33|0x0000000082100000, 0x0000000082200000, 0x0000000082200000|100%| O|  |TAMS 0x0000000082100000| PB 0x0000000082100000| Untracked 
|  34|0x0000000082200000, 0x0000000082300000, 0x0000000082300000|100%| O|  |TAMS 0x0000000082200000| PB 0x0000000082200000| Untracked 
|  35|0x0000000082300000, 0x0000000082400000, 0x0000000082400000|100%| O|  |TAMS 0x0000000082300000| PB 0x0000000082300000| Untracked 
|  36|0x0000000082400000, 0x0000000082500000, 0x0000000082500000|100%| O|  |TAMS 0x0000000082400000| PB 0x0000000082400000| Untracked 
|  37|0x0000000082500000, 0x0000000082600000, 0x0000000082600000|100%|HS|  |TAMS 0x0000000082500000| PB 0x0000000082500000| Complete 
|  38|0x0000000082600000, 0x0000000082700000, 0x0000000082700000|100%| O|  |TAMS 0x0000000082600000| PB 0x0000000082600000| Untracked 
|  39|0x0000000082700000, 0x0000000082800000, 0x0000000082800000|100%| O|  |TAMS 0x0000000082700000| PB 0x0000000082700000| Untracked 
|  40|0x0000000082800000, 0x0000000082900000, 0x0000000082900000|100%| O|  |TAMS 0x0000000082800000| PB 0x0000000082800000| Untracked 
|  41|0x0000000082900000, 0x0000000082a00000, 0x0000000082a00000|100%| O|  |TAMS 0x0000000082900000| PB 0x0000000082900000| Untracked 
|  42|0x0000000082a00000, 0x0000000082b00000, 0x0000000082b00000|100%| O|  |TAMS 0x0000000082a00000| PB 0x0000000082a00000| Untracked 
|  43|0x0000000082b00000, 0x0000000082c00000, 0x0000000082c00000|100%| O|  |TAMS 0x0000000082b00000| PB 0x0000000082b00000| Untracked 
|  44|0x0000000082c00000, 0x0000000082d00000, 0x0000000082d00000|100%| O|  |TAMS 0x0000000082c00000| PB 0x0000000082c00000| Untracked 
|  45|0x0000000082d00000, 0x0000000082e00000, 0x0000000082e00000|100%| O|  |TAMS 0x0000000082d00000| PB 0x0000000082d00000| Untracked 
|  46|0x0000000082e00000, 0x0000000082f00000, 0x0000000082f00000|100%| O|  |TAMS 0x0000000082e00000| PB 0x0000000082e00000| Untracked 
|  47|0x0000000082f00000, 0x0000000083000000, 0x0000000083000000|100%| O|  |TAMS 0x0000000082f00000| PB 0x0000000082f00000| Untracked 
|  48|0x0000000083000000, 0x0000000083100000, 0x0000000083100000|100%|HS|  |TAMS 0x0000000083000000| PB 0x0000000083000000| Complete 
|  49|0x0000000083100000, 0x0000000083200000, 0x0000000083200000|100%|HC|  |TAMS 0x0000000083100000| PB 0x0000000083100000| Complete 
|  50|0x0000000083200000, 0x0000000083300000, 0x0000000083300000|100%|HS|  |TAMS 0x0000000083200000| PB 0x0000000083200000| Complete 
|  51|0x0000000083300000, 0x0000000083400000, 0x0000000083400000|100%|HS|  |TAMS 0x0000000083300000| PB 0x0000000083300000| Complete 
|  52|0x0000000083400000, 0x0000000083500000, 0x0000000083500000|100%| O|  |TAMS 0x0000000083400000| PB 0x0000000083400000| Untracked 
|  53|0x0000000083500000, 0x0000000083600000, 0x0000000083600000|100%| O|  |TAMS 0x0000000083500000| PB 0x0000000083500000| Untracked 
|  54|0x0000000083600000, 0x0000000083600000, 0x0000000083700000|  0%| F|  |TAMS 0x0000000083600000| PB 0x0000000083600000| Untracked 
|  55|0x0000000083700000, 0x0000000083800000, 0x0000000083800000|100%| O|  |TAMS 0x0000000083700000| PB 0x0000000083700000| Untracked 
|  56|0x0000000083800000, 0x0000000083900000, 0x0000000083900000|100%| O|  |TAMS 0x0000000083800000| PB 0x0000000083800000| Untracked 
|  57|0x0000000083900000, 0x0000000083a00000, 0x0000000083a00000|100%|HS|  |TAMS 0x0000000083900000| PB 0x0000000083900000| Complete 
|  58|0x0000000083a00000, 0x0000000083b00000, 0x0000000083b00000|100%|HS|  |TAMS 0x0000000083a00000| PB 0x0000000083a00000| Complete 
|  59|0x0000000083b00000, 0x0000000083c00000, 0x0000000083c00000|100%| O|  |TAMS 0x0000000083b00000| PB 0x0000000083b00000| Untracked 
|  60|0x0000000083c00000, 0x0000000083d00000, 0x0000000083d00000|100%| O|  |TAMS 0x0000000083c00000| PB 0x0000000083c00000| Untracked 
|  61|0x0000000083d00000, 0x0000000083e00000, 0x0000000083e00000|100%|HS|  |TAMS 0x0000000083d00000| PB 0x0000000083d00000| Complete 
|  62|0x0000000083e00000, 0x0000000083f00000, 0x0000000083f00000|100%|HC|  |TAMS 0x0000000083e00000| PB 0x0000000083e00000| Complete 
|  63|0x0000000083f00000, 0x0000000084000000, 0x0000000084000000|100%| O|  |TAMS 0x0000000083f00000| PB 0x0000000083f00000| Untracked 
|  64|0x0000000084000000, 0x0000000084100000, 0x0000000084100000|100%| O|  |TAMS 0x0000000084000000| PB 0x0000000084000000| Untracked 
|  65|0x0000000084100000, 0x0000000084200000, 0x0000000084200000|100%| O|  |TAMS 0x0000000084100000| PB 0x0000000084100000| Untracked 
|  66|0x0000000084200000, 0x0000000084300000, 0x0000000084300000|100%| O|  |TAMS 0x0000000084200000| PB 0x0000000084200000| Untracked 
|  67|0x0000000084300000, 0x0000000084400000, 0x0000000084400000|100%|HS|  |TAMS 0x0000000084300000| PB 0x0000000084300000| Complete 
|  68|0x0000000084400000, 0x0000000084500000, 0x0000000084500000|100%| O|  |TAMS 0x0000000084400000| PB 0x0000000084400000| Untracked 
|  69|0x0000000084500000, 0x0000000084600000, 0x0000000084600000|100%| O|  |TAMS 0x0000000084500000| PB 0x0000000084500000| Untracked 
|  70|0x0000000084600000, 0x0000000084700000, 0x0000000084700000|100%| O|  |TAMS 0x0000000084600000| PB 0x0000000084600000| Untracked 
|  71|0x0000000084700000, 0x0000000084800000, 0x0000000084800000|100%| O|  |TAMS 0x0000000084700000| PB 0x0000000084700000| Untracked 
|  72|0x0000000084800000, 0x0000000084900000, 0x0000000084900000|100%| O|  |TAMS 0x0000000084800000| PB 0x0000000084800000| Untracked 
|  73|0x0000000084900000, 0x0000000084a00000, 0x0000000084a00000|100%| O|  |TAMS 0x0000000084900000| PB 0x0000000084900000| Untracked 
|  74|0x0000000084a00000, 0x0000000084b00000, 0x0000000084b00000|100%| O|  |TAMS 0x0000000084a00000| PB 0x0000000084a00000| Untracked 
|  75|0x0000000084b00000, 0x0000000084c00000, 0x0000000084c00000|100%| O|  |TAMS 0x0000000084b00000| PB 0x0000000084b00000| Untracked 
|  76|0x0000000084c00000, 0x0000000084d00000, 0x0000000084d00000|100%| O|  |TAMS 0x0000000084c00000| PB 0x0000000084c00000| Untracked 
|  77|0x0000000084d00000, 0x0000000084e00000, 0x0000000084e00000|100%| O|  |TAMS 0x0000000084d00000| PB 0x0000000084d00000| Untracked 
|  78|0x0000000084e00000, 0x0000000084f00000, 0x0000000084f00000|100%| O|  |TAMS 0x0000000084e00000| PB 0x0000000084e00000| Untracked 
|  79|0x0000000084f00000, 0x0000000085000000, 0x0000000085000000|100%| O|  |TAMS 0x0000000084f00000| PB 0x0000000084f00000| Untracked 
|  80|0x0000000085000000, 0x0000000085100000, 0x0000000085100000|100%| O|  |TAMS 0x0000000085000000| PB 0x0000000085000000| Untracked 
|  81|0x0000000085100000, 0x0000000085200000, 0x0000000085200000|100%| O|  |TAMS 0x0000000085100000| PB 0x0000000085100000| Untracked 
|  82|0x0000000085200000, 0x0000000085300000, 0x0000000085300000|100%| O|  |TAMS 0x0000000085200000| PB 0x0000000085200000| Untracked 
|  83|0x0000000085300000, 0x0000000085400000, 0x0000000085400000|100%| O|  |TAMS 0x0000000085300000| PB 0x0000000085300000| Untracked 
|  84|0x0000000085400000, 0x0000000085500000, 0x0000000085500000|100%| O|  |TAMS 0x0000000085400000| PB 0x0000000085400000| Untracked 
|  85|0x0000000085500000, 0x0000000085600000, 0x0000000085600000|100%| O|  |TAMS 0x0000000085500000| PB 0x0000000085500000| Untracked 
|  86|0x0000000085600000, 0x0000000085600000, 0x0000000085700000|  0%| F|  |TAMS 0x0000000085600000| PB 0x0000000085600000| Untracked 
|  87|0x0000000085700000, 0x0000000085800000, 0x0000000085800000|100%| O|  |TAMS 0x0000000085700000| PB 0x0000000085700000| Untracked 
|  88|0x0000000085800000, 0x0000000085900000, 0x0000000085900000|100%| O|  |TAMS 0x0000000085800000| PB 0x0000000085800000| Untracked 
|  89|0x0000000085900000, 0x0000000085a00000, 0x0000000085a00000|100%| O|  |TAMS 0x0000000085900000| PB 0x0000000085900000| Untracked 
|  90|0x0000000085a00000, 0x0000000085b00000, 0x0000000085b00000|100%| O|  |TAMS 0x0000000085a00000| PB 0x0000000085a00000| Untracked 
|  91|0x0000000085b00000, 0x0000000085c00000, 0x0000000085c00000|100%| O|  |TAMS 0x0000000085b00000| PB 0x0000000085b00000| Untracked 
|  92|0x0000000085c00000, 0x0000000085d00000, 0x0000000085d00000|100%| O|  |TAMS 0x0000000085c00000| PB 0x0000000085c00000| Untracked 
|  93|0x0000000085d00000, 0x0000000085e00000, 0x0000000085e00000|100%| O|  |TAMS 0x0000000085d00000| PB 0x0000000085d00000| Untracked 
|  94|0x0000000085e00000, 0x0000000085f00000, 0x0000000085f00000|100%| O|  |TAMS 0x0000000085e00000| PB 0x0000000085e00000| Untracked 
|  95|0x0000000085f00000, 0x0000000086000000, 0x0000000086000000|100%| O|  |TAMS 0x0000000085f00000| PB 0x0000000085f00000| Untracked 
|  96|0x0000000086000000, 0x0000000086100000, 0x0000000086100000|100%| O|  |TAMS 0x0000000086000000| PB 0x0000000086000000| Untracked 
|  97|0x0000000086100000, 0x0000000086200000, 0x0000000086200000|100%| O|  |TAMS 0x0000000086100000| PB 0x0000000086100000| Untracked 
|  98|0x0000000086200000, 0x0000000086300000, 0x0000000086300000|100%| O|  |TAMS 0x0000000086200000| PB 0x0000000086200000| Untracked 
|  99|0x0000000086300000, 0x0000000086400000, 0x0000000086400000|100%| O|  |TAMS 0x0000000086300000| PB 0x0000000086300000| Untracked 
| 100|0x0000000086400000, 0x0000000086500000, 0x0000000086500000|100%| O|  |TAMS 0x0000000086400000| PB 0x0000000086400000| Untracked 
| 101|0x0000000086500000, 0x0000000086600000, 0x0000000086600000|100%| O|  |TAMS 0x0000000086500000| PB 0x0000000086500000| Untracked 
| 102|0x0000000086600000, 0x0000000086700000, 0x0000000086700000|100%| O|  |TAMS 0x0000000086600000| PB 0x0000000086600000| Untracked 
| 103|0x0000000086700000, 0x0000000086800000, 0x0000000086800000|100%| O|  |TAMS 0x0000000086700000| PB 0x0000000086700000| Untracked 
| 104|0x0000000086800000, 0x0000000086900000, 0x0000000086900000|100%| O|  |TAMS 0x0000000086800000| PB 0x0000000086800000| Untracked 
| 105|0x0000000086900000, 0x0000000086a00000, 0x0000000086a00000|100%| O|  |TAMS 0x0000000086900000| PB 0x0000000086900000| Untracked 
| 106|0x0000000086a00000, 0x0000000086b00000, 0x0000000086b00000|100%| O|  |TAMS 0x0000000086a00000| PB 0x0000000086a00000| Untracked 
| 107|0x0000000086b00000, 0x0000000086c00000, 0x0000000086c00000|100%| O|  |TAMS 0x0000000086b00000| PB 0x0000000086b00000| Untracked 
| 108|0x0000000086c00000, 0x0000000086d00000, 0x0000000086d00000|100%| O|  |TAMS 0x0000000086c00000| PB 0x0000000086c00000| Untracked 
| 109|0x0000000086d00000, 0x0000000086e00000, 0x0000000086e00000|100%| O|  |TAMS 0x0000000086d00000| PB 0x0000000086d00000| Untracked 
| 110|0x0000000086e00000, 0x0000000086f00000, 0x0000000086f00000|100%| O|  |TAMS 0x0000000086e00000| PB 0x0000000086e00000| Untracked 
| 111|0x0000000086f00000, 0x0000000087000000, 0x0000000087000000|100%| O|  |TAMS 0x0000000086f00000| PB 0x0000000086f00000| Untracked 
| 112|0x0000000087000000, 0x0000000087100000, 0x0000000087100000|100%| O|  |TAMS 0x0000000087000000| PB 0x0000000087000000| Untracked 
| 113|0x0000000087100000, 0x0000000087169a80, 0x0000000087200000| 41%| O|  |TAMS 0x0000000087100000| PB 0x0000000087100000| Untracked 
| 114|0x0000000087200000, 0x0000000087200000, 0x0000000087300000|  0%| F|  |TAMS 0x0000000087200000| PB 0x0000000087200000| Untracked 
| 115|0x0000000087300000, 0x0000000087300000, 0x0000000087400000|  0%| F|  |TAMS 0x0000000087300000| PB 0x0000000087300000| Untracked 
| 116|0x0000000087400000, 0x0000000087400000, 0x0000000087500000|  0%| F|  |TAMS 0x0000000087400000| PB 0x0000000087400000| Untracked 
| 117|0x0000000087500000, 0x0000000087500000, 0x0000000087600000|  0%| F|  |TAMS 0x0000000087500000| PB 0x0000000087500000| Untracked 
| 118|0x0000000087600000, 0x0000000087600000, 0x0000000087700000|  0%| F|  |TAMS 0x0000000087600000| PB 0x0000000087600000| Untracked 
| 119|0x0000000087700000, 0x0000000087700000, 0x0000000087800000|  0%| F|  |TAMS 0x0000000087700000| PB 0x0000000087700000| Untracked 
| 120|0x0000000087800000, 0x0000000087800000, 0x0000000087900000|  0%| F|  |TAMS 0x0000000087800000| PB 0x0000000087800000| Untracked 
| 121|0x0000000087900000, 0x0000000087900000, 0x0000000087a00000|  0%| F|  |TAMS 0x0000000087900000| PB 0x0000000087900000| Untracked 
| 122|0x0000000087a00000, 0x0000000087b00000, 0x0000000087b00000|100%| O|  |TAMS 0x0000000087a00000| PB 0x0000000087a00000| Untracked 
| 123|0x0000000087b00000, 0x0000000087b00000, 0x0000000087c00000|  0%| F|  |TAMS 0x0000000087b00000| PB 0x0000000087b00000| Untracked 
| 124|0x0000000087c00000, 0x0000000087c00000, 0x0000000087d00000|  0%| F|  |TAMS 0x0000000087c00000| PB 0x0000000087c00000| Untracked 
| 125|0x0000000087d00000, 0x0000000087d00000, 0x0000000087e00000|  0%| F|  |TAMS 0x0000000087d00000| PB 0x0000000087d00000| Untracked 
| 126|0x0000000087e00000, 0x0000000087e00000, 0x0000000087f00000|  0%| F|  |TAMS 0x0000000087e00000| PB 0x0000000087e00000| Untracked 
| 127|0x0000000087f00000, 0x0000000087f00000, 0x0000000088000000|  0%| F|  |TAMS 0x0000000087f00000| PB 0x0000000087f00000| Untracked 
| 128|0x0000000088000000, 0x0000000088000000, 0x0000000088100000|  0%| F|  |TAMS 0x0000000088000000| PB 0x0000000088000000| Untracked 
| 129|0x0000000088100000, 0x0000000088100000, 0x0000000088200000|  0%| F|  |TAMS 0x0000000088100000| PB 0x0000000088100000| Untracked 
| 130|0x0000000088200000, 0x0000000088200000, 0x0000000088300000|  0%| F|  |TAMS 0x0000000088200000| PB 0x0000000088200000| Untracked 
| 131|0x0000000088300000, 0x0000000088300000, 0x0000000088400000|  0%| F|  |TAMS 0x0000000088300000| PB 0x0000000088300000| Untracked 
| 132|0x0000000088400000, 0x0000000088400000, 0x0000000088500000|  0%| F|  |TAMS 0x0000000088400000| PB 0x0000000088400000| Untracked 
| 133|0x0000000088500000, 0x0000000088500000, 0x0000000088600000|  0%| F|  |TAMS 0x0000000088500000| PB 0x0000000088500000| Untracked 
| 134|0x0000000088600000, 0x0000000088600000, 0x0000000088700000|  0%| F|  |TAMS 0x0000000088600000| PB 0x0000000088600000| Untracked 
| 135|0x0000000088700000, 0x0000000088700000, 0x0000000088800000|  0%| F|  |TAMS 0x0000000088700000| PB 0x0000000088700000| Untracked 
| 136|0x0000000088800000, 0x0000000088800000, 0x0000000088900000|  0%| F|  |TAMS 0x0000000088800000| PB 0x0000000088800000| Untracked 
| 137|0x0000000088900000, 0x0000000088900000, 0x0000000088a00000|  0%| F|  |TAMS 0x0000000088900000| PB 0x0000000088900000| Untracked 
| 138|0x0000000088a00000, 0x0000000088a00000, 0x0000000088b00000|  0%| F|  |TAMS 0x0000000088a00000| PB 0x0000000088a00000| Untracked 
| 139|0x0000000088b00000, 0x0000000088b00000, 0x0000000088c00000|  0%| F|  |TAMS 0x0000000088b00000| PB 0x0000000088b00000| Untracked 
| 140|0x0000000088c00000, 0x0000000088c00000, 0x0000000088d00000|  0%| F|  |TAMS 0x0000000088c00000| PB 0x0000000088c00000| Untracked 
| 141|0x0000000088d00000, 0x0000000088d00000, 0x0000000088e00000|  0%| F|  |TAMS 0x0000000088d00000| PB 0x0000000088d00000| Untracked 
| 142|0x0000000088e00000, 0x0000000088e00000, 0x0000000088f00000|  0%| F|  |TAMS 0x0000000088e00000| PB 0x0000000088e00000| Untracked 
| 143|0x0000000088f00000, 0x0000000088f00000, 0x0000000089000000|  0%| F|  |TAMS 0x0000000088f00000| PB 0x0000000088f00000| Untracked 
| 144|0x0000000089000000, 0x0000000089000000, 0x0000000089100000|  0%| F|  |TAMS 0x0000000089000000| PB 0x0000000089000000| Untracked 
| 145|0x0000000089100000, 0x0000000089100000, 0x0000000089200000|  0%| F|  |TAMS 0x0000000089100000| PB 0x0000000089100000| Untracked 
| 146|0x0000000089200000, 0x0000000089200000, 0x0000000089300000|  0%| F|  |TAMS 0x0000000089200000| PB 0x0000000089200000| Untracked 
| 147|0x0000000089300000, 0x0000000089300000, 0x0000000089400000|  0%| F|  |TAMS 0x0000000089300000| PB 0x0000000089300000| Untracked 
| 148|0x0000000089400000, 0x0000000089400000, 0x0000000089500000|  0%| F|  |TAMS 0x0000000089400000| PB 0x0000000089400000| Untracked 
| 149|0x0000000089500000, 0x0000000089500000, 0x0000000089600000|  0%| F|  |TAMS 0x0000000089500000| PB 0x0000000089500000| Untracked 
| 150|0x0000000089600000, 0x0000000089600000, 0x0000000089700000|  0%| F|  |TAMS 0x0000000089600000| PB 0x0000000089600000| Untracked 
| 151|0x0000000089700000, 0x0000000089700000, 0x0000000089800000|  0%| F|  |TAMS 0x0000000089700000| PB 0x0000000089700000| Untracked 
| 152|0x0000000089800000, 0x0000000089800000, 0x0000000089900000|  0%| F|  |TAMS 0x0000000089800000| PB 0x0000000089800000| Untracked 
| 153|0x0000000089900000, 0x0000000089968698, 0x0000000089a00000| 40%| S|CS|TAMS 0x0000000089900000| PB 0x0000000089900000| Complete 
| 154|0x0000000089a00000, 0x0000000089b00000, 0x0000000089b00000|100%| S|CS|TAMS 0x0000000089a00000| PB 0x0000000089a00000| Complete 
| 155|0x0000000089b00000, 0x0000000089b00000, 0x0000000089c00000|  0%| F|  |TAMS 0x0000000089b00000| PB 0x0000000089b00000| Untracked 
| 156|0x0000000089c00000, 0x0000000089d00000, 0x0000000089d00000|100%| S|CS|TAMS 0x0000000089c00000| PB 0x0000000089c00000| Complete 
| 157|0x0000000089d00000, 0x0000000089e00000, 0x0000000089e00000|100%| S|CS|TAMS 0x0000000089d00000| PB 0x0000000089d00000| Complete 
| 158|0x0000000089e00000, 0x0000000089f00000, 0x0000000089f00000|100%| S|CS|TAMS 0x0000000089e00000| PB 0x0000000089e00000| Complete 
| 159|0x0000000089f00000, 0x000000008a000000, 0x000000008a000000|100%| S|CS|TAMS 0x0000000089f00000| PB 0x0000000089f00000| Complete 
| 160|0x000000008a000000, 0x000000008a100000, 0x000000008a100000|100%| S|CS|TAMS 0x000000008a000000| PB 0x000000008a000000| Complete 
| 161|0x000000008a100000, 0x000000008a200000, 0x000000008a200000|100%| S|CS|TAMS 0x000000008a100000| PB 0x000000008a100000| Complete 
| 162|0x000000008a200000, 0x000000008a300000, 0x000000008a300000|100%| S|CS|TAMS 0x000000008a200000| PB 0x000000008a200000| Complete 
| 163|0x000000008a300000, 0x000000008a400000, 0x000000008a400000|100%| S|CS|TAMS 0x000000008a300000| PB 0x000000008a300000| Complete 
| 164|0x000000008a400000, 0x000000008a500000, 0x000000008a500000|100%| S|CS|TAMS 0x000000008a400000| PB 0x000000008a400000| Complete 
| 165|0x000000008a500000, 0x000000008a600000, 0x000000008a600000|100%| S|CS|TAMS 0x000000008a500000| PB 0x000000008a500000| Complete 
| 166|0x000000008a600000, 0x000000008a700000, 0x000000008a700000|100%| S|CS|TAMS 0x000000008a600000| PB 0x000000008a600000| Complete 
| 167|0x000000008a700000, 0x000000008a800000, 0x000000008a800000|100%| S|CS|TAMS 0x000000008a700000| PB 0x000000008a700000| Complete 
| 168|0x000000008a800000, 0x000000008a900000, 0x000000008a900000|100%| S|CS|TAMS 0x000000008a800000| PB 0x000000008a800000| Complete 
| 169|0x000000008a900000, 0x000000008aa00000, 0x000000008aa00000|100%| S|CS|TAMS 0x000000008a900000| PB 0x000000008a900000| Complete 
| 170|0x000000008aa00000, 0x000000008ab00000, 0x000000008ab00000|100%| S|CS|TAMS 0x000000008aa00000| PB 0x000000008aa00000| Complete 
| 171|0x000000008ab00000, 0x000000008ac00000, 0x000000008ac00000|100%| S|CS|TAMS 0x000000008ab00000| PB 0x000000008ab00000| Complete 
| 172|0x000000008ac00000, 0x000000008ac00000, 0x000000008ad00000|  0%| F|  |TAMS 0x000000008ac00000| PB 0x000000008ac00000| Untracked 
| 173|0x000000008ad00000, 0x000000008ad00000, 0x000000008ae00000|  0%| F|  |TAMS 0x000000008ad00000| PB 0x000000008ad00000| Untracked 
| 174|0x000000008ae00000, 0x000000008ae00000, 0x000000008af00000|  0%| F|  |TAMS 0x000000008ae00000| PB 0x000000008ae00000| Untracked 
| 175|0x000000008af00000, 0x000000008af00000, 0x000000008b000000|  0%| F|  |TAMS 0x000000008af00000| PB 0x000000008af00000| Untracked 
| 176|0x000000008b000000, 0x000000008b000000, 0x000000008b100000|  0%| F|  |TAMS 0x000000008b000000| PB 0x000000008b000000| Untracked 
| 177|0x000000008b100000, 0x000000008b100000, 0x000000008b200000|  0%| F|  |TAMS 0x000000008b100000| PB 0x000000008b100000| Untracked 
| 178|0x000000008b200000, 0x000000008b200000, 0x000000008b300000|  0%| F|  |TAMS 0x000000008b200000| PB 0x000000008b200000| Untracked 
| 179|0x000000008b300000, 0x000000008b300000, 0x000000008b400000|  0%| F|  |TAMS 0x000000008b300000| PB 0x000000008b300000| Untracked 
| 180|0x000000008b400000, 0x000000008b400000, 0x000000008b500000|  0%| F|  |TAMS 0x000000008b400000| PB 0x000000008b400000| Untracked 
| 181|0x000000008b500000, 0x000000008b500000, 0x000000008b600000|  0%| F|  |TAMS 0x000000008b500000| PB 0x000000008b500000| Untracked 
| 182|0x000000008b600000, 0x000000008b600000, 0x000000008b700000|  0%| F|  |TAMS 0x000000008b600000| PB 0x000000008b600000| Untracked 
| 183|0x000000008b700000, 0x000000008b700000, 0x000000008b800000|  0%| F|  |TAMS 0x000000008b700000| PB 0x000000008b700000| Untracked 
| 184|0x000000008b800000, 0x000000008b800000, 0x000000008b900000|  0%| F|  |TAMS 0x000000008b800000| PB 0x000000008b800000| Untracked 
| 185|0x000000008b900000, 0x000000008b900000, 0x000000008ba00000|  0%| F|  |TAMS 0x000000008b900000| PB 0x000000008b900000| Untracked 
| 186|0x000000008ba00000, 0x000000008ba00000, 0x000000008bb00000|  0%| F|  |TAMS 0x000000008ba00000| PB 0x000000008ba00000| Untracked 
| 187|0x000000008bb00000, 0x000000008bb00000, 0x000000008bc00000|  0%| F|  |TAMS 0x000000008bb00000| PB 0x000000008bb00000| Untracked 
| 188|0x000000008bc00000, 0x000000008bd00000, 0x000000008bd00000|100%| S|CS|TAMS 0x000000008bc00000| PB 0x000000008bc00000| Complete 
| 189|0x000000008bd00000, 0x000000008bd00000, 0x000000008be00000|  0%| F|  |TAMS 0x000000008bd00000| PB 0x000000008bd00000| Untracked 
| 190|0x000000008be00000, 0x000000008be00000, 0x000000008bf00000|  0%| F|  |TAMS 0x000000008be00000| PB 0x000000008be00000| Untracked 
| 191|0x000000008bf00000, 0x000000008bf00000, 0x000000008c000000|  0%| F|  |TAMS 0x000000008bf00000| PB 0x000000008bf00000| Untracked 
| 192|0x000000008c000000, 0x000000008c000000, 0x000000008c100000|  0%| F|  |TAMS 0x000000008c000000| PB 0x000000008c000000| Untracked 
| 193|0x000000008c100000, 0x000000008c100000, 0x000000008c200000|  0%| F|  |TAMS 0x000000008c100000| PB 0x000000008c100000| Untracked 
| 194|0x000000008c200000, 0x000000008c200000, 0x000000008c300000|  0%| F|  |TAMS 0x000000008c200000| PB 0x000000008c200000| Untracked 
| 195|0x000000008c300000, 0x000000008c300000, 0x000000008c400000|  0%| F|  |TAMS 0x000000008c300000| PB 0x000000008c300000| Untracked 
| 196|0x000000008c400000, 0x000000008c400000, 0x000000008c500000|  0%| F|  |TAMS 0x000000008c400000| PB 0x000000008c400000| Untracked 
| 197|0x000000008c500000, 0x000000008c500000, 0x000000008c600000|  0%| F|  |TAMS 0x000000008c500000| PB 0x000000008c500000| Untracked 
| 198|0x000000008c600000, 0x000000008c600000, 0x000000008c700000|  0%| F|  |TAMS 0x000000008c600000| PB 0x000000008c600000| Untracked 
| 199|0x000000008c700000, 0x000000008c700000, 0x000000008c800000|  0%| F|  |TAMS 0x000000008c700000| PB 0x000000008c700000| Untracked 
| 200|0x000000008c800000, 0x000000008c800000, 0x000000008c900000|  0%| F|  |TAMS 0x000000008c800000| PB 0x000000008c800000| Untracked 
| 201|0x000000008c900000, 0x000000008c900000, 0x000000008ca00000|  0%| F|  |TAMS 0x000000008c900000| PB 0x000000008c900000| Untracked 
| 202|0x000000008ca00000, 0x000000008ca00000, 0x000000008cb00000|  0%| F|  |TAMS 0x000000008ca00000| PB 0x000000008ca00000| Untracked 
| 203|0x000000008cb00000, 0x000000008cb00000, 0x000000008cc00000|  0%| F|  |TAMS 0x000000008cb00000| PB 0x000000008cb00000| Untracked 
| 204|0x000000008cc00000, 0x000000008cc00000, 0x000000008cd00000|  0%| F|  |TAMS 0x000000008cc00000| PB 0x000000008cc00000| Untracked 
| 205|0x000000008cd00000, 0x000000008cd00000, 0x000000008ce00000|  0%| F|  |TAMS 0x000000008cd00000| PB 0x000000008cd00000| Untracked 
| 206|0x000000008ce00000, 0x000000008ce00000, 0x000000008cf00000|  0%| F|  |TAMS 0x000000008ce00000| PB 0x000000008ce00000| Untracked 
| 207|0x000000008cf00000, 0x000000008cf00000, 0x000000008d000000|  0%| F|  |TAMS 0x000000008cf00000| PB 0x000000008cf00000| Untracked 
| 208|0x000000008d000000, 0x000000008d000000, 0x000000008d100000|  0%| F|  |TAMS 0x000000008d000000| PB 0x000000008d000000| Untracked 
| 209|0x000000008d100000, 0x000000008d100000, 0x000000008d200000|  0%| F|  |TAMS 0x000000008d100000| PB 0x000000008d100000| Untracked 
| 210|0x000000008d200000, 0x000000008d200000, 0x000000008d300000|  0%| F|  |TAMS 0x000000008d200000| PB 0x000000008d200000| Untracked 
| 211|0x000000008d300000, 0x000000008d300000, 0x000000008d400000|  0%| F|  |TAMS 0x000000008d300000| PB 0x000000008d300000| Untracked 
| 212|0x000000008d400000, 0x000000008d400000, 0x000000008d500000|  0%| F|  |TAMS 0x000000008d400000| PB 0x000000008d400000| Untracked 
| 213|0x000000008d500000, 0x000000008d500000, 0x000000008d600000|  0%| F|  |TAMS 0x000000008d500000| PB 0x000000008d500000| Untracked 
| 214|0x000000008d600000, 0x000000008d600000, 0x000000008d700000|  0%| F|  |TAMS 0x000000008d600000| PB 0x000000008d600000| Untracked 
| 215|0x000000008d700000, 0x000000008d700000, 0x000000008d800000|  0%| F|  |TAMS 0x000000008d700000| PB 0x000000008d700000| Untracked 
| 216|0x000000008d800000, 0x000000008d800000, 0x000000008d900000|  0%| F|  |TAMS 0x000000008d800000| PB 0x000000008d800000| Untracked 
| 217|0x000000008d900000, 0x000000008d900000, 0x000000008da00000|  0%| F|  |TAMS 0x000000008d900000| PB 0x000000008d900000| Untracked 
| 218|0x000000008da00000, 0x000000008da00000, 0x000000008db00000|  0%| F|  |TAMS 0x000000008da00000| PB 0x000000008da00000| Untracked 
| 219|0x000000008db00000, 0x000000008db00000, 0x000000008dc00000|  0%| F|  |TAMS 0x000000008db00000| PB 0x000000008db00000| Untracked 
| 220|0x000000008dc00000, 0x000000008dc00000, 0x000000008dd00000|  0%| F|  |TAMS 0x000000008dc00000| PB 0x000000008dc00000| Untracked 
| 221|0x000000008dd00000, 0x000000008dd00000, 0x000000008de00000|  0%| F|  |TAMS 0x000000008dd00000| PB 0x000000008dd00000| Untracked 
| 222|0x000000008de00000, 0x000000008de00000, 0x000000008df00000|  0%| F|  |TAMS 0x000000008de00000| PB 0x000000008de00000| Untracked 
| 223|0x000000008df00000, 0x000000008df00000, 0x000000008e000000|  0%| F|  |TAMS 0x000000008df00000| PB 0x000000008df00000| Untracked 
| 224|0x000000008e000000, 0x000000008e000000, 0x000000008e100000|  0%| F|  |TAMS 0x000000008e000000| PB 0x000000008e000000| Untracked 
| 225|0x000000008e100000, 0x000000008e100000, 0x000000008e200000|  0%| F|  |TAMS 0x000000008e100000| PB 0x000000008e100000| Untracked 
| 226|0x000000008e200000, 0x000000008e200000, 0x000000008e300000|  0%| F|  |TAMS 0x000000008e200000| PB 0x000000008e200000| Untracked 
| 227|0x000000008e300000, 0x000000008e300000, 0x000000008e400000|  0%| F|  |TAMS 0x000000008e300000| PB 0x000000008e300000| Untracked 
| 228|0x000000008e400000, 0x000000008e400000, 0x000000008e500000|  0%| F|  |TAMS 0x000000008e400000| PB 0x000000008e400000| Untracked 
| 229|0x000000008e500000, 0x000000008e500000, 0x000000008e600000|  0%| F|  |TAMS 0x000000008e500000| PB 0x000000008e500000| Untracked 
| 230|0x000000008e600000, 0x000000008e600000, 0x000000008e700000|  0%| F|  |TAMS 0x000000008e600000| PB 0x000000008e600000| Untracked 
| 231|0x000000008e700000, 0x000000008e700000, 0x000000008e800000|  0%| F|  |TAMS 0x000000008e700000| PB 0x000000008e700000| Untracked 
| 232|0x000000008e800000, 0x000000008e800000, 0x000000008e900000|  0%| F|  |TAMS 0x000000008e800000| PB 0x000000008e800000| Untracked 
| 233|0x000000008e900000, 0x000000008e900000, 0x000000008ea00000|  0%| F|  |TAMS 0x000000008e900000| PB 0x000000008e900000| Untracked 
| 234|0x000000008ea00000, 0x000000008ea00000, 0x000000008eb00000|  0%| F|  |TAMS 0x000000008ea00000| PB 0x000000008ea00000| Untracked 
| 235|0x000000008eb00000, 0x000000008eb00000, 0x000000008ec00000|  0%| F|  |TAMS 0x000000008eb00000| PB 0x000000008eb00000| Untracked 
| 236|0x000000008ec00000, 0x000000008ec00000, 0x000000008ed00000|  0%| F|  |TAMS 0x000000008ec00000| PB 0x000000008ec00000| Untracked 
| 237|0x000000008ed00000, 0x000000008ed00000, 0x000000008ee00000|  0%| F|  |TAMS 0x000000008ed00000| PB 0x000000008ed00000| Untracked 
| 238|0x000000008ee00000, 0x000000008ee00000, 0x000000008ef00000|  0%| F|  |TAMS 0x000000008ee00000| PB 0x000000008ee00000| Untracked 
| 239|0x000000008ef00000, 0x000000008ef00000, 0x000000008f000000|  0%| F|  |TAMS 0x000000008ef00000| PB 0x000000008ef00000| Untracked 
| 240|0x000000008f000000, 0x000000008f000000, 0x000000008f100000|  0%| F|  |TAMS 0x000000008f000000| PB 0x000000008f000000| Untracked 
| 241|0x000000008f100000, 0x000000008f100000, 0x000000008f200000|  0%| F|  |TAMS 0x000000008f100000| PB 0x000000008f100000| Untracked 
| 242|0x000000008f200000, 0x000000008f200000, 0x000000008f300000|  0%| F|  |TAMS 0x000000008f200000| PB 0x000000008f200000| Untracked 
| 243|0x000000008f300000, 0x000000008f300000, 0x000000008f400000|  0%| F|  |TAMS 0x000000008f300000| PB 0x000000008f300000| Untracked 
| 244|0x000000008f400000, 0x000000008f400000, 0x000000008f500000|  0%| F|  |TAMS 0x000000008f400000| PB 0x000000008f400000| Untracked 
| 245|0x000000008f500000, 0x000000008f500000, 0x000000008f600000|  0%| F|  |TAMS 0x000000008f500000| PB 0x000000008f500000| Untracked 
| 246|0x000000008f600000, 0x000000008f600000, 0x000000008f700000|  0%| F|  |TAMS 0x000000008f600000| PB 0x000000008f600000| Untracked 
| 247|0x000000008f700000, 0x000000008f700000, 0x000000008f800000|  0%| F|  |TAMS 0x000000008f700000| PB 0x000000008f700000| Untracked 
| 248|0x000000008f800000, 0x000000008f800000, 0x000000008f900000|  0%| F|  |TAMS 0x000000008f800000| PB 0x000000008f800000| Untracked 
| 249|0x000000008f900000, 0x000000008f900000, 0x000000008fa00000|  0%| F|  |TAMS 0x000000008f900000| PB 0x000000008f900000| Untracked 
| 250|0x000000008fa00000, 0x000000008fa00000, 0x000000008fb00000|  0%| F|  |TAMS 0x000000008fa00000| PB 0x000000008fa00000| Untracked 
| 251|0x000000008fb00000, 0x000000008fb00000, 0x000000008fc00000|  0%| F|  |TAMS 0x000000008fb00000| PB 0x000000008fb00000| Untracked 
| 252|0x000000008fc00000, 0x000000008fc00000, 0x000000008fd00000|  0%| F|  |TAMS 0x000000008fc00000| PB 0x000000008fc00000| Untracked 
| 253|0x000000008fd00000, 0x000000008fd00000, 0x000000008fe00000|  0%| F|  |TAMS 0x000000008fd00000| PB 0x000000008fd00000| Untracked 
| 254|0x000000008fe00000, 0x000000008fe00000, 0x000000008ff00000|  0%| F|  |TAMS 0x000000008fe00000| PB 0x000000008fe00000| Untracked 
| 255|0x000000008ff00000, 0x000000008ff00000, 0x0000000090000000|  0%| F|  |TAMS 0x000000008ff00000| PB 0x000000008ff00000| Untracked 
| 256|0x0000000090000000, 0x0000000090000000, 0x0000000090100000|  0%| F|  |TAMS 0x0000000090000000| PB 0x0000000090000000| Untracked 
| 257|0x0000000090100000, 0x0000000090100000, 0x0000000090200000|  0%| F|  |TAMS 0x0000000090100000| PB 0x0000000090100000| Untracked 
| 258|0x0000000090200000, 0x0000000090200000, 0x0000000090300000|  0%| F|  |TAMS 0x0000000090200000| PB 0x0000000090200000| Untracked 
| 259|0x0000000090300000, 0x0000000090300000, 0x0000000090400000|  0%| F|  |TAMS 0x0000000090300000| PB 0x0000000090300000| Untracked 
| 260|0x0000000090400000, 0x0000000090400000, 0x0000000090500000|  0%| F|  |TAMS 0x0000000090400000| PB 0x0000000090400000| Untracked 
| 261|0x0000000090500000, 0x0000000090500000, 0x0000000090600000|  0%| F|  |TAMS 0x0000000090500000| PB 0x0000000090500000| Untracked 
| 262|0x0000000090600000, 0x0000000090600000, 0x0000000090700000|  0%| F|  |TAMS 0x0000000090600000| PB 0x0000000090600000| Untracked 
| 263|0x0000000090700000, 0x0000000090700000, 0x0000000090800000|  0%| F|  |TAMS 0x0000000090700000| PB 0x0000000090700000| Untracked 
| 264|0x0000000090800000, 0x0000000090800000, 0x0000000090900000|  0%| F|  |TAMS 0x0000000090800000| PB 0x0000000090800000| Untracked 
| 265|0x0000000090900000, 0x0000000090900000, 0x0000000090a00000|  0%| F|  |TAMS 0x0000000090900000| PB 0x0000000090900000| Untracked 
| 266|0x0000000090a00000, 0x0000000090a00000, 0x0000000090b00000|  0%| F|  |TAMS 0x0000000090a00000| PB 0x0000000090a00000| Untracked 
| 267|0x0000000090b00000, 0x0000000090b00000, 0x0000000090c00000|  0%| F|  |TAMS 0x0000000090b00000| PB 0x0000000090b00000| Untracked 
| 268|0x0000000090c00000, 0x0000000090c00000, 0x0000000090d00000|  0%| F|  |TAMS 0x0000000090c00000| PB 0x0000000090c00000| Untracked 
| 269|0x0000000090d00000, 0x0000000090d00000, 0x0000000090e00000|  0%| F|  |TAMS 0x0000000090d00000| PB 0x0000000090d00000| Untracked 
| 270|0x0000000090e00000, 0x0000000090e00000, 0x0000000090f00000|  0%| F|  |TAMS 0x0000000090e00000| PB 0x0000000090e00000| Untracked 
| 271|0x0000000090f00000, 0x0000000090f00000, 0x0000000091000000|  0%| F|  |TAMS 0x0000000090f00000| PB 0x0000000090f00000| Untracked 
| 272|0x0000000091000000, 0x0000000091000000, 0x0000000091100000|  0%| F|  |TAMS 0x0000000091000000| PB 0x0000000091000000| Untracked 
| 273|0x0000000091100000, 0x0000000091100000, 0x0000000091200000|  0%| F|  |TAMS 0x0000000091100000| PB 0x0000000091100000| Untracked 
| 274|0x0000000091200000, 0x0000000091200000, 0x0000000091300000|  0%| F|  |TAMS 0x0000000091200000| PB 0x0000000091200000| Untracked 
| 275|0x0000000091300000, 0x0000000091300000, 0x0000000091400000|  0%| F|  |TAMS 0x0000000091300000| PB 0x0000000091300000| Untracked 
| 276|0x0000000091400000, 0x0000000091400000, 0x0000000091500000|  0%| F|  |TAMS 0x0000000091400000| PB 0x0000000091400000| Untracked 
| 277|0x0000000091500000, 0x0000000091500000, 0x0000000091600000|  0%| F|  |TAMS 0x0000000091500000| PB 0x0000000091500000| Untracked 
| 278|0x0000000091600000, 0x0000000091600000, 0x0000000091700000|  0%| F|  |TAMS 0x0000000091600000| PB 0x0000000091600000| Untracked 
| 279|0x0000000091700000, 0x0000000091700000, 0x0000000091800000|  0%| F|  |TAMS 0x0000000091700000| PB 0x0000000091700000| Untracked 
| 280|0x0000000091800000, 0x0000000091800000, 0x0000000091900000|  0%| F|  |TAMS 0x0000000091800000| PB 0x0000000091800000| Untracked 
| 281|0x0000000091900000, 0x0000000091900000, 0x0000000091a00000|  0%| F|  |TAMS 0x0000000091900000| PB 0x0000000091900000| Untracked 
| 282|0x0000000091a00000, 0x0000000091a00000, 0x0000000091b00000|  0%| F|  |TAMS 0x0000000091a00000| PB 0x0000000091a00000| Untracked 
| 283|0x0000000091b00000, 0x0000000091b00000, 0x0000000091c00000|  0%| F|  |TAMS 0x0000000091b00000| PB 0x0000000091b00000| Untracked 
| 284|0x0000000091c00000, 0x0000000091c00000, 0x0000000091d00000|  0%| F|  |TAMS 0x0000000091c00000| PB 0x0000000091c00000| Untracked 
| 285|0x0000000091d00000, 0x0000000091d00000, 0x0000000091e00000|  0%| F|  |TAMS 0x0000000091d00000| PB 0x0000000091d00000| Untracked 
| 286|0x0000000091e00000, 0x0000000091e00000, 0x0000000091f00000|  0%| F|  |TAMS 0x0000000091e00000| PB 0x0000000091e00000| Untracked 
| 287|0x0000000091f00000, 0x0000000091f00000, 0x0000000092000000|  0%| F|  |TAMS 0x0000000091f00000| PB 0x0000000091f00000| Untracked 
| 288|0x0000000092000000, 0x0000000092000000, 0x0000000092100000|  0%| F|  |TAMS 0x0000000092000000| PB 0x0000000092000000| Untracked 
| 289|0x0000000092100000, 0x0000000092100000, 0x0000000092200000|  0%| F|  |TAMS 0x0000000092100000| PB 0x0000000092100000| Untracked 
| 290|0x0000000092200000, 0x0000000092200000, 0x0000000092300000|  0%| F|  |TAMS 0x0000000092200000| PB 0x0000000092200000| Untracked 
| 291|0x0000000092300000, 0x0000000092300000, 0x0000000092400000|  0%| F|  |TAMS 0x0000000092300000| PB 0x0000000092300000| Untracked 
| 292|0x0000000092400000, 0x0000000092400000, 0x0000000092500000|  0%| F|  |TAMS 0x0000000092400000| PB 0x0000000092400000| Untracked 
| 293|0x0000000092500000, 0x0000000092500000, 0x0000000092600000|  0%| F|  |TAMS 0x0000000092500000| PB 0x0000000092500000| Untracked 
| 294|0x0000000092600000, 0x0000000092600000, 0x0000000092700000|  0%| F|  |TAMS 0x0000000092600000| PB 0x0000000092600000| Untracked 
| 295|0x0000000092700000, 0x0000000092700000, 0x0000000092800000|  0%| F|  |TAMS 0x0000000092700000| PB 0x0000000092700000| Untracked 
| 296|0x0000000092800000, 0x0000000092800000, 0x0000000092900000|  0%| F|  |TAMS 0x0000000092800000| PB 0x0000000092800000| Untracked 
| 297|0x0000000092900000, 0x0000000092900000, 0x0000000092a00000|  0%| F|  |TAMS 0x0000000092900000| PB 0x0000000092900000| Untracked 
| 298|0x0000000092a00000, 0x0000000092a00000, 0x0000000092b00000|  0%| F|  |TAMS 0x0000000092a00000| PB 0x0000000092a00000| Untracked 
| 299|0x0000000092b00000, 0x0000000092b00000, 0x0000000092c00000|  0%| F|  |TAMS 0x0000000092b00000| PB 0x0000000092b00000| Untracked 
| 300|0x0000000092c00000, 0x0000000092c00000, 0x0000000092d00000|  0%| F|  |TAMS 0x0000000092c00000| PB 0x0000000092c00000| Untracked 
| 301|0x0000000092d00000, 0x0000000092d00000, 0x0000000092e00000|  0%| F|  |TAMS 0x0000000092d00000| PB 0x0000000092d00000| Untracked 
| 302|0x0000000092e00000, 0x0000000092e00000, 0x0000000092f00000|  0%| F|  |TAMS 0x0000000092e00000| PB 0x0000000092e00000| Untracked 
| 303|0x0000000092f00000, 0x0000000092f00000, 0x0000000093000000|  0%| F|  |TAMS 0x0000000092f00000| PB 0x0000000092f00000| Untracked 
| 304|0x0000000093000000, 0x0000000093000000, 0x0000000093100000|  0%| F|  |TAMS 0x0000000093000000| PB 0x0000000093000000| Untracked 
| 305|0x0000000093100000, 0x0000000093100000, 0x0000000093200000|  0%| F|  |TAMS 0x0000000093100000| PB 0x0000000093100000| Untracked 
| 306|0x0000000093200000, 0x0000000093200000, 0x0000000093300000|  0%| F|  |TAMS 0x0000000093200000| PB 0x0000000093200000| Untracked 
| 307|0x0000000093300000, 0x0000000093300000, 0x0000000093400000|  0%| F|  |TAMS 0x0000000093300000| PB 0x0000000093300000| Untracked 
| 308|0x0000000093400000, 0x0000000093400000, 0x0000000093500000|  0%| F|  |TAMS 0x0000000093400000| PB 0x0000000093400000| Untracked 
| 309|0x0000000093500000, 0x0000000093500000, 0x0000000093600000|  0%| F|  |TAMS 0x0000000093500000| PB 0x0000000093500000| Untracked 
| 310|0x0000000093600000, 0x0000000093600000, 0x0000000093700000|  0%| F|  |TAMS 0x0000000093600000| PB 0x0000000093600000| Untracked 
| 311|0x0000000093700000, 0x0000000093700000, 0x0000000093800000|  0%| F|  |TAMS 0x0000000093700000| PB 0x0000000093700000| Untracked 
| 312|0x0000000093800000, 0x0000000093800000, 0x0000000093900000|  0%| F|  |TAMS 0x0000000093800000| PB 0x0000000093800000| Untracked 
| 313|0x0000000093900000, 0x0000000093900000, 0x0000000093a00000|  0%| F|  |TAMS 0x0000000093900000| PB 0x0000000093900000| Untracked 
| 314|0x0000000093a00000, 0x0000000093a00000, 0x0000000093b00000|  0%| F|  |TAMS 0x0000000093a00000| PB 0x0000000093a00000| Untracked 
| 315|0x0000000093b00000, 0x0000000093b00000, 0x0000000093c00000|  0%| F|  |TAMS 0x0000000093b00000| PB 0x0000000093b00000| Untracked 
| 316|0x0000000093c00000, 0x0000000093c00000, 0x0000000093d00000|  0%| F|  |TAMS 0x0000000093c00000| PB 0x0000000093c00000| Untracked 
| 317|0x0000000093d00000, 0x0000000093d00000, 0x0000000093e00000|  0%| F|  |TAMS 0x0000000093d00000| PB 0x0000000093d00000| Untracked 
| 318|0x0000000093e00000, 0x0000000093e00000, 0x0000000093f00000|  0%| F|  |TAMS 0x0000000093e00000| PB 0x0000000093e00000| Untracked 
| 319|0x0000000093f00000, 0x0000000093f00000, 0x0000000094000000|  0%| F|  |TAMS 0x0000000093f00000| PB 0x0000000093f00000| Untracked 
| 320|0x0000000094000000, 0x0000000094000000, 0x0000000094100000|  0%| F|  |TAMS 0x0000000094000000| PB 0x0000000094000000| Untracked 
| 321|0x0000000094100000, 0x0000000094100000, 0x0000000094200000|  0%| F|  |TAMS 0x0000000094100000| PB 0x0000000094100000| Untracked 
| 322|0x0000000094200000, 0x0000000094200000, 0x0000000094300000|  0%| F|  |TAMS 0x0000000094200000| PB 0x0000000094200000| Untracked 
| 323|0x0000000094300000, 0x0000000094300000, 0x0000000094400000|  0%| F|  |TAMS 0x0000000094300000| PB 0x0000000094300000| Untracked 
| 324|0x0000000094400000, 0x0000000094400000, 0x0000000094500000|  0%| F|  |TAMS 0x0000000094400000| PB 0x0000000094400000| Untracked 
| 325|0x0000000094500000, 0x0000000094500000, 0x0000000094600000|  0%| F|  |TAMS 0x0000000094500000| PB 0x0000000094500000| Untracked 
| 326|0x0000000094600000, 0x0000000094600000, 0x0000000094700000|  0%| F|  |TAMS 0x0000000094600000| PB 0x0000000094600000| Untracked 
| 327|0x0000000094700000, 0x0000000094700000, 0x0000000094800000|  0%| F|  |TAMS 0x0000000094700000| PB 0x0000000094700000| Untracked 
| 328|0x0000000094800000, 0x0000000094800000, 0x0000000094900000|  0%| F|  |TAMS 0x0000000094800000| PB 0x0000000094800000| Untracked 
| 329|0x0000000094900000, 0x0000000094900000, 0x0000000094a00000|  0%| F|  |TAMS 0x0000000094900000| PB 0x0000000094900000| Untracked 
| 330|0x0000000094a00000, 0x0000000094a00000, 0x0000000094b00000|  0%| F|  |TAMS 0x0000000094a00000| PB 0x0000000094a00000| Untracked 
| 331|0x0000000094b00000, 0x0000000094b00000, 0x0000000094c00000|  0%| F|  |TAMS 0x0000000094b00000| PB 0x0000000094b00000| Untracked 
| 332|0x0000000094c00000, 0x0000000094c00000, 0x0000000094d00000|  0%| F|  |TAMS 0x0000000094c00000| PB 0x0000000094c00000| Untracked 
| 333|0x0000000094d00000, 0x0000000094d00000, 0x0000000094e00000|  0%| F|  |TAMS 0x0000000094d00000| PB 0x0000000094d00000| Untracked 
| 334|0x0000000094e00000, 0x0000000094e00000, 0x0000000094f00000|  0%| F|  |TAMS 0x0000000094e00000| PB 0x0000000094e00000| Untracked 
| 335|0x0000000094f00000, 0x0000000094f00000, 0x0000000095000000|  0%| F|  |TAMS 0x0000000094f00000| PB 0x0000000094f00000| Untracked 
| 336|0x0000000095000000, 0x0000000095000000, 0x0000000095100000|  0%| F|  |TAMS 0x0000000095000000| PB 0x0000000095000000| Untracked 
| 337|0x0000000095100000, 0x0000000095100000, 0x0000000095200000|  0%| F|  |TAMS 0x0000000095100000| PB 0x0000000095100000| Untracked 
| 338|0x0000000095200000, 0x0000000095200000, 0x0000000095300000|  0%| F|  |TAMS 0x0000000095200000| PB 0x0000000095200000| Untracked 
| 339|0x0000000095300000, 0x0000000095300000, 0x0000000095400000|  0%| F|  |TAMS 0x0000000095300000| PB 0x0000000095300000| Untracked 
| 340|0x0000000095400000, 0x0000000095400000, 0x0000000095500000|  0%| F|  |TAMS 0x0000000095400000| PB 0x0000000095400000| Untracked 
| 341|0x0000000095500000, 0x0000000095500000, 0x0000000095600000|  0%| F|  |TAMS 0x0000000095500000| PB 0x0000000095500000| Untracked 
| 342|0x0000000095600000, 0x0000000095600000, 0x0000000095700000|  0%| F|  |TAMS 0x0000000095600000| PB 0x0000000095600000| Untracked 
| 343|0x0000000095700000, 0x0000000095700000, 0x0000000095800000|  0%| F|  |TAMS 0x0000000095700000| PB 0x0000000095700000| Untracked 
| 344|0x0000000095800000, 0x0000000095800000, 0x0000000095900000|  0%| F|  |TAMS 0x0000000095800000| PB 0x0000000095800000| Untracked 
| 345|0x0000000095900000, 0x0000000095900000, 0x0000000095a00000|  0%| F|  |TAMS 0x0000000095900000| PB 0x0000000095900000| Untracked 
| 346|0x0000000095a00000, 0x0000000095a00000, 0x0000000095b00000|  0%| F|  |TAMS 0x0000000095a00000| PB 0x0000000095a00000| Untracked 
| 347|0x0000000095b00000, 0x0000000095b00000, 0x0000000095c00000|  0%| F|  |TAMS 0x0000000095b00000| PB 0x0000000095b00000| Untracked 
| 348|0x0000000095c00000, 0x0000000095c00000, 0x0000000095d00000|  0%| F|  |TAMS 0x0000000095c00000| PB 0x0000000095c00000| Untracked 
| 349|0x0000000095d00000, 0x0000000095d00000, 0x0000000095e00000|  0%| F|  |TAMS 0x0000000095d00000| PB 0x0000000095d00000| Untracked 
| 350|0x0000000095e00000, 0x0000000095e00000, 0x0000000095f00000|  0%| F|  |TAMS 0x0000000095e00000| PB 0x0000000095e00000| Untracked 
| 351|0x0000000095f00000, 0x0000000095f00000, 0x0000000096000000|  0%| F|  |TAMS 0x0000000095f00000| PB 0x0000000095f00000| Untracked 
| 352|0x0000000096000000, 0x0000000096000000, 0x0000000096100000|  0%| F|  |TAMS 0x0000000096000000| PB 0x0000000096000000| Untracked 
| 353|0x0000000096100000, 0x0000000096100000, 0x0000000096200000|  0%| F|  |TAMS 0x0000000096100000| PB 0x0000000096100000| Untracked 
| 354|0x0000000096200000, 0x0000000096200000, 0x0000000096300000|  0%| F|  |TAMS 0x0000000096200000| PB 0x0000000096200000| Untracked 
| 355|0x0000000096300000, 0x0000000096300000, 0x0000000096400000|  0%| F|  |TAMS 0x0000000096300000| PB 0x0000000096300000| Untracked 
| 356|0x0000000096400000, 0x0000000096400000, 0x0000000096500000|  0%| F|  |TAMS 0x0000000096400000| PB 0x0000000096400000| Untracked 
| 357|0x0000000096500000, 0x0000000096500000, 0x0000000096600000|  0%| F|  |TAMS 0x0000000096500000| PB 0x0000000096500000| Untracked 
| 358|0x0000000096600000, 0x0000000096600000, 0x0000000096700000|  0%| F|  |TAMS 0x0000000096600000| PB 0x0000000096600000| Untracked 
| 359|0x0000000096700000, 0x0000000096700000, 0x0000000096800000|  0%| F|  |TAMS 0x0000000096700000| PB 0x0000000096700000| Untracked 
| 360|0x0000000096800000, 0x0000000096800000, 0x0000000096900000|  0%| F|  |TAMS 0x0000000096800000| PB 0x0000000096800000| Untracked 
| 361|0x0000000096900000, 0x0000000096900000, 0x0000000096a00000|  0%| F|  |TAMS 0x0000000096900000| PB 0x0000000096900000| Untracked 
| 362|0x0000000096a00000, 0x0000000096a00000, 0x0000000096b00000|  0%| F|  |TAMS 0x0000000096a00000| PB 0x0000000096a00000| Untracked 
| 363|0x0000000096b00000, 0x0000000096b00000, 0x0000000096c00000|  0%| F|  |TAMS 0x0000000096b00000| PB 0x0000000096b00000| Untracked 
| 364|0x0000000096c00000, 0x0000000096c00000, 0x0000000096d00000|  0%| F|  |TAMS 0x0000000096c00000| PB 0x0000000096c00000| Untracked 
| 365|0x0000000096d00000, 0x0000000096d00000, 0x0000000096e00000|  0%| F|  |TAMS 0x0000000096d00000| PB 0x0000000096d00000| Untracked 
| 366|0x0000000096e00000, 0x0000000096e00000, 0x0000000096f00000|  0%| F|  |TAMS 0x0000000096e00000| PB 0x0000000096e00000| Untracked 
| 367|0x0000000096f00000, 0x0000000096f00000, 0x0000000097000000|  0%| F|  |TAMS 0x0000000096f00000| PB 0x0000000096f00000| Untracked 
| 368|0x0000000097000000, 0x0000000097000000, 0x0000000097100000|  0%| F|  |TAMS 0x0000000097000000| PB 0x0000000097000000| Untracked 
| 369|0x0000000097100000, 0x0000000097100000, 0x0000000097200000|  0%| F|  |TAMS 0x0000000097100000| PB 0x0000000097100000| Untracked 
| 370|0x0000000097200000, 0x0000000097200000, 0x0000000097300000|  0%| F|  |TAMS 0x0000000097200000| PB 0x0000000097200000| Untracked 
| 371|0x0000000097300000, 0x0000000097300000, 0x0000000097400000|  0%| F|  |TAMS 0x0000000097300000| PB 0x0000000097300000| Untracked 
| 372|0x0000000097400000, 0x0000000097400000, 0x0000000097500000|  0%| F|  |TAMS 0x0000000097400000| PB 0x0000000097400000| Untracked 
| 373|0x0000000097500000, 0x0000000097500000, 0x0000000097600000|  0%| F|  |TAMS 0x0000000097500000| PB 0x0000000097500000| Untracked 
| 374|0x0000000097600000, 0x0000000097600000, 0x0000000097700000|  0%| F|  |TAMS 0x0000000097600000| PB 0x0000000097600000| Untracked 
| 375|0x0000000097700000, 0x0000000097700000, 0x0000000097800000|  0%| F|  |TAMS 0x0000000097700000| PB 0x0000000097700000| Untracked 
| 376|0x0000000097800000, 0x0000000097800000, 0x0000000097900000|  0%| F|  |TAMS 0x0000000097800000| PB 0x0000000097800000| Untracked 
| 377|0x0000000097900000, 0x0000000097900000, 0x0000000097a00000|  0%| F|  |TAMS 0x0000000097900000| PB 0x0000000097900000| Untracked 
| 378|0x0000000097a00000, 0x0000000097a00000, 0x0000000097b00000|  0%| F|  |TAMS 0x0000000097a00000| PB 0x0000000097a00000| Untracked 
| 379|0x0000000097b00000, 0x0000000097b00000, 0x0000000097c00000|  0%| F|  |TAMS 0x0000000097b00000| PB 0x0000000097b00000| Untracked 
| 380|0x0000000097c00000, 0x0000000097c00000, 0x0000000097d00000|  0%| F|  |TAMS 0x0000000097c00000| PB 0x0000000097c00000| Untracked 
| 381|0x0000000097d00000, 0x0000000097d00000, 0x0000000097e00000|  0%| F|  |TAMS 0x0000000097d00000| PB 0x0000000097d00000| Untracked 
| 382|0x0000000097e00000, 0x0000000097e00000, 0x0000000097f00000|  0%| F|  |TAMS 0x0000000097e00000| PB 0x0000000097e00000| Untracked 
| 383|0x0000000097f00000, 0x0000000097f00000, 0x0000000098000000|  0%| F|  |TAMS 0x0000000097f00000| PB 0x0000000097f00000| Untracked 
| 384|0x0000000098000000, 0x0000000098000000, 0x0000000098100000|  0%| F|  |TAMS 0x0000000098000000| PB 0x0000000098000000| Untracked 
| 385|0x0000000098100000, 0x0000000098100000, 0x0000000098200000|  0%| F|  |TAMS 0x0000000098100000| PB 0x0000000098100000| Untracked 
| 386|0x0000000098200000, 0x0000000098200000, 0x0000000098300000|  0%| F|  |TAMS 0x0000000098200000| PB 0x0000000098200000| Untracked 
| 387|0x0000000098300000, 0x0000000098300000, 0x0000000098400000|  0%| F|  |TAMS 0x0000000098300000| PB 0x0000000098300000| Untracked 
| 388|0x0000000098400000, 0x0000000098400000, 0x0000000098500000|  0%| F|  |TAMS 0x0000000098400000| PB 0x0000000098400000| Untracked 
| 389|0x0000000098500000, 0x0000000098500000, 0x0000000098600000|  0%| F|  |TAMS 0x0000000098500000| PB 0x0000000098500000| Untracked 
| 390|0x0000000098600000, 0x0000000098600000, 0x0000000098700000|  0%| F|  |TAMS 0x0000000098600000| PB 0x0000000098600000| Untracked 
| 391|0x0000000098700000, 0x0000000098700000, 0x0000000098800000|  0%| F|  |TAMS 0x0000000098700000| PB 0x0000000098700000| Untracked 
| 392|0x0000000098800000, 0x0000000098800000, 0x0000000098900000|  0%| F|  |TAMS 0x0000000098800000| PB 0x0000000098800000| Untracked 
| 393|0x0000000098900000, 0x0000000098900000, 0x0000000098a00000|  0%| F|  |TAMS 0x0000000098900000| PB 0x0000000098900000| Untracked 
| 394|0x0000000098a00000, 0x0000000098a00000, 0x0000000098b00000|  0%| F|  |TAMS 0x0000000098a00000| PB 0x0000000098a00000| Untracked 
| 395|0x0000000098b00000, 0x0000000098b00000, 0x0000000098c00000|  0%| F|  |TAMS 0x0000000098b00000| PB 0x0000000098b00000| Untracked 
| 396|0x0000000098c00000, 0x0000000098c00000, 0x0000000098d00000|  0%| F|  |TAMS 0x0000000098c00000| PB 0x0000000098c00000| Untracked 
| 397|0x0000000098d00000, 0x0000000098d00000, 0x0000000098e00000|  0%| F|  |TAMS 0x0000000098d00000| PB 0x0000000098d00000| Untracked 
| 398|0x0000000098e00000, 0x0000000098e00000, 0x0000000098f00000|  0%| F|  |TAMS 0x0000000098e00000| PB 0x0000000098e00000| Untracked 
| 399|0x0000000098f00000, 0x0000000098f00000, 0x0000000099000000|  0%| F|  |TAMS 0x0000000098f00000| PB 0x0000000098f00000| Untracked 
| 400|0x0000000099000000, 0x0000000099000000, 0x0000000099100000|  0%| F|  |TAMS 0x0000000099000000| PB 0x0000000099000000| Untracked 
| 401|0x0000000099100000, 0x0000000099100000, 0x0000000099200000|  0%| F|  |TAMS 0x0000000099100000| PB 0x0000000099100000| Untracked 
| 402|0x0000000099200000, 0x0000000099200000, 0x0000000099300000|  0%| F|  |TAMS 0x0000000099200000| PB 0x0000000099200000| Untracked 
| 403|0x0000000099300000, 0x0000000099300000, 0x0000000099400000|  0%| F|  |TAMS 0x0000000099300000| PB 0x0000000099300000| Untracked 
| 404|0x0000000099400000, 0x0000000099400000, 0x0000000099500000|  0%| F|  |TAMS 0x0000000099400000| PB 0x0000000099400000| Untracked 
| 405|0x0000000099500000, 0x0000000099500000, 0x0000000099600000|  0%| F|  |TAMS 0x0000000099500000| PB 0x0000000099500000| Untracked 
| 406|0x0000000099600000, 0x0000000099600000, 0x0000000099700000|  0%| F|  |TAMS 0x0000000099600000| PB 0x0000000099600000| Untracked 
| 407|0x0000000099700000, 0x0000000099700000, 0x0000000099800000|  0%| F|  |TAMS 0x0000000099700000| PB 0x0000000099700000| Untracked 
| 408|0x0000000099800000, 0x0000000099800000, 0x0000000099900000|  0%| F|  |TAMS 0x0000000099800000| PB 0x0000000099800000| Untracked 
| 409|0x0000000099900000, 0x0000000099900000, 0x0000000099a00000|  0%| F|  |TAMS 0x0000000099900000| PB 0x0000000099900000| Untracked 
| 410|0x0000000099a00000, 0x0000000099a00000, 0x0000000099b00000|  0%| F|  |TAMS 0x0000000099a00000| PB 0x0000000099a00000| Untracked 
| 411|0x0000000099b00000, 0x0000000099b00000, 0x0000000099c00000|  0%| F|  |TAMS 0x0000000099b00000| PB 0x0000000099b00000| Untracked 
| 412|0x0000000099c00000, 0x0000000099c00000, 0x0000000099d00000|  0%| F|  |TAMS 0x0000000099c00000| PB 0x0000000099c00000| Untracked 
| 413|0x0000000099d00000, 0x0000000099d00000, 0x0000000099e00000|  0%| F|  |TAMS 0x0000000099d00000| PB 0x0000000099d00000| Untracked 
| 414|0x0000000099e00000, 0x0000000099e00000, 0x0000000099f00000|  0%| F|  |TAMS 0x0000000099e00000| PB 0x0000000099e00000| Untracked 
| 415|0x0000000099f00000, 0x0000000099f00000, 0x000000009a000000|  0%| F|  |TAMS 0x0000000099f00000| PB 0x0000000099f00000| Untracked 
| 416|0x000000009a000000, 0x000000009a000000, 0x000000009a100000|  0%| F|  |TAMS 0x000000009a000000| PB 0x000000009a000000| Untracked 
| 417|0x000000009a100000, 0x000000009a100000, 0x000000009a200000|  0%| F|  |TAMS 0x000000009a100000| PB 0x000000009a100000| Untracked 
| 418|0x000000009a200000, 0x000000009a200000, 0x000000009a300000|  0%| F|  |TAMS 0x000000009a200000| PB 0x000000009a200000| Untracked 
| 419|0x000000009a300000, 0x000000009a300000, 0x000000009a400000|  0%| F|  |TAMS 0x000000009a300000| PB 0x000000009a300000| Untracked 
| 420|0x000000009a400000, 0x000000009a400000, 0x000000009a500000|  0%| F|  |TAMS 0x000000009a400000| PB 0x000000009a400000| Untracked 
| 421|0x000000009a500000, 0x000000009a500000, 0x000000009a600000|  0%| F|  |TAMS 0x000000009a500000| PB 0x000000009a500000| Untracked 
| 422|0x000000009a600000, 0x000000009a600000, 0x000000009a700000|  0%| F|  |TAMS 0x000000009a600000| PB 0x000000009a600000| Untracked 
| 423|0x000000009a700000, 0x000000009a700000, 0x000000009a800000|  0%| F|  |TAMS 0x000000009a700000| PB 0x000000009a700000| Untracked 
| 424|0x000000009a800000, 0x000000009a800000, 0x000000009a900000|  0%| F|  |TAMS 0x000000009a800000| PB 0x000000009a800000| Untracked 
| 425|0x000000009a900000, 0x000000009a900000, 0x000000009aa00000|  0%| F|  |TAMS 0x000000009a900000| PB 0x000000009a900000| Untracked 
| 426|0x000000009aa00000, 0x000000009aa00000, 0x000000009ab00000|  0%| F|  |TAMS 0x000000009aa00000| PB 0x000000009aa00000| Untracked 
| 427|0x000000009ab00000, 0x000000009ab00000, 0x000000009ac00000|  0%| F|  |TAMS 0x000000009ab00000| PB 0x000000009ab00000| Untracked 
| 428|0x000000009ac00000, 0x000000009ac00000, 0x000000009ad00000|  0%| F|  |TAMS 0x000000009ac00000| PB 0x000000009ac00000| Untracked 
| 429|0x000000009ad00000, 0x000000009ad00000, 0x000000009ae00000|  0%| F|  |TAMS 0x000000009ad00000| PB 0x000000009ad00000| Untracked 
| 430|0x000000009ae00000, 0x000000009ae00000, 0x000000009af00000|  0%| F|  |TAMS 0x000000009ae00000| PB 0x000000009ae00000| Untracked 
| 431|0x000000009af00000, 0x000000009af00000, 0x000000009b000000|  0%| F|  |TAMS 0x000000009af00000| PB 0x000000009af00000| Untracked 
| 432|0x000000009b000000, 0x000000009b000000, 0x000000009b100000|  0%| F|  |TAMS 0x000000009b000000| PB 0x000000009b000000| Untracked 
| 433|0x000000009b100000, 0x000000009b100000, 0x000000009b200000|  0%| F|  |TAMS 0x000000009b100000| PB 0x000000009b100000| Untracked 
| 434|0x000000009b200000, 0x000000009b200000, 0x000000009b300000|  0%| F|  |TAMS 0x000000009b200000| PB 0x000000009b200000| Untracked 
| 435|0x000000009b300000, 0x000000009b300000, 0x000000009b400000|  0%| F|  |TAMS 0x000000009b300000| PB 0x000000009b300000| Untracked 
| 436|0x000000009b400000, 0x000000009b400000, 0x000000009b500000|  0%| F|  |TAMS 0x000000009b400000| PB 0x000000009b400000| Untracked 
| 437|0x000000009b500000, 0x000000009b500000, 0x000000009b600000|  0%| F|  |TAMS 0x000000009b500000| PB 0x000000009b500000| Untracked 
| 438|0x000000009b600000, 0x000000009b600000, 0x000000009b700000|  0%| F|  |TAMS 0x000000009b600000| PB 0x000000009b600000| Untracked 
| 439|0x000000009b700000, 0x000000009b700000, 0x000000009b800000|  0%| F|  |TAMS 0x000000009b700000| PB 0x000000009b700000| Untracked 
| 440|0x000000009b800000, 0x000000009b800000, 0x000000009b900000|  0%| F|  |TAMS 0x000000009b800000| PB 0x000000009b800000| Untracked 
| 441|0x000000009b900000, 0x000000009b900000, 0x000000009ba00000|  0%| F|  |TAMS 0x000000009b900000| PB 0x000000009b900000| Untracked 
| 442|0x000000009ba00000, 0x000000009ba00000, 0x000000009bb00000|  0%| F|  |TAMS 0x000000009ba00000| PB 0x000000009ba00000| Untracked 
| 443|0x000000009bb00000, 0x000000009bb00000, 0x000000009bc00000|  0%| F|  |TAMS 0x000000009bb00000| PB 0x000000009bb00000| Untracked 
| 444|0x000000009bc00000, 0x000000009bc00000, 0x000000009bd00000|  0%| F|  |TAMS 0x000000009bc00000| PB 0x000000009bc00000| Untracked 
| 445|0x000000009bd00000, 0x000000009bd00000, 0x000000009be00000|  0%| F|  |TAMS 0x000000009bd00000| PB 0x000000009bd00000| Untracked 
| 446|0x000000009be00000, 0x000000009be00000, 0x000000009bf00000|  0%| F|  |TAMS 0x000000009be00000| PB 0x000000009be00000| Untracked 
| 447|0x000000009bf00000, 0x000000009bf00000, 0x000000009c000000|  0%| F|  |TAMS 0x000000009bf00000| PB 0x000000009bf00000| Untracked 
| 448|0x000000009c000000, 0x000000009c000000, 0x000000009c100000|  0%| F|  |TAMS 0x000000009c000000| PB 0x000000009c000000| Untracked 
| 449|0x000000009c100000, 0x000000009c100000, 0x000000009c200000|  0%| F|  |TAMS 0x000000009c100000| PB 0x000000009c100000| Untracked 
| 450|0x000000009c200000, 0x000000009c200000, 0x000000009c300000|  0%| F|  |TAMS 0x000000009c200000| PB 0x000000009c200000| Untracked 
| 451|0x000000009c300000, 0x000000009c300000, 0x000000009c400000|  0%| F|  |TAMS 0x000000009c300000| PB 0x000000009c300000| Untracked 
| 452|0x000000009c400000, 0x000000009c400000, 0x000000009c500000|  0%| F|  |TAMS 0x000000009c400000| PB 0x000000009c400000| Untracked 
| 453|0x000000009c500000, 0x000000009c500000, 0x000000009c600000|  0%| F|  |TAMS 0x000000009c500000| PB 0x000000009c500000| Untracked 
| 454|0x000000009c600000, 0x000000009c600000, 0x000000009c700000|  0%| F|  |TAMS 0x000000009c600000| PB 0x000000009c600000| Untracked 
| 455|0x000000009c700000, 0x000000009c700000, 0x000000009c800000|  0%| F|  |TAMS 0x000000009c700000| PB 0x000000009c700000| Untracked 
| 456|0x000000009c800000, 0x000000009c800000, 0x000000009c900000|  0%| F|  |TAMS 0x000000009c800000| PB 0x000000009c800000| Untracked 
| 457|0x000000009c900000, 0x000000009c900000, 0x000000009ca00000|  0%| F|  |TAMS 0x000000009c900000| PB 0x000000009c900000| Untracked 
| 458|0x000000009ca00000, 0x000000009ca00000, 0x000000009cb00000|  0%| F|  |TAMS 0x000000009ca00000| PB 0x000000009ca00000| Untracked 
| 459|0x000000009cb00000, 0x000000009cb00000, 0x000000009cc00000|  0%| F|  |TAMS 0x000000009cb00000| PB 0x000000009cb00000| Untracked 
| 460|0x000000009cc00000, 0x000000009cc00000, 0x000000009cd00000|  0%| F|  |TAMS 0x000000009cc00000| PB 0x000000009cc00000| Untracked 
| 461|0x000000009cd00000, 0x000000009cd00000, 0x000000009ce00000|  0%| F|  |TAMS 0x000000009cd00000| PB 0x000000009cd00000| Untracked 
| 462|0x000000009ce00000, 0x000000009ce00000, 0x000000009cf00000|  0%| F|  |TAMS 0x000000009ce00000| PB 0x000000009ce00000| Untracked 
| 463|0x000000009cf00000, 0x000000009cf00000, 0x000000009d000000|  0%| F|  |TAMS 0x000000009cf00000| PB 0x000000009cf00000| Untracked 
| 464|0x000000009d000000, 0x000000009d000000, 0x000000009d100000|  0%| F|  |TAMS 0x000000009d000000| PB 0x000000009d000000| Untracked 
| 465|0x000000009d100000, 0x000000009d100000, 0x000000009d200000|  0%| F|  |TAMS 0x000000009d100000| PB 0x000000009d100000| Untracked 
| 466|0x000000009d200000, 0x000000009d200000, 0x000000009d300000|  0%| F|  |TAMS 0x000000009d200000| PB 0x000000009d200000| Untracked 
| 467|0x000000009d300000, 0x000000009d300000, 0x000000009d400000|  0%| F|  |TAMS 0x000000009d300000| PB 0x000000009d300000| Untracked 
| 468|0x000000009d400000, 0x000000009d400000, 0x000000009d500000|  0%| F|  |TAMS 0x000000009d400000| PB 0x000000009d400000| Untracked 
| 469|0x000000009d500000, 0x000000009d500000, 0x000000009d600000|  0%| F|  |TAMS 0x000000009d500000| PB 0x000000009d500000| Untracked 
| 470|0x000000009d600000, 0x000000009d600000, 0x000000009d700000|  0%| F|  |TAMS 0x000000009d600000| PB 0x000000009d600000| Untracked 
| 471|0x000000009d700000, 0x000000009d700000, 0x000000009d800000|  0%| F|  |TAMS 0x000000009d700000| PB 0x000000009d700000| Untracked 
| 472|0x000000009d800000, 0x000000009d800000, 0x000000009d900000|  0%| F|  |TAMS 0x000000009d800000| PB 0x000000009d800000| Untracked 
| 473|0x000000009d900000, 0x000000009d900000, 0x000000009da00000|  0%| F|  |TAMS 0x000000009d900000| PB 0x000000009d900000| Untracked 
| 474|0x000000009da00000, 0x000000009da00000, 0x000000009db00000|  0%| F|  |TAMS 0x000000009da00000| PB 0x000000009da00000| Untracked 
| 475|0x000000009db00000, 0x000000009db00000, 0x000000009dc00000|  0%| F|  |TAMS 0x000000009db00000| PB 0x000000009db00000| Untracked 
| 476|0x000000009dc00000, 0x000000009dc00000, 0x000000009dd00000|  0%| F|  |TAMS 0x000000009dc00000| PB 0x000000009dc00000| Untracked 
| 477|0x000000009dd00000, 0x000000009dd00000, 0x000000009de00000|  0%| F|  |TAMS 0x000000009dd00000| PB 0x000000009dd00000| Untracked 
| 478|0x000000009de00000, 0x000000009de00000, 0x000000009df00000|  0%| F|  |TAMS 0x000000009de00000| PB 0x000000009de00000| Untracked 
| 479|0x000000009df00000, 0x000000009df00000, 0x000000009e000000|  0%| F|  |TAMS 0x000000009df00000| PB 0x000000009df00000| Untracked 
| 480|0x000000009e000000, 0x000000009e000000, 0x000000009e100000|  0%| F|  |TAMS 0x000000009e000000| PB 0x000000009e000000| Untracked 
| 481|0x000000009e100000, 0x000000009e100000, 0x000000009e200000|  0%| F|  |TAMS 0x000000009e100000| PB 0x000000009e100000| Untracked 
| 482|0x000000009e200000, 0x000000009e200000, 0x000000009e300000|  0%| F|  |TAMS 0x000000009e200000| PB 0x000000009e200000| Untracked 
| 483|0x000000009e300000, 0x000000009e300000, 0x000000009e400000|  0%| F|  |TAMS 0x000000009e300000| PB 0x000000009e300000| Untracked 
| 484|0x000000009e400000, 0x000000009e400000, 0x000000009e500000|  0%| F|  |TAMS 0x000000009e400000| PB 0x000000009e400000| Untracked 
| 485|0x000000009e500000, 0x000000009e500000, 0x000000009e600000|  0%| F|  |TAMS 0x000000009e500000| PB 0x000000009e500000| Untracked 
| 486|0x000000009e600000, 0x000000009e600000, 0x000000009e700000|  0%| F|  |TAMS 0x000000009e600000| PB 0x000000009e600000| Untracked 
| 487|0x000000009e700000, 0x000000009e700000, 0x000000009e800000|  0%| F|  |TAMS 0x000000009e700000| PB 0x000000009e700000| Untracked 
| 488|0x000000009e800000, 0x000000009e800000, 0x000000009e900000|  0%| F|  |TAMS 0x000000009e800000| PB 0x000000009e800000| Untracked 
| 489|0x000000009e900000, 0x000000009e900000, 0x000000009ea00000|  0%| F|  |TAMS 0x000000009e900000| PB 0x000000009e900000| Untracked 
| 490|0x000000009ea00000, 0x000000009ea00000, 0x000000009eb00000|  0%| F|  |TAMS 0x000000009ea00000| PB 0x000000009ea00000| Untracked 
| 491|0x000000009eb00000, 0x000000009eb00000, 0x000000009ec00000|  0%| F|  |TAMS 0x000000009eb00000| PB 0x000000009eb00000| Untracked 
| 492|0x000000009ec00000, 0x000000009ec00000, 0x000000009ed00000|  0%| F|  |TAMS 0x000000009ec00000| PB 0x000000009ec00000| Untracked 
| 493|0x000000009ed00000, 0x000000009ed00000, 0x000000009ee00000|  0%| F|  |TAMS 0x000000009ed00000| PB 0x000000009ed00000| Untracked 
| 494|0x000000009ee00000, 0x000000009ee00000, 0x000000009ef00000|  0%| F|  |TAMS 0x000000009ee00000| PB 0x000000009ee00000| Untracked 
| 495|0x000000009ef00000, 0x000000009ef00000, 0x000000009f000000|  0%| F|  |TAMS 0x000000009ef00000| PB 0x000000009ef00000| Untracked 
| 496|0x000000009f000000, 0x000000009f000000, 0x000000009f100000|  0%| F|  |TAMS 0x000000009f000000| PB 0x000000009f000000| Untracked 
| 497|0x000000009f100000, 0x000000009f100000, 0x000000009f200000|  0%| F|  |TAMS 0x000000009f100000| PB 0x000000009f100000| Untracked 
| 498|0x000000009f200000, 0x000000009f200000, 0x000000009f300000|  0%| F|  |TAMS 0x000000009f200000| PB 0x000000009f200000| Untracked 
| 499|0x000000009f300000, 0x000000009f300000, 0x000000009f400000|  0%| F|  |TAMS 0x000000009f300000| PB 0x000000009f300000| Untracked 
| 500|0x000000009f400000, 0x000000009f400000, 0x000000009f500000|  0%| F|  |TAMS 0x000000009f400000| PB 0x000000009f400000| Untracked 
| 501|0x000000009f500000, 0x000000009f500000, 0x000000009f600000|  0%| F|  |TAMS 0x000000009f500000| PB 0x000000009f500000| Untracked 
| 502|0x000000009f600000, 0x000000009f600000, 0x000000009f700000|  0%| F|  |TAMS 0x000000009f600000| PB 0x000000009f600000| Untracked 
| 503|0x000000009f700000, 0x000000009f700000, 0x000000009f800000|  0%| F|  |TAMS 0x000000009f700000| PB 0x000000009f700000| Untracked 
| 504|0x000000009f800000, 0x000000009f800000, 0x000000009f900000|  0%| F|  |TAMS 0x000000009f800000| PB 0x000000009f800000| Untracked 
| 505|0x000000009f900000, 0x000000009f900000, 0x000000009fa00000|  0%| F|  |TAMS 0x000000009f900000| PB 0x000000009f900000| Untracked 
| 506|0x000000009fa00000, 0x000000009fa00000, 0x000000009fb00000|  0%| F|  |TAMS 0x000000009fa00000| PB 0x000000009fa00000| Untracked 
| 507|0x000000009fb00000, 0x000000009fb00000, 0x000000009fc00000|  0%| F|  |TAMS 0x000000009fb00000| PB 0x000000009fb00000| Untracked 
| 508|0x000000009fc00000, 0x000000009fc00000, 0x000000009fd00000|  0%| F|  |TAMS 0x000000009fc00000| PB 0x000000009fc00000| Untracked 
| 509|0x000000009fd00000, 0x000000009fd00000, 0x000000009fe00000|  0%| F|  |TAMS 0x000000009fd00000| PB 0x000000009fd00000| Untracked 
| 510|0x000000009fe00000, 0x000000009fe00000, 0x000000009ff00000|  0%| F|  |TAMS 0x000000009fe00000| PB 0x000000009fe00000| Untracked 
| 511|0x000000009ff00000, 0x000000009ff00000, 0x00000000a0000000|  0%| F|  |TAMS 0x000000009ff00000| PB 0x000000009ff00000| Untracked 
| 512|0x00000000a0000000, 0x00000000a0000000, 0x00000000a0100000|  0%| F|  |TAMS 0x00000000a0000000| PB 0x00000000a0000000| Untracked 
| 513|0x00000000a0100000, 0x00000000a0100000, 0x00000000a0200000|  0%| F|  |TAMS 0x00000000a0100000| PB 0x00000000a0100000| Untracked 
| 514|0x00000000a0200000, 0x00000000a0200000, 0x00000000a0300000|  0%| F|  |TAMS 0x00000000a0200000| PB 0x00000000a0200000| Untracked 
| 515|0x00000000a0300000, 0x00000000a0300000, 0x00000000a0400000|  0%| F|  |TAMS 0x00000000a0300000| PB 0x00000000a0300000| Untracked 
| 516|0x00000000a0400000, 0x00000000a0400000, 0x00000000a0500000|  0%| F|  |TAMS 0x00000000a0400000| PB 0x00000000a0400000| Untracked 
| 517|0x00000000a0500000, 0x00000000a0500000, 0x00000000a0600000|  0%| F|  |TAMS 0x00000000a0500000| PB 0x00000000a0500000| Untracked 
| 518|0x00000000a0600000, 0x00000000a0600000, 0x00000000a0700000|  0%| F|  |TAMS 0x00000000a0600000| PB 0x00000000a0600000| Untracked 
| 519|0x00000000a0700000, 0x00000000a0700000, 0x00000000a0800000|  0%| F|  |TAMS 0x00000000a0700000| PB 0x00000000a0700000| Untracked 
| 520|0x00000000a0800000, 0x00000000a0800000, 0x00000000a0900000|  0%| F|  |TAMS 0x00000000a0800000| PB 0x00000000a0800000| Untracked 
| 521|0x00000000a0900000, 0x00000000a0900000, 0x00000000a0a00000|  0%| F|  |TAMS 0x00000000a0900000| PB 0x00000000a0900000| Untracked 
| 522|0x00000000a0a00000, 0x00000000a0a00000, 0x00000000a0b00000|  0%| F|  |TAMS 0x00000000a0a00000| PB 0x00000000a0a00000| Untracked 
| 523|0x00000000a0b00000, 0x00000000a0b00000, 0x00000000a0c00000|  0%| F|  |TAMS 0x00000000a0b00000| PB 0x00000000a0b00000| Untracked 
| 524|0x00000000a0c00000, 0x00000000a0c00000, 0x00000000a0d00000|  0%| F|  |TAMS 0x00000000a0c00000| PB 0x00000000a0c00000| Untracked 
| 525|0x00000000a0d00000, 0x00000000a0d00000, 0x00000000a0e00000|  0%| F|  |TAMS 0x00000000a0d00000| PB 0x00000000a0d00000| Untracked 
| 526|0x00000000a0e00000, 0x00000000a0e00000, 0x00000000a0f00000|  0%| F|  |TAMS 0x00000000a0e00000| PB 0x00000000a0e00000| Untracked 
| 527|0x00000000a0f00000, 0x00000000a0f00000, 0x00000000a1000000|  0%| F|  |TAMS 0x00000000a0f00000| PB 0x00000000a0f00000| Untracked 
| 528|0x00000000a1000000, 0x00000000a1000000, 0x00000000a1100000|  0%| F|  |TAMS 0x00000000a1000000| PB 0x00000000a1000000| Untracked 
| 529|0x00000000a1100000, 0x00000000a1100000, 0x00000000a1200000|  0%| F|  |TAMS 0x00000000a1100000| PB 0x00000000a1100000| Untracked 
| 530|0x00000000a1200000, 0x00000000a1200000, 0x00000000a1300000|  0%| F|  |TAMS 0x00000000a1200000| PB 0x00000000a1200000| Untracked 
| 531|0x00000000a1300000, 0x00000000a1300000, 0x00000000a1400000|  0%| F|  |TAMS 0x00000000a1300000| PB 0x00000000a1300000| Untracked 
| 532|0x00000000a1400000, 0x00000000a1400000, 0x00000000a1500000|  0%| F|  |TAMS 0x00000000a1400000| PB 0x00000000a1400000| Untracked 
| 533|0x00000000a1500000, 0x00000000a1500000, 0x00000000a1600000|  0%| F|  |TAMS 0x00000000a1500000| PB 0x00000000a1500000| Untracked 
| 534|0x00000000a1600000, 0x00000000a1600000, 0x00000000a1700000|  0%| F|  |TAMS 0x00000000a1600000| PB 0x00000000a1600000| Untracked 
| 535|0x00000000a1700000, 0x00000000a1700000, 0x00000000a1800000|  0%| F|  |TAMS 0x00000000a1700000| PB 0x00000000a1700000| Untracked 
| 536|0x00000000a1800000, 0x00000000a1800000, 0x00000000a1900000|  0%| F|  |TAMS 0x00000000a1800000| PB 0x00000000a1800000| Untracked 
| 537|0x00000000a1900000, 0x00000000a1900000, 0x00000000a1a00000|  0%| F|  |TAMS 0x00000000a1900000| PB 0x00000000a1900000| Untracked 
| 538|0x00000000a1a00000, 0x00000000a1a00000, 0x00000000a1b00000|  0%| F|  |TAMS 0x00000000a1a00000| PB 0x00000000a1a00000| Untracked 
| 539|0x00000000a1b00000, 0x00000000a1b00000, 0x00000000a1c00000|  0%| F|  |TAMS 0x00000000a1b00000| PB 0x00000000a1b00000| Untracked 
| 540|0x00000000a1c00000, 0x00000000a1c00000, 0x00000000a1d00000|  0%| F|  |TAMS 0x00000000a1c00000| PB 0x00000000a1c00000| Untracked 
| 541|0x00000000a1d00000, 0x00000000a1d00000, 0x00000000a1e00000|  0%| F|  |TAMS 0x00000000a1d00000| PB 0x00000000a1d00000| Untracked 
| 542|0x00000000a1e00000, 0x00000000a1e00000, 0x00000000a1f00000|  0%| F|  |TAMS 0x00000000a1e00000| PB 0x00000000a1e00000| Untracked 
| 543|0x00000000a1f00000, 0x00000000a1f00000, 0x00000000a2000000|  0%| F|  |TAMS 0x00000000a1f00000| PB 0x00000000a1f00000| Untracked 
| 544|0x00000000a2000000, 0x00000000a2000000, 0x00000000a2100000|  0%| F|  |TAMS 0x00000000a2000000| PB 0x00000000a2000000| Untracked 
| 545|0x00000000a2100000, 0x00000000a2100000, 0x00000000a2200000|  0%| F|  |TAMS 0x00000000a2100000| PB 0x00000000a2100000| Untracked 
| 546|0x00000000a2200000, 0x00000000a2200000, 0x00000000a2300000|  0%| F|  |TAMS 0x00000000a2200000| PB 0x00000000a2200000| Untracked 
| 547|0x00000000a2300000, 0x00000000a2300000, 0x00000000a2400000|  0%| F|  |TAMS 0x00000000a2300000| PB 0x00000000a2300000| Untracked 
| 548|0x00000000a2400000, 0x00000000a2400000, 0x00000000a2500000|  0%| F|  |TAMS 0x00000000a2400000| PB 0x00000000a2400000| Untracked 
| 549|0x00000000a2500000, 0x00000000a2500000, 0x00000000a2600000|  0%| F|  |TAMS 0x00000000a2500000| PB 0x00000000a2500000| Untracked 
| 550|0x00000000a2600000, 0x00000000a2600000, 0x00000000a2700000|  0%| F|  |TAMS 0x00000000a2600000| PB 0x00000000a2600000| Untracked 
| 551|0x00000000a2700000, 0x00000000a2700000, 0x00000000a2800000|  0%| F|  |TAMS 0x00000000a2700000| PB 0x00000000a2700000| Untracked 
| 552|0x00000000a2800000, 0x00000000a2800000, 0x00000000a2900000|  0%| F|  |TAMS 0x00000000a2800000| PB 0x00000000a2800000| Untracked 
| 553|0x00000000a2900000, 0x00000000a2900000, 0x00000000a2a00000|  0%| F|  |TAMS 0x00000000a2900000| PB 0x00000000a2900000| Untracked 
| 554|0x00000000a2a00000, 0x00000000a2a00000, 0x00000000a2b00000|  0%| F|  |TAMS 0x00000000a2a00000| PB 0x00000000a2a00000| Untracked 
| 555|0x00000000a2b00000, 0x00000000a2b00000, 0x00000000a2c00000|  0%| F|  |TAMS 0x00000000a2b00000| PB 0x00000000a2b00000| Untracked 
| 556|0x00000000a2c00000, 0x00000000a2c00000, 0x00000000a2d00000|  0%| F|  |TAMS 0x00000000a2c00000| PB 0x00000000a2c00000| Untracked 
| 557|0x00000000a2d00000, 0x00000000a2d00000, 0x00000000a2e00000|  0%| F|  |TAMS 0x00000000a2d00000| PB 0x00000000a2d00000| Untracked 
| 558|0x00000000a2e00000, 0x00000000a2e00000, 0x00000000a2f00000|  0%| F|  |TAMS 0x00000000a2e00000| PB 0x00000000a2e00000| Untracked 
| 559|0x00000000a2f00000, 0x00000000a2f00000, 0x00000000a3000000|  0%| F|  |TAMS 0x00000000a2f00000| PB 0x00000000a2f00000| Untracked 
| 560|0x00000000a3000000, 0x00000000a3000000, 0x00000000a3100000|  0%| F|  |TAMS 0x00000000a3000000| PB 0x00000000a3000000| Untracked 
|2038|0x00000000ff600000, 0x00000000ff700000, 0x00000000ff700000|100%| O|  |TAMS 0x00000000ff600000| PB 0x00000000ff600000| Untracked 
|2039|0x00000000ff700000, 0x00000000ff700000, 0x00000000ff800000|  0%| F|  |TAMS 0x00000000ff700000| PB 0x00000000ff700000| Untracked 
|2040|0x00000000ff800000, 0x00000000ff800000, 0x00000000ff900000|  0%| F|  |TAMS 0x00000000ff800000| PB 0x00000000ff800000| Untracked 
|2041|0x00000000ff900000, 0x00000000ffa00000, 0x00000000ffa00000|100%| O|  |TAMS 0x00000000ff900000| PB 0x00000000ff900000| Untracked 
|2042|0x00000000ffa00000, 0x00000000ffa00000, 0x00000000ffb00000|  0%| F|  |TAMS 0x00000000ffa00000| PB 0x00000000ffa00000| Untracked 
|2043|0x00000000ffb00000, 0x00000000ffc00000, 0x00000000ffc00000|100%| O|  |TAMS 0x00000000ffb00000| PB 0x00000000ffb00000| Untracked 
|2044|0x00000000ffc00000, 0x00000000ffd00000, 0x00000000ffd00000|100%| O|  |TAMS 0x00000000ffc00000| PB 0x00000000ffc00000| Untracked 
|2045|0x00000000ffd00000, 0x00000000ffe00000, 0x00000000ffe00000|100%| O|  |TAMS 0x00000000ffd00000| PB 0x00000000ffd00000| Untracked 
|2046|0x00000000ffe00000, 0x00000000fff00000, 0x00000000fff00000|100%| O|  |TAMS 0x00000000ffe00000| PB 0x00000000ffe00000| Untracked 
|2047|0x00000000fff00000, 0x00000000fff00000, 0x0000000100000000|  0%| F|  |TAMS 0x00000000fff00000| PB 0x00000000fff00000| Untracked 

Card table byte_map: [0x000001bcd1600000,0x000001bcd1a00000] _byte_map_base: 0x000001bcd1200000

Marking Bits: (CMBitMap*) 0x000001bcbedc5650
 Bits: [0x000001bcd1a00000, 0x000001bcd3a00000)

Polling page: 0x000001bcbcba0000

Metaspace:

Usage:
  Non-class:     96.16 MB used.
      Class:     15.98 MB used.
       Both:    112.14 MB used.

Virtual space:
  Non-class space:      128.00 MB reserved,      97.38 MB ( 76%) committed,  2 nodes.
      Class space:        1.00 GB reserved,      17.12 MB (  2%) committed,  1 nodes.
             Both:        1.12 GB reserved,     114.50 MB ( 10%) committed. 

Chunk freelists:
   Non-Class:  14.03 MB
       Class:  14.86 MB
        Both:  28.89 MB

MaxMetaspaceSize: unlimited
CompressedClassSpaceSize: 1.00 GB
Initial GC threshold: 21.00 MB
Current GC threshold: 190.75 MB
CDS: off
 - commit_granule_bytes: 65536.
 - commit_granule_words: 8192.
 - virtual_space_node_default_size: 8388608.
 - enlarge_chunks_in_place: 1.
 - use_allocation_guard: 0.


Internal statistics:

num_allocs_failed_limit: 12.
num_arena_births: 4624.
num_arena_deaths: 0.
num_vsnodes_births: 3.
num_vsnodes_deaths: 0.
num_space_committed: 1832.
num_space_uncommitted: 0.
num_chunks_returned_to_freelist: 12.
num_chunks_taken_from_freelist: 9652.
num_chunk_merges: 12.
num_chunk_splits: 6280.
num_chunks_enlarged: 3899.
num_inconsistent_stats: 0.

CodeHeap 'non-profiled nmethods': size=120000Kb used=8502Kb max_used=8502Kb free=111497Kb
 bounds [0x000001bcc99a0000, 0x000001bcca1f0000, 0x000001bcd0ed0000]
CodeHeap 'profiled nmethods': size=120000Kb used=20979Kb max_used=21821Kb free=99020Kb
 bounds [0x000001bcc1ed0000, 0x000001bcc3430000, 0x000001bcc9400000]
CodeHeap 'non-nmethods': size=5760Kb used=2009Kb max_used=2108Kb free=3750Kb
 bounds [0x000001bcc9400000, 0x000001bcc9670000, 0x000001bcc99a0000]
CodeCache: size=245760Kb, used=31490Kb, max_used=32431Kb, free=214267Kb
 total_blobs=12718, nmethods=11827, adapters=795, full_count=0
Compilation: enabled, stopped_count=0, restarted_count=0

Compilation events (20 events):
Event: 27.410 Thread 0x000001bcdd461f60 nmethod 14649 0x000001bcca1e8390 code [0x000001bcca1e8540, 0x000001bcca1e87b0]
Event: 27.412 Thread 0x000001bcdd461f60 14650   !   4       java.nio.file.Files::walkFileTree (297 bytes)
Event: 27.414 Thread 0x000001bcd66556f0 14651       3       org.gradle.api.internal.artifacts.transform.TransformExecutionResult$Builder$PartOfInputArtifact::resolveForInputArtifact (13 bytes)
Event: 27.414 Thread 0x000001bcd66556f0 nmethod 14651 0x000001bcc27bb310 code [0x000001bcc27bb4c0, 0x000001bcc27bb668]
Event: 27.421 Thread 0x000001bcd66540e0 14652       4       org.gradle.internal.vfs.impl.DefaultSnapshotHierarchy::getNode (37 bytes)
Event: 27.432 Thread 0x000001bcd66540e0 nmethod 14652 0x000001bcca1e8a10 code [0x000001bcca1e8c20, 0x000001bcca1e92b0]
Event: 27.432 Thread 0x000001bcd66540e0 14653       4       org.gradle.cache.internal.filelock.LockStateAccess::writeState (90 bytes)
Event: 27.486 Thread 0x000001bcd66556f0 14655       3       org.gradle.api.internal.artifacts.transform.TransformExecutionResult$Builder$PartOfInputArtifact::<init> (10 bytes)
Event: 27.487 Thread 0x000001bcd66556f0 nmethod 14655 0x000001bcc27d1110 code [0x000001bcc27d12c0, 0x000001bcc27d1478]
Event: 27.487 Thread 0x000001bcd66556f0 14656       3       org.gradle.api.internal.artifacts.transform.TransformExecutionResult$Builder$PartOfInputArtifact::resolveForWorkspace (2 bytes)
Event: 27.487 Thread 0x000001bcd66556f0 nmethod 14656 0x000001bcc26df690 code [0x000001bcc26df820, 0x000001bcc26df930]
Event: 27.515 Thread 0x000001bcd66540e0 nmethod 14653 0x000001bcca1e9890 code [0x000001bcca1e9b60, 0x000001bcca1eb2e8]
Event: 27.515 Thread 0x000001bcd66540e0 14657  s    4       java.io.ByteArrayOutputStream::write (32 bytes)
Event: 27.521 Thread 0x000001bcd66540e0 nmethod 14657 0x000001bcca1ec310 code [0x000001bcca1ec4c0, 0x000001bcca1ec958]
Event: 27.521 Thread 0x000001bcd66540e0 14654       4       org.gradle.cache.internal.btree.FileBackedBlockStore::attach (21 bytes)
Event: 27.522 Thread 0x000001bcd66540e0 nmethod 14654 0x000001bcca1ecb10 code [0x000001bcca1ecca0, 0x000001bcca1ecd68]
Event: 27.523 Thread 0x000001bcd66540e0 14658       4       org.gradle.internal.snapshot.PathUtil::compareDifferentCharsIgnoringCase (38 bytes)
Event: 27.528 Thread 0x000001bcd66540e0 nmethod 14658 0x000001bcca1ece90 code [0x000001bcca1ed060, 0x000001bcca1ed3d0]
Event: 27.558 Thread 0x000001bcd66540e0 14659       4       org.gradle.internal.component.external.model.ModuleComponentFileArtifactIdentifier::getComponentIdentifier (5 bytes)
Event: 27.559 Thread 0x000001bcd66540e0 nmethod 14659 0x000001bcca1ed690 code [0x000001bcca1ed820, 0x000001bcca1ed8e8]

GC Heap History (20 events):
Event: 23.779 GC heap after
{Heap after GC invocations=54 (full 0):
 garbage-first heap   total 299008K, used 129776K [0x0000000080000000, 0x0000000100000000)
  region size 1024K, 11 young (11264K), 11 survivors (11264K)
 Metaspace       used 114686K, committed 116992K, reserved 1179648K
  class space    used 16353K, committed 17472K, reserved 1048576K
}
Event: 24.107 GC heap before
{Heap before GC invocations=55 (full 0):
 garbage-first heap   total 299008K, used 280304K [0x0000000080000000, 0x0000000100000000)
  region size 1024K, 158 young (161792K), 11 survivors (11264K)
 Metaspace       used 114705K, committed 116992K, reserved 1179648K
  class space    used 16354K, committed 17472K, reserved 1048576K
}
Event: 24.116 GC heap after
{Heap after GC invocations=56 (full 0):
 garbage-first heap   total 299008K, used 130261K [0x0000000080000000, 0x0000000100000000)
  region size 1024K, 11 young (11264K), 11 survivors (11264K)
 Metaspace       used 114705K, committed 116992K, reserved 1179648K
  class space    used 16354K, committed 17472K, reserved 1048576K
}
Event: 24.338 GC heap before
{Heap before GC invocations=56 (full 0):
 garbage-first heap   total 299008K, used 281813K [0x0000000080000000, 0x0000000100000000)
  region size 1024K, 159 young (162816K), 11 survivors (11264K)
 Metaspace       used 114709K, committed 117056K, reserved 1179648K
  class space    used 16354K, committed 17472K, reserved 1048576K
}
Event: 24.353 GC heap after
{Heap after GC invocations=57 (full 0):
 garbage-first heap   total 584704K, used 131039K [0x0000000080000000, 0x0000000100000000)
  region size 1024K, 12 young (12288K), 12 survivors (12288K)
 Metaspace       used 114709K, committed 117056K, reserved 1179648K
  class space    used 16354K, committed 17472K, reserved 1048576K
}
Event: 24.880 GC heap before
{Heap before GC invocations=57 (full 0):
 garbage-first heap   total 584704K, used 467935K [0x0000000080000000, 0x0000000100000000)
  region size 1024K, 342 young (350208K), 12 survivors (12288K)
 Metaspace       used 114710K, committed 117056K, reserved 1179648K
  class space    used 16354K, committed 17472K, reserved 1048576K
}
Event: 24.890 GC heap after
{Heap after GC invocations=58 (full 0):
 garbage-first heap   total 584704K, used 131825K [0x0000000080000000, 0x0000000100000000)
  region size 1024K, 13 young (13312K), 13 survivors (13312K)
 Metaspace       used 114710K, committed 117056K, reserved 1179648K
  class space    used 16354K, committed 17472K, reserved 1048576K
}
Event: 25.250 GC heap before
{Heap before GC invocations=58 (full 0):
 garbage-first heap   total 584704K, used 468721K [0x0000000080000000, 0x0000000100000000)
  region size 1024K, 342 young (350208K), 13 survivors (13312K)
 Metaspace       used 114737K, committed 117184K, reserved 1179648K
  class space    used 16356K, committed 17536K, reserved 1048576K
}
Event: 25.262 GC heap after
{Heap after GC invocations=59 (full 0):
 garbage-first heap   total 584704K, used 133611K [0x0000000080000000, 0x0000000100000000)
  region size 1024K, 14 young (14336K), 14 survivors (14336K)
 Metaspace       used 114737K, committed 117184K, reserved 1179648K
  class space    used 16356K, committed 17536K, reserved 1048576K
}
Event: 25.561 GC heap before
{Heap before GC invocations=59 (full 0):
 garbage-first heap   total 584704K, used 468459K [0x0000000080000000, 0x0000000100000000)
  region size 1024K, 342 young (350208K), 14 survivors (14336K)
 Metaspace       used 114738K, committed 117184K, reserved 1179648K
  class space    used 16356K, committed 17536K, reserved 1048576K
}
Event: 25.573 GC heap after
{Heap after GC invocations=60 (full 0):
 garbage-first heap   total 584704K, used 135471K [0x0000000080000000, 0x0000000100000000)
  region size 1024K, 16 young (16384K), 16 survivors (16384K)
 Metaspace       used 114738K, committed 117184K, reserved 1179648K
  class space    used 16356K, committed 17536K, reserved 1048576K
}
Event: 25.984 GC heap before
{Heap before GC invocations=61 (full 0):
 garbage-first heap   total 454656K, used 391471K [0x0000000080000000, 0x0000000100000000)
  region size 1024K, 266 young (272384K), 16 survivors (16384K)
 Metaspace       used 114756K, committed 117184K, reserved 1179648K
  class space    used 16358K, committed 17536K, reserved 1048576K
}
Event: 25.997 GC heap after
{Heap after GC invocations=62 (full 0):
 garbage-first heap   total 454656K, used 135659K [0x0000000080000000, 0x0000000100000000)
  region size 1024K, 16 young (16384K), 16 survivors (16384K)
 Metaspace       used 114756K, committed 117184K, reserved 1179648K
  class space    used 16358K, committed 17536K, reserved 1048576K
}
Event: 26.266 GC heap before
{Heap before GC invocations=62 (full 0):
 garbage-first heap   total 454656K, used 390635K [0x0000000080000000, 0x0000000100000000)
  region size 1024K, 266 young (272384K), 16 survivors (16384K)
 Metaspace       used 114759K, committed 117184K, reserved 1179648K
  class space    used 16359K, committed 17536K, reserved 1048576K
}
Event: 26.282 GC heap after
{Heap after GC invocations=63 (full 0):
 garbage-first heap   total 454656K, used 135920K [0x0000000080000000, 0x0000000100000000)
  region size 1024K, 17 young (17408K), 17 survivors (17408K)
 Metaspace       used 114759K, committed 117184K, reserved 1179648K
  class space    used 16359K, committed 17536K, reserved 1048576K
}
Event: 26.639 GC heap before
{Heap before GC invocations=63 (full 0):
 garbage-first heap   total 454656K, used 389872K [0x0000000080000000, 0x0000000100000000)
  region size 1024K, 266 young (272384K), 17 survivors (17408K)
 Metaspace       used 114791K, committed 117184K, reserved 1179648K
  class space    used 16360K, committed 17536K, reserved 1048576K
}
Event: 26.660 GC heap after
{Heap after GC invocations=64 (full 0):
 garbage-first heap   total 454656K, used 137217K [0x0000000080000000, 0x0000000100000000)
  region size 1024K, 18 young (18432K), 18 survivors (18432K)
 Metaspace       used 114791K, committed 117184K, reserved 1179648K
  class space    used 16360K, committed 17536K, reserved 1048576K
}
Event: 27.114 GC heap before
{Heap before GC invocations=65 (full 0):
 garbage-first heap   total 454656K, used 390145K [0x0000000080000000, 0x0000000100000000)
  region size 1024K, 266 young (272384K), 18 survivors (18432K)
 Metaspace       used 114798K, committed 117184K, reserved 1179648K
  class space    used 16361K, committed 17536K, reserved 1048576K
}
Event: 27.133 GC heap after
{Heap after GC invocations=66 (full 0):
 garbage-first heap   total 454656K, used 138391K [0x0000000080000000, 0x0000000100000000)
  region size 1024K, 18 young (18432K), 18 survivors (18432K)
 Metaspace       used 114798K, committed 117184K, reserved 1179648K
  class space    used 16361K, committed 17536K, reserved 1048576K
}
Event: 27.570 GC heap before
{Heap before GC invocations=66 (full 0):
 garbage-first heap   total 454656K, used 391319K [0x0000000080000000, 0x0000000100000000)
  region size 1024K, 266 young (272384K), 18 survivors (18432K)
 Metaspace       used 114830K, committed 117248K, reserved 1179648K
  class space    used 16361K, committed 17536K, reserved 1048576K
}

Dll operation events (3 events):
Event: 0.012 Loaded shared library C:\Program Files\Android\Android Studio\jbr\bin\java.dll
Event: 0.019 Loaded shared library C:\Program Files\Android\Android Studio\jbr\bin\zip.dll
Event: 0.690 Loaded shared library C:\Program Files\Android\Android Studio\jbr\bin\verify.dll

Deoptimization events (20 events):
Event: 26.777 Thread 0x000001bcdc871150 Uncommon trap: trap_request=0xffffffc6 fr.pc=0x000001bcca0d0f5c relative=0x00000000000005fc
Event: 26.777 Thread 0x000001bcdc871150 Uncommon trap: reason=bimorphic_or_optimized_type_check action=maybe_recompile pc=0x000001bcca0d0f5c method=org.gradle.internal.snapshot.LargeChildMap.withNode(Lorg/gradle/internal/snapshot/VfsRelativePath;Lorg/gradle/internal/snapshot/CaseSensitivity;Lor
Event: 26.777 Thread 0x000001bcdc871150 DEOPT PACKING pc=0x000001bcca0d0f5c sp=0x000000a16c5fc8d0
Event: 26.778 Thread 0x000001bcdc871150 DEOPT UNPACKING pc=0x000001bcc94543a2 sp=0x000000a16c5fc8d0 mode 2
Event: 26.789 Thread 0x000001bcdc871150 Uncommon trap: trap_request=0xffffffc6 fr.pc=0x000001bcca0d0f5c relative=0x00000000000005fc
Event: 26.789 Thread 0x000001bcdc871150 Uncommon trap: reason=bimorphic_or_optimized_type_check action=maybe_recompile pc=0x000001bcca0d0f5c method=org.gradle.internal.snapshot.LargeChildMap.withNode(Lorg/gradle/internal/snapshot/VfsRelativePath;Lorg/gradle/internal/snapshot/CaseSensitivity;Lor
Event: 26.789 Thread 0x000001bcdc871150 DEOPT PACKING pc=0x000001bcca0d0f5c sp=0x000000a16c5fc8e0
Event: 26.789 Thread 0x000001bcdc871150 DEOPT UNPACKING pc=0x000001bcc94543a2 sp=0x000000a16c5fc8e0 mode 2
Event: 27.214 Thread 0x000001bcdc871150 Uncommon trap: trap_request=0xffffff45 fr.pc=0x000001bcc9e34d58 relative=0x0000000000000278
Event: 27.214 Thread 0x000001bcdc871150 Uncommon trap: reason=unstable_if action=reinterpret pc=0x000001bcc9e34d58 method=org.gradle.internal.snapshot.PathUtil.compareDifferentCharsIgnoringCase(CC)I @ 12 c2
Event: 27.214 Thread 0x000001bcdc871150 DEOPT PACKING pc=0x000001bcc9e34d58 sp=0x000000a16c5fbcb0
Event: 27.214 Thread 0x000001bcdc871150 DEOPT UNPACKING pc=0x000001bcc94543a2 sp=0x000000a16c5fbc28 mode 2
Event: 27.216 Thread 0x000001bcdc871150 Uncommon trap: trap_request=0xffffffc6 fr.pc=0x000001bcca0d0f5c relative=0x00000000000005fc
Event: 27.216 Thread 0x000001bcdc871150 Uncommon trap: reason=bimorphic_or_optimized_type_check action=maybe_recompile pc=0x000001bcca0d0f5c method=org.gradle.internal.snapshot.LargeChildMap.withNode(Lorg/gradle/internal/snapshot/VfsRelativePath;Lorg/gradle/internal/snapshot/CaseSensitivity;Lor
Event: 27.216 Thread 0x000001bcdc871150 DEOPT PACKING pc=0x000001bcca0d0f5c sp=0x000000a16c5fc8e0
Event: 27.216 Thread 0x000001bcdc871150 DEOPT UNPACKING pc=0x000001bcc94543a2 sp=0x000000a16c5fc8e0 mode 2
Event: 27.317 Thread 0x000001bcdc871150 Uncommon trap: trap_request=0xffffffde fr.pc=0x000001bcca1a1814 relative=0x0000000000000234
Event: 27.317 Thread 0x000001bcdc871150 Uncommon trap: reason=class_check action=maybe_recompile pc=0x000001bcca1a1814 method=org.gradle.internal.snapshot.AbstractFileSystemLocationSnapshot.getSnapshot(Lorg/gradle/internal/snapshot/VfsRelativePath;Lorg/gradle/internal/snapshot/CaseSensitivity;)
Event: 27.317 Thread 0x000001bcdc871150 DEOPT PACKING pc=0x000001bcca1a1814 sp=0x000000a16c5fbf80
Event: 27.318 Thread 0x000001bcdc871150 DEOPT UNPACKING pc=0x000001bcc94543a2 sp=0x000000a16c5fbf08 mode 2

Classes loaded (20 events):
Event: 20.496 Loading class java/util/stream/ReduceOps$6
Event: 20.496 Loading class java/util/stream/ReduceOps$6 done
Event: 20.496 Loading class java/util/stream/ReduceOps$5ReducingSink
Event: 20.496 Loading class java/util/stream/Sink$OfInt
Event: 20.496 Loading class java/util/stream/Sink$OfInt done
Event: 20.496 Loading class java/util/stream/ReduceOps$5ReducingSink done
Event: 20.499 Loading class java/util/stream/ReferencePipeline$4$1
Event: 20.499 Loading class java/util/stream/ReferencePipeline$4$1 done
Event: 20.617 Loading class java/io/CharArrayWriter
Event: 20.618 Loading class java/io/CharArrayWriter done
Event: 20.632 Loading class java/io/SequenceInputStream
Event: 20.632 Loading class java/io/SequenceInputStream done
Event: 20.649 Loading class java/util/function/IntUnaryOperator
Event: 20.649 Loading class java/util/function/IntUnaryOperator done
Event: 23.162 Loading class java/nio/file/FileTreeWalker$1
Event: 23.163 Loading class java/nio/file/FileTreeWalker$1 done
Event: 23.617 Loading class java/util/concurrent/ConcurrentSkipListMap$KeySet
Event: 23.618 Loading class java/util/concurrent/ConcurrentSkipListMap$KeySet done
Event: 23.618 Loading class java/util/concurrent/ConcurrentSkipListMap$KeyIterator
Event: 23.618 Loading class java/util/concurrent/ConcurrentSkipListMap$KeyIterator done

Classes unloaded (0 events):
No events

Classes redefined (0 events):
No events

Internal exceptions (20 events):
Event: 27.482 Thread 0x000001bce203ecd0 Exception <a 'sun/nio/fs/WindowsException'{0x000000008f2280e8}> (0x000000008f2280e8) 
thrown [s\src\hotspot\share\prims\jni.cpp, line 537]
Event: 27.483 Thread 0x000001bcdced0a70 Exception <a 'sun/nio/fs/WindowsException'{0x000000008f18dd08}> (0x000000008f18dd08) 
thrown [s\src\hotspot\share\prims\jni.cpp, line 537]
Event: 27.483 Thread 0x000001bcdced1e20 Exception <a 'sun/nio/fs/WindowsException'{0x000000008f1ee3b8}> (0x000000008f1ee3b8) 
thrown [s\src\hotspot\share\prims\jni.cpp, line 537]
Event: 27.491 Thread 0x000001bce203d290 Exception <a 'sun/nio/fs/WindowsException'{0x000000008ed47b08}> (0x000000008ed47b08) 
thrown [s\src\hotspot\share\prims\jni.cpp, line 537]
Event: 27.492 Thread 0x000001bce0f64ed0 Exception <a 'sun/nio/fs/WindowsException'{0x000000008f080780}> (0x000000008f080780) 
thrown [s\src\hotspot\share\prims\jni.cpp, line 537]
Event: 27.493 Thread 0x000001bcdced1100 Exception <a 'sun/nio/fs/WindowsException'{0x00000000903892a0}> (0x00000000903892a0) 
thrown [s\src\hotspot\share\prims\jni.cpp, line 537]
Event: 27.497 Thread 0x000001bce0f67630 Exception <a 'sun/nio/fs/WindowsException'{0x000000008e968038}> (0x000000008e968038) 
thrown [s\src\hotspot\share\prims\jni.cpp, line 537]
Event: 27.512 Thread 0x000001bcdced1e20 Exception <a 'sun/nio/fs/WindowsException'{0x000000008de902a0}> (0x000000008de902a0) 
thrown [s\src\hotspot\share\prims\jni.cpp, line 537]
Event: 27.513 Thread 0x000001bce0f64ed0 Exception <a 'sun/nio/fs/WindowsException'{0x000000008dc17090}> (0x000000008dc17090) 
thrown [s\src\hotspot\share\prims\jni.cpp, line 537]
Event: 27.515 Thread 0x000001bcdced1100 Exception <a 'sun/nio/fs/WindowsException'{0x000000008da49430}> (0x000000008da49430) 
thrown [s\src\hotspot\share\prims\jni.cpp, line 537]
Event: 27.516 Thread 0x000001bce203d290 Exception <a 'sun/nio/fs/WindowsException'{0x000000008da9f300}> (0x000000008da9f300) 
thrown [s\src\hotspot\share\prims\jni.cpp, line 537]
Event: 27.520 Thread 0x000001bce0f67630 Exception <a 'sun/nio/fs/WindowsException'{0x000000008d9f6288}> (0x000000008d9f6288) 
thrown [s\src\hotspot\share\prims\jni.cpp, line 537]
Event: 27.522 Thread 0x000001bcdced0a70 Exception <a 'sun/nio/fs/WindowsException'{0x000000008e03c3e8}> (0x000000008e03c3e8) 
thrown [s\src\hotspot\share\prims\jni.cpp, line 537]
Event: 27.532 Thread 0x000001bcdced1e20 Exception <a 'sun/nio/fs/WindowsException'{0x000000008cec0e48}> (0x000000008cec0e48) 
thrown [s\src\hotspot\share\prims\jni.cpp, line 537]
Event: 27.532 Thread 0x000001bcdc871150 Exception <a 'sun/nio/fs/WindowsException'{0x000000008d0ee710}> (0x000000008d0ee710) 
thrown [s\src\hotspot\share\prims\jni.cpp, line 537]
Event: 27.550 Thread 0x000001bcdced1100 Exception <a 'sun/nio/fs/WindowsException'{0x000000008ca741d8}> (0x000000008ca741d8) 
thrown [s\src\hotspot\share\prims\jni.cpp, line 537]
Event: 27.551 Thread 0x000001bcdced0a70 Exception <a 'sun/nio/fs/WindowsException'{0x000000008c8d1e80}> (0x000000008c8d1e80) 
thrown [s\src\hotspot\share\prims\jni.cpp, line 537]
Event: 27.551 Thread 0x000001bce0f67630 Exception <a 'sun/nio/fs/WindowsException'{0x000000008c8a2ee0}> (0x000000008c8a2ee0) 
thrown [s\src\hotspot\share\prims\jni.cpp, line 537]
Event: 27.553 Thread 0x000001bce0f64ed0 Exception <a 'sun/nio/fs/WindowsException'{0x000000008c73a258}> (0x000000008c73a258) 
thrown [s\src\hotspot\share\prims\jni.cpp, line 537]
Event: 27.557 Thread 0x000001bce203ecd0 Exception <a 'sun/nio/fs/WindowsException'{0x000000008c6e99d0}> (0x000000008c6e99d0) 
thrown [s\src\hotspot\share\prims\jni.cpp, line 537]

ZGC Phase Switch (0 events):
No events

VM Operations (20 events):
Event: 25.262 Executing VM operation: G1CollectForAllocation (G1 Evacuation Pause) done
Event: 25.561 Executing VM operation: G1CollectForAllocation (G1 Evacuation Pause)
Event: 25.573 Executing VM operation: G1CollectForAllocation (G1 Evacuation Pause) done
Event: 25.757 Executing VM operation: G1PauseRemark
Event: 25.765 Executing VM operation: G1PauseRemark done
Event: 25.847 Executing VM operation: G1PauseCleanup
Event: 25.848 Executing VM operation: G1PauseCleanup done
Event: 25.984 Executing VM operation: G1CollectForAllocation (G1 Evacuation Pause)
Event: 25.997 Executing VM operation: G1CollectForAllocation (G1 Evacuation Pause) done
Event: 26.265 Executing VM operation: G1CollectForAllocation (G1 Evacuation Pause)
Event: 26.282 Executing VM operation: G1CollectForAllocation (G1 Evacuation Pause) done
Event: 26.639 Executing VM operation: G1CollectForAllocation (G1 Evacuation Pause)
Event: 26.660 Executing VM operation: G1CollectForAllocation (G1 Evacuation Pause) done
Event: 26.893 Executing VM operation: G1PauseRemark
Event: 26.902 Executing VM operation: G1PauseRemark done
Event: 27.015 Executing VM operation: G1PauseCleanup
Event: 27.016 Executing VM operation: G1PauseCleanup done
Event: 27.114 Executing VM operation: G1CollectForAllocation (G1 Evacuation Pause)
Event: 27.133 Executing VM operation: G1CollectForAllocation (G1 Evacuation Pause) done
Event: 27.570 Executing VM operation: G1CollectForAllocation (G1 Evacuation Pause)

Memory protections (0 events):
No events

Nmethod flushes (20 events):
Event: 26.901 Thread 0x000001bcd65d0450 flushing  nmethod 0x000001bcc285fa90
Event: 26.901 Thread 0x000001bcd65d0450 flushing  nmethod 0x000001bcc2860690
Event: 26.901 Thread 0x000001bcd65d0450 flushing  nmethod 0x000001bcc2949b10
Event: 26.901 Thread 0x000001bcd65d0450 flushing  nmethod 0x000001bcc29f6010
Event: 26.901 Thread 0x000001bcd65d0450 flushing  nmethod 0x000001bcc29f7590
Event: 26.901 Thread 0x000001bcd65d0450 flushing  nmethod 0x000001bcc2c06910
Event: 26.901 Thread 0x000001bcd65d0450 flushing  nmethod 0x000001bcc2c10910
Event: 26.901 Thread 0x000001bcd65d0450 flushing  nmethod 0x000001bcc2c5d590
Event: 26.901 Thread 0x000001bcd65d0450 flushing  nmethod 0x000001bcc33fdf90
Event: 26.901 Thread 0x000001bcd65d0450 flushing  nmethod 0x000001bcc3400610
Event: 26.901 Thread 0x000001bcd65d0450 flushing  nmethod 0x000001bcc3407f90
Event: 26.901 Thread 0x000001bcd65d0450 flushing  nmethod 0x000001bcc2b9ef10
Event: 26.901 Thread 0x000001bcd65d0450 flushing  nmethod 0x000001bcc2c04690
Event: 26.901 Thread 0x000001bcd65d0450 flushing  nmethod 0x000001bcc2c43090
Event: 26.901 Thread 0x000001bcd65d0450 flushing  nmethod 0x000001bcc2c44510
Event: 26.901 Thread 0x000001bcd65d0450 flushing  nmethod 0x000001bcc2c46610
Event: 26.901 Thread 0x000001bcd65d0450 flushing  nmethod 0x000001bcc2c90d90
Event: 26.901 Thread 0x000001bcd65d0450 flushing  nmethod 0x000001bcc2ced210
Event: 26.901 Thread 0x000001bcd65d0450 flushing  nmethod 0x000001bcc3352590
Event: 26.901 Thread 0x000001bcd65d0450 flushing  nmethod 0x000001bcc33f4590

Events (20 events):
Event: 22.393 Thread 0x000001bcdc873f40 Thread added: 0x000001bce03b0420
Event: 22.393 Thread 0x000001bcdc873f40 Thread added: 0x000001bce03b1e60
Event: 22.393 Thread 0x000001bcdc873f40 Thread added: 0x000001bce03b3f30
Event: 22.477 Thread 0x000001bcdc873f40 Thread added: 0x000001bce03b45c0
Event: 22.477 Thread 0x000001bcdc873f40 Thread added: 0x000001bce03b1140
Event: 22.477 Thread 0x000001bcdc873f40 Thread added: 0x000001bce03b4c50
Event: 22.478 Thread 0x000001bcdc873f40 Thread added: 0x000001bce03b17d0
Event: 22.478 Thread 0x000001bcdc873f40 Thread added: 0x000001bce03b52e0
Event: 22.479 Thread 0x000001bcdc873f40 Thread added: 0x000001bce03b5970
Event: 22.479 Thread 0x000001bcdc873f40 Thread added: 0x000001bce03b6000
Event: 22.774 Thread 0x000001bcdc873f40 Thread added: 0x000001bce203d290
Event: 22.775 Thread 0x000001bcdc873f40 Thread added: 0x000001bce203a4a0
Event: 22.776 Thread 0x000001bcdc873f40 Thread added: 0x000001bce203ecd0
Event: 22.776 Thread 0x000001bcdc873f40 Thread added: 0x000001bce203dfb0
Event: 24.900 Thread 0x000001bcdd45fd50 Thread exited: 0x000001bcdd45fd50
Event: 25.015 Thread 0x000001bcd66556f0 Thread added: 0x000001bcdd461f60
Event: 25.961 Thread 0x000001bcdd461f60 Thread exited: 0x000001bcdd461f60
Event: 26.206 Thread 0x000001bcd66540e0 Thread added: 0x000001bcdd45fd50
Event: 26.934 Thread 0x000001bcdd45fd50 Thread exited: 0x000001bcdd45fd50
Event: 27.339 Thread 0x000001bcd66540e0 Thread added: 0x000001bcdd461f60


Dynamic libraries:
0x00007ff7eb740000 - 0x00007ff7eb74a000 	C:\Program Files\Android\Android Studio\jbr\bin\java.exe
0x00007ffba31c0000 - 0x00007ffba3423000 	C:\Windows\SYSTEM32\ntdll.dll
0x00007ffba2560000 - 0x00007ffba2628000 	C:\Windows\System32\KERNEL32.DLL
0x00007ffba0990000 - 0x00007ffba0d42000 	C:\Windows\System32\KERNELBASE.dll
0x00007ffba0590000 - 0x00007ffba06db000 	C:\Windows\System32\ucrtbase.dll
0x00007ffb98400000 - 0x00007ffb9841b000 	C:\Program Files\Android\Android Studio\jbr\bin\VCRUNTIME140.dll
0x00007ffb98440000 - 0x00007ffb98458000 	C:\Program Files\Android\Android Studio\jbr\bin\jli.dll
0x00007ffba2aa0000 - 0x00007ffba2c68000 	C:\Windows\System32\USER32.dll
0x00007ffb86790000 - 0x00007ffb86a20000 	C:\Windows\WinSxS\amd64_microsoft.windows.common-controls_6595b64144ccf1df_6.0.26100.2454_none_3e0b68a2e331ad60\COMCTL32.dll
0x00007ffba0ff0000 - 0x00007ffba1017000 	C:\Windows\System32\win32u.dll
0x00007ffba30d0000 - 0x00007ffba3179000 	C:\Windows\System32\msvcrt.dll
0x00007ffba1020000 - 0x00007ffba104a000 	C:\Windows\System32\GDI32.dll
0x00007ffba06e0000 - 0x00007ffba080b000 	C:\Windows\System32\gdi32full.dll
0x00007ffba0e80000 - 0x00007ffba0f23000 	C:\Windows\System32\msvcp_win.dll
0x00007ffba1050000 - 0x00007ffba107f000 	C:\Windows\System32\IMM32.DLL
0x00007ffb98460000 - 0x00007ffb9846c000 	C:\Program Files\Android\Android Studio\jbr\bin\vcruntime140_1.dll
0x00007ffb8b140000 - 0x00007ffb8b1cd000 	C:\Program Files\Android\Android Studio\jbr\bin\msvcp140.dll
0x00007ffb3b110000 - 0x00007ffb3bda6000 	C:\Program Files\Android\Android Studio\jbr\bin\server\jvm.dll
0x00007ffba2760000 - 0x00007ffba2814000 	C:\Windows\System32\ADVAPI32.dll
0x00007ffba3020000 - 0x00007ffba30c6000 	C:\Windows\System32\sechost.dll
0x00007ffba2980000 - 0x00007ffba2a96000 	C:\Windows\System32\RPCRT4.dll
0x00007ffba2c70000 - 0x00007ffba2ce4000 	C:\Windows\System32\WS2_32.dll
0x00007ffb9f200000 - 0x00007ffb9f24e000 	C:\Windows\SYSTEM32\POWRPROF.dll
0x00007ffb874f0000 - 0x00007ffb87526000 	C:\Windows\SYSTEM32\WINMM.dll
0x00007ffb97ea0000 - 0x00007ffb97eab000 	C:\Windows\SYSTEM32\VERSION.dll
0x00007ffb9f1e0000 - 0x00007ffb9f1f4000 	C:\Windows\SYSTEM32\UMPDC.dll
0x00007ffb9f4a0000 - 0x00007ffb9f4ba000 	C:\Windows\SYSTEM32\kernel.appcore.dll
0x00007ffb983f0000 - 0x00007ffb983fa000 	C:\Program Files\Android\Android Studio\jbr\bin\jimage.dll
0x00007ffb9dc90000 - 0x00007ffb9ded1000 	C:\Windows\SYSTEM32\DBGHELP.DLL
0x00007ffba2110000 - 0x00007ffba248e000 	C:\Windows\System32\combase.dll
0x00007ffba1110000 - 0x00007ffba11e6000 	C:\Windows\System32\OLEAUT32.dll
0x00007ffb89fe0000 - 0x00007ffb8a019000 	C:\Windows\SYSTEM32\dbgcore.DLL
0x00007ffba0d50000 - 0x00007ffba0de9000 	C:\Windows\System32\bcryptPrimitives.dll
0x00007ffb984f0000 - 0x00007ffb984fe000 	C:\Program Files\Android\Android Studio\jbr\bin\instrument.dll
0x00007ffb974c0000 - 0x00007ffb974e0000 	C:\Program Files\Android\Android Studio\jbr\bin\java.dll
0x00007ffb97450000 - 0x00007ffb97468000 	C:\Program Files\Android\Android Studio\jbr\bin\zip.dll
0x00007ffba1860000 - 0x00007ffba1f60000 	C:\Windows\System32\SHELL32.dll
0x00007ffb9e280000 - 0x00007ffb9eab1000 	C:\Windows\SYSTEM32\windows.storage.dll
0x00007ffba2630000 - 0x00007ffba270a000 	C:\Windows\System32\SHCORE.dll
0x00007ffba2920000 - 0x00007ffba297d000 	C:\Windows\System32\shlwapi.dll
0x00007ffba04a0000 - 0x00007ffba04ce000 	C:\Windows\SYSTEM32\profapi.dll
0x00007ffb98220000 - 0x00007ffb98230000 	C:\Program Files\Android\Android Studio\jbr\bin\net.dll
0x00007ffb999c0000 - 0x00007ffb99ae6000 	C:\Windows\SYSTEM32\WINHTTP.dll
0x00007ffb9f980000 - 0x00007ffb9f9e8000 	C:\Windows\system32\mswsock.dll
0x00007ffb958f0000 - 0x00007ffb95906000 	C:\Program Files\Android\Android Studio\jbr\bin\nio.dll
0x00007ffb8cd10000 - 0x00007ffb8cd20000 	C:\Program Files\Android\Android Studio\jbr\bin\verify.dll
0x00007ffb98480000 - 0x00007ffb984a7000 	C:\Users\Albaheth\.gradle\native\1def1411415f61bf3af743bc5b6707747c0891f09f0c88961ee8f79bc544acac\windows-amd64\native-platform.dll
0x00007ffb8b520000 - 0x00007ffb8b597000 	C:\Users\Albaheth\.gradle\native\0.2.8\x86_64-windows-gnu\gradle-fileevents.dll
0x00007ffb958e0000 - 0x00007ffb958e9000 	C:\Program Files\Android\Android Studio\jbr\bin\management.dll
0x00007ffb95810000 - 0x00007ffb9581b000 	C:\Program Files\Android\Android Studio\jbr\bin\management_ext.dll
0x00007ffba24d0000 - 0x00007ffba24d8000 	C:\Windows\System32\PSAPI.DLL
0x00007ffb9eef0000 - 0x00007ffb9ef22000 	C:\Windows\SYSTEM32\IPHLPAPI.DLL
0x00007ffba2e50000 - 0x00007ffba2e5a000 	C:\Windows\System32\NSI.dll
0x00007ffb98190000 - 0x00007ffb98199000 	C:\Program Files\Android\Android Studio\jbr\bin\extnet.dll
0x00007ffb9fd30000 - 0x00007ffb9fd4c000 	C:\Windows\SYSTEM32\CRYPTSP.dll
0x00007ffb9f400000 - 0x00007ffb9f438000 	C:\Windows\system32\rsaenh.dll
0x00007ffb9fa20000 - 0x00007ffb9fa4b000 	C:\Windows\SYSTEM32\USERENV.dll
0x00007ffb9fec0000 - 0x00007ffb9fee6000 	C:\Windows\SYSTEM32\bcrypt.dll
0x00007ffb9fbb0000 - 0x00007ffb9fbbc000 	C:\Windows\SYSTEM32\CRYPTBASE.dll
0x00007ffb1aab0000 - 0x00007ffb1aab8000 	C:\Windows\system32\wshunix.dll

JVMTI agents:
C:\Users\Albaheth\.gradle\wrapper\dists\gradle-9.1.0-bin\9agqghryom9wkf8r80qlhnts3\gradle-9.1.0\lib\agents\gradle-instrumentation-agent-9.1.0.jar path:C:\Program Files\Android\Android Studio\jbr\bin\instrument.dll, loaded, initialized, instrumentlib options:none

dbghelp: loaded successfully - version: 4.0.5 - missing functions: none
symbol engine: initialized successfully - sym options: 0x614 - pdb path: .;C:\Program Files\Android\Android Studio\jbr\bin;C:\Windows\SYSTEM32;C:\Windows\WinSxS\amd64_microsoft.windows.common-controls_6595b64144ccf1df_6.0.26100.2454_none_3e0b68a2e331ad60;C:\Program Files\Android\Android Studio\jbr\bin\server;C:\Users\Albaheth\.gradle\native\1def1411415f61bf3af743bc5b6707747c0891f09f0c88961ee8f79bc544acac\windows-amd64;C:\Users\Albaheth\.gradle\native\0.2.8\x86_64-windows-gnu

VM Arguments:
jvm_args: --add-opens=java.base/java.lang=ALL-UNNAMED --add-opens=java.base/java.lang.invoke=ALL-UNNAMED --add-opens=java.base/java.util=ALL-UNNAMED --add-opens=java.prefs/java.util.prefs=ALL-UNNAMED --add-exports=jdk.compiler/com.sun.tools.javac.api=ALL-UNNAMED --add-exports=jdk.compiler/com.sun.tools.javac.util=ALL-UNNAMED --add-opens=java.base/java.util=ALL-UNNAMED --add-opens=java.prefs/java.util.prefs=ALL-UNNAMED --add-opens=java.base/java.nio.charset=ALL-UNNAMED --add-opens=java.base/java.net=ALL-UNNAMED --add-opens=java.base/java.util.concurrent=ALL-UNNAMED --add-opens=java.base/java.util.concurrent.atomic=ALL-UNNAMED --add-opens=java.xml/javax.xml.namespace=ALL-UNNAMED --add-opens=java.base/java.time=ALL-UNNAMED -Xmx2048m -Dfile.encoding=UTF-8 -Duser.country=US -Duser.language=en -Duser.variant -javaagent:C:\Users\Albaheth\.gradle\wrapper\dists\gradle-9.1.0-bin\9agqghryom9wkf8r80qlhnts3\gradle-9.1.0\lib\agents\gradle-instrumentation-agent-9.1.0.jar 
java_command: org.gradle.launcher.daemon.bootstrap.GradleDaemon 9.1.0
java_class_path (initial): C:\Users\Albaheth\.gradle\wrapper\dists\gradle-9.1.0-bin\9agqghryom9wkf8r80qlhnts3\gradle-9.1.0\lib\gradle-daemon-main-9.1.0.jar
Launcher Type: SUN_STANDARD

[Global flags]
     intx CICompilerCount                          = 4                                         {product} {ergonomic}
     uint ConcGCThreads                            = 2                                         {product} {ergonomic}
     uint G1ConcRefinementThreads                  = 8                                         {product} {ergonomic}
   size_t G1HeapRegionSize                         = 1048576                                   {product} {ergonomic}
    uintx GCDrainStackTargetSize                   = 64                                        {product} {ergonomic}
   size_t InitialHeapSize                          = 132120576                                 {product} {ergonomic}
   size_t MarkStackSize                            = 4194304                                   {product} {ergonomic}
   size_t MaxHeapSize                              = 2147483648                                {product} {command line}
   size_t MaxNewSize                               = 1287651328                                {product} {ergonomic}
   size_t MinHeapDeltaBytes                        = 1048576                                   {product} {ergonomic}
   size_t MinHeapSize                              = 8388608                                   {product} {ergonomic}
    uintx NonNMethodCodeHeapSize                   = 5839372                                {pd product} {ergonomic}
    uintx NonProfiledCodeHeapSize                  = 122909434                              {pd product} {ergonomic}
    uintx ProfiledCodeHeapSize                     = 122909434                              {pd product} {ergonomic}
    uintx ReservedCodeCacheSize                    = 251658240                              {pd product} {ergonomic}
     bool SegmentedCodeCache                       = true                                      {product} {ergonomic}
   size_t SoftMaxHeapSize                          = 2147483648                             {manageable} {ergonomic}
     bool UseCompressedOops                        = true                           {product lp64_product} {ergonomic}
     bool UseG1GC                                  = true                                      {product} {ergonomic}
     bool UseLargePagesIndividualAllocation        = false                                  {pd product} {ergonomic}

Logging:
Log output configuration:
 #0: stdout all=warning uptime,level,tags foldmultilines=false
 #1: stderr all=off uptime,level,tags foldmultilines=false

Release file:
JAVA_VERSION="21.0.9" 
MODULES="java.base java.compiler java.datatransfer java.xml java.prefs java.desktop java.instrument java.logging java.management java.security.sasl java.naming java.rmi java.management.rmi java.net.http java.scripting java.security.jgss java.transaction.xa java.sql java.sql.rowset java.xml.crypto java.se java.smartcardio jdk.accessibility jdk.internal.jvmstat jdk.attach jdk.charsets jdk.internal.opt jdk.zipfs jdk.compiler jdk.crypto.ec jdk.crypto.cryptoki jdk.dynalink jdk.hotspot.agent jdk.httpserver jdk.internal.ed jdk.internal.le jdk.internal.vm.ci jdk.jartool jdk.javadoc jdk.jcmd jdk.jdeps jdk.jdwp.agent jdk.jdi jdk.jfr jdk.jlink jdk.jsobject jdk.localedata jdk.management jdk.management.agent jdk.management.jfr jdk.naming.dns jdk.naming.rmi jdk.net jdk.sctp jdk.security.auth jdk.security.jgss jdk.unsupported jdk.unsupported.desktop jdk.xml.dom" 
IMPLEMENTOR="JetBrains s.r.o." 
JAVA_RUNTIME_VERSION="21.0.9+-14649483-b1163.86" 
LIBC="default" 
OS_ARCH="x86_64" 
OS_NAME="Windows" 
SOURCE=".:git:554d0c326095" 

Environment Variables:
JAVA_HOME=C:\oracleJdk-25
PATH=C:\oracleJdk-25\bin;C:\javafx-25;C:\xampp\php;C:\Windows\system32;C:\Windows;C:\Windows\System32\Wbem;C:\Windows\System32\WindowsPowerShell\v1.0\;C:\Windows\System32\OpenSSH\;C:\Program Files\dotnet\;C:\Program Files\Git\cmd;C:\Program Files\nodejs\;C:\Users\Albaheth\Downloads\winlibs-x86_64-posix-seh-gcc-14.2.0-llvm-18.1.8-mingw-w64ucrt-12.0.0-r1\mingw64\bin;C:\win_flex_bison-latest;C:\Users\Albaheth\Downloads\winlibs-x86_64-posix-seh-gcc-14.2.0-llvm-18.1.8-mingw-w64ucrt-12.0.0-r1\mingw64\bin;C:\Users\Albaheth\AppData\Local\Programs\Python\Python314\Scripts\;C:\Users\Albaheth\AppData\Local\Programs\Python\Python314\;C:\Users\Albaheth\AppData\Local\Programs\Python\Launcher\;C:\Users\Albaheth\AppData\Local\Microsoft\WindowsApps;C:\Users\Albaheth\AppData\Local\Programs\Microsoft VS Code\bin;C:\Users\Albaheth\AppData\Roaming\npm;C:\Flex Windows\gcc\bin;C:\Flex Windows\Lex\bin;C:\Flex Windows\bison\bin;C:\Users\Albaheth\Downloads\openjdk-25.0.1_windows-x64_bin\bin;
USERNAME=Dell Abir
OS=Windows_NT
PROCESSOR_IDENTIFIER=Intel64 Family 6 Model 142 Stepping 12, GenuineIntel
TMP=C:\Users\Albaheth\AppData\Local\Temp
TEMP=C:\Users\Albaheth\AppData\Local\Temp




Periodic native trim disabled

JNI global refs:
JNI global refs: 27, weak refs: 0

JNI global refs memory usage: 835, weak refs: 833

Process memory usage:
Resident Set Size: 646272K (7% of 8162212K total physical memory with 737512K free physical memory)

OOME stack traces (most recent first):
Classloader memory used:
Loader org.gradle.internal.classloader.VisitableURLClassLoader                         : 43694K
Loader bootstrap                                                                       : 28770K
Loader org.gradle.internal.classloader.VisitableURLClassLoader$InstrumentingVisitableURLClassLoader: 28089K
Loader org.gradle.initialization.MixInLegacyTypesClassLoader                           : 13145K
Loader jdk.internal.reflect.DelegatingClassLoader                                      : 351K
Loader org.gradle.internal.classloader.VisitableURLClassLoader                         : 268K
Loader jdk.internal.loader.ClassLoaders$AppClassLoader                                 : 233K
Loader jdk.internal.loader.ClassLoaders$PlatformClassLoader                            : 150K
Loader org.gradle.groovy.scripts.internal.DefaultScriptCompilationHandler$ScriptClassLoader: 127K

Classes loaded by more than one classloader:
Class Program                                                                         : loaded 5 times (x 72B)
Class Build_gradle                                                                    : loaded 3 times (x 126B)
Class com.google.common.collect.RegularImmutableMap$KeySet                            : loaded 2 times (x 152B)
Class org.gradle.internal.classloader.FilteringClassLoader                            : loaded 2 times (x 105B)
Class com.google.common.base.CharMatcher$IsEither                                     : loaded 2 times (x 111B)
Class org.gradle.internal.classloader.ClassLoaderHierarchy                            : loaded 2 times (x 70B)
Class com.google.common.collect.ImmutableEnumSet                                      : loaded 2 times (x 146B)
Class com.google.common.util.concurrent.ExecutionError                                : loaded 2 times (x 82B)
Class com.google.common.collect.ImmutableList$1                                       : loaded 2 times (x 97B)
Class org.gradle.api.internal.classpath.ManifestUtil                                  : loaded 2 times (x 71B)
Class com.google.common.collect.RegularImmutableMap                                   : loaded 2 times (x 121B)
Class com.google.common.collect.ImmutableMap$MapViewOfValuesAsSingletonSets           : loaded 2 times (x 126B)
Class [Lorg.objectweb.asm.Symbol;                                                     : loaded 2 times (x 69B)
Class org.objectweb.asm.ClassVisitor                                                  : loaded 2 times (x 88B)
Class com.google.common.collect.UnmodifiableListIterator                              : loaded 2 times (x 95B)
Class com.google.common.base.Platform$JdkPatternCompiler                              : loaded 2 times (x 75B)
Class org.objectweb.asm.MethodTooLargeException                                       : loaded 2 times (x 83B)
Class [Lcom.google.common.cache.CacheBuilder$OneWeigher;                              : loaded 2 times (x 69B)
Class com.google.common.base.Suppliers                                                : loaded 2 times (x 71B)
Class org.gradle.internal.classloader.DefaultClassLoaderFactory                       : loaded 2 times (x 82B)
Class org.gradle.internal.classloader.ClassLoaderVisitor                              : loaded 2 times (x 76B)
Class [Lcom.google.common.collect.ImmutableMapEntry;                                  : loaded 2 times (x 69B)
Class org.gradle.api.internal.classpath.EffectiveClassPath                            : loaded 2 times (x 90B)
Class com.google.common.collect.ListMultimap                                          : loaded 2 times (x 70B)
Class com.google.common.collect.ImmutableEnumMap                                      : loaded 2 times (x 126B)
Class ijJvmDebugger1_4nk09ie7rajpf56fhqp8qjy4i                                        : loaded 2 times (x 171B)
Class com.google.common.collect.Sets$1                                                : loaded 2 times (x 139B)
Class org.objectweb.asm.AnnotationVisitor                                             : loaded 2 times (x 78B)
Class org.gradle.api.internal.DefaultClassPathProvider                                : loaded 2 times (x 76B)
Class com.google.common.collect.Sets$2                                                : loaded 2 times (x 139B)
Class [Lorg.gradle.api.internal.ClassPathProvider;                                    : loaded 2 times (x 69B)
Class org.gradle.api.internal.ClassPathProvider                                       : loaded 2 times (x 70B)
Class [Lorg.objectweb.asm.AnnotationVisitor;                                          : loaded 2 times (x 69B)
Class com.google.common.collect.Sets$3                                                : loaded 2 times (x 139B)
Class com.google.common.cache.LocalCache$LocalLoadingCache                            : loaded 2 times (x 134B)
Class org.gradle.internal.service.UnknownServiceException                             : loaded 2 times (x 83B)
Class com.google.common.collect.Sets$4                                                : loaded 2 times (x 139B)
Class org.objectweb.asm.ModuleVisitor                                                 : loaded 2 times (x 81B)
Class com.google.common.cache.LocalCache$Strength$1                                   : loaded 2 times (x 81B)
Class com.google.common.util.concurrent.SettableFuture                                : loaded 2 times (x 114B)
Class com.google.common.cache.LocalCache$Strength$2                                   : loaded 2 times (x 81B)
Class com.google.common.cache.LocalCache$Strength$3                                   : loaded 2 times (x 81B)
Class com.google.common.collect.MapDifference                                         : loaded 2 times (x 70B)
Class org.objectweb.asm.FieldWriter                                                   : loaded 2 times (x 78B)
Class com.google.common.cache.CacheBuilder$NullListener                               : loaded 2 times (x 82B)
Class org.gradle.internal.classpath.TransformedClassPath                              : loaded 2 times (x 96B)
Class org.gradle.internal.classloader.InstrumentingClassLoader                        : loaded 2 times (x 70B)
Class com.google.common.cache.CacheLoader$FunctionToCacheLoader                       : loaded 2 times (x 75B)
Class com.google.common.collect.Iterators$ArrayItr                                    : loaded 2 times (x 97B)
Class com.google.common.collect.ImmutableCollection$Builder                           : loaded 2 times (x 76B)
Class com.google.common.base.Joiner                                                   : loaded 2 times (x 79B)
Class com.google.common.base.MoreObjects                                              : loaded 2 times (x 71B)
Class com.google.common.base.Equivalence$Identity                                     : loaded 2 times (x 82B)
Class [Lorg.objectweb.asm.Type;                                                       : loaded 2 times (x 69B)
Class com.google.common.collect.UnmodifiableIterator                                  : loaded 2 times (x 80B)
Class org.gradle.internal.service.ServiceLocator                                      : loaded 2 times (x 70B)
Class com.google.common.base.Ascii                                                    : loaded 2 times (x 71B)
Class com.google.common.collect.SingletonImmutableBiMap                               : loaded 2 times (x 143B)
Class com.google.common.cache.LocalCache$1                                            : loaded 2 times (x 89B)
Class com.google.common.collect.Iterators$SingletonIterator                           : loaded 2 times (x 81B)
Class com.google.common.collect.AbstractMapEntry                                      : loaded 2 times (x 81B)
Class com.google.common.collect.Sets$ImprovedAbstractSet                              : loaded 2 times (x 135B)
Class com.google.common.collect.ImmutableList$Builder                                 : loaded 2 times (x 77B)
Class com.google.common.collect.AbstractMultimap                                      : loaded 2 times (x 123B)
Class com.google.common.cache.LocalCache$2                                            : loaded 2 times (x 142B)
Class com.google.common.collect.RegularImmutableAsList                                : loaded 2 times (x 217B)
Class com.google.common.util.concurrent.AbstractFuture$Trusted                        : loaded 2 times (x 70B)
Class com.google.common.collect.Iterators                                             : loaded 2 times (x 71B)
Class com.google.common.collect.Lists$StringAsImmutableList                           : loaded 2 times (x 207B)
Class com.google.common.util.concurrent.UncheckedExecutionException                   : loaded 2 times (x 82B)
Class org.gradle.kotlin.dsl.VersionCatalogAccessorsKt                                 : loaded 2 times (x 71B)
Class org.gradle.internal.InternalTransformer                                         : loaded 2 times (x 70B)
Class com.google.common.collect.AbstractMapBasedMultimap$KeySet$1                     : loaded 2 times (x 82B)
Class org.objectweb.asm.ClassWriter                                                   : loaded 2 times (x 106B)
Class com.google.common.cache.CacheLoader$UnsupportedLoadingOperationException        : loaded 2 times (x 82B)
Class com.google.common.base.CharMatcher$And                                          : loaded 2 times (x 112B)
Class org.gradle.internal.classloader.ClasspathUtil$1                                 : loaded 2 times (x 76B)
Class org.objectweb.asm.FieldVisitor                                                  : loaded 2 times (x 77B)
Class com.google.common.collect.IndexedImmutableSet                                   : loaded 2 times (x 152B)
Class com.google.common.collect.ImmutableMap$1                                        : loaded 2 times (x 81B)
Class com.google.common.collect.BiMap                                                 : loaded 2 times (x 70B)
Class org.gradle.api.internal.classpath.DefaultModuleRegistry$DefaultModule           : loaded 2 times (x 86B)
Class com.google.common.primitives.Ints                                               : loaded 2 times (x 71B)
Class com.google.common.collect.AbstractIterator                                      : loaded 2 times (x 82B)
Class com.google.common.collect.ObjectArrays                                          : loaded 2 times (x 71B)
Class com.google.common.math.MathPreconditions                                        : loaded 2 times (x 71B)
Class com.google.common.collect.Multiset                                              : loaded 2 times (x 70B)
Class com.google.common.collect.ArrayListMultimapGwtSerializationDependencies         : loaded 2 times (x 172B)
Class com.google.common.collect.AbstractIndexedListIterator                           : loaded 2 times (x 96B)
Class com.google.common.collect.ImmutableMapEntrySet                                  : loaded 2 times (x 152B)
Class org.gradle.api.internal.classpath.Module                                        : loaded 2 times (x 70B)
Class com.google.common.cache.Weigher                                                 : loaded 2 times (x 70B)
Class org.gradle.api.internal.classpath.UnknownModuleException                        : loaded 2 times (x 82B)
Class com.google.common.base.Stopwatch                                                : loaded 2 times (x 72B)
Class com.google.common.cache.LocalCache$Strength                                     : loaded 2 times (x 81B)
Class com.google.common.cache.Cache                                                   : loaded 2 times (x 70B)
Class com.google.common.util.concurrent.AbstractFuture$Cancellation                   : loaded 2 times (x 72B)
Class com.google.common.collect.ImmutableMap$Builder                                  : loaded 2 times (x 82B)
Class com.google.common.cache.RemovalListener                                         : loaded 2 times (x 70B)
Class org.gradle.api.internal.DefaultClassPathRegistry                                : loaded 2 times (x 76B)
Class com.google.common.primitives.IntsMethodsForWeb                                  : loaded 2 times (x 71B)
Class com.google.common.collect.Multimap                                              : loaded 2 times (x 70B)
Class org.gradle.api.internal.ClassPathRegistry                                       : loaded 2 times (x 70B)
Class org.gradle.internal.classpath.DefaultClassPath$ImmutableUniqueList              : loaded 2 times (x 199B)
Class com.google.common.collect.Platform                                              : loaded 2 times (x 71B)
Class com.google.common.cache.CacheBuilder                                            : loaded 2 times (x 72B)
Class com.google.common.collect.SingletonImmutableList                                : loaded 2 times (x 207B)
Class Settings_gradle$1                                                               : loaded 2 times (x 74B)
Class org.gradle.internal.classpath.ClassPath                                         : loaded 2 times (x 70B)
Class com.google.common.base.JdkPattern                                               : loaded 2 times (x 75B)
Class com.google.common.collect.ImmutableList$ReverseImmutableList                    : loaded 2 times (x 209B)
Class org.objectweb.asm.SymbolTable$Entry                                             : loaded 2 times (x 74B)
Class org.objectweb.asm.Edge                                                          : loaded 2 times (x 72B)
Class com.google.common.base.Suppliers$SupplierOfInstance                             : loaded 2 times (x 79B)
Class com.google.common.collect.Iterators$1                                           : loaded 2 times (x 81B)
Class ijJvmDebugger1_4nk09ie7rajpf56fhqp8qjy4i$_run_closure1$_closure2                : loaded 2 times (x 140B)
Class com.google.common.cache.LocalCache$ComputingValueReference                      : loaded 2 times (x 96B)
Class com.google.common.collect.SingletonImmutableSet                                 : loaded 2 times (x 146B)
Class com.google.common.collect.ImmutableMap$IteratorBasedImmutableMap                : loaded 2 times (x 126B)
Class com.google.common.cache.LocalCache$Segment                                      : loaded 2 times (x 154B)
Class ijJvmDebugger1_4nk09ie7rajpf56fhqp8qjy4i$_run_closure1                          : loaded 2 times (x 139B)
Class com.google.common.collect.AbstractListMultimap                                  : loaded 2 times (x 172B)
Class [Lorg.objectweb.asm.SymbolTable$Entry;                                          : loaded 2 times (x 69B)
Class com.google.common.cache.CacheLoader                                             : loaded 2 times (x 74B)
Class com.google.common.collect.Iterators$4                                           : loaded 2 times (x 82B)
Class com.google.common.collect.ImmutableBiMap                                        : loaded 2 times (x 143B)
Class org.gradle.internal.installation.GradleInstallation$1                           : loaded 2 times (x 75B)
Class org.gradle.api.internal.classpath.ModuleRegistry                                : loaded 2 times (x 70B)
Class com.google.common.collect.ImmutableSet$JdkBackedSetBuilderImpl                  : loaded 2 times (x 76B)
Class com.google.common.util.concurrent.internal.InternalFutureFailureAccess          : loaded 2 times (x 72B)
Class com.google.common.collect.Iterators$5                                           : loaded 2 times (x 82B)
Class com.google.common.cache.LocalCache$LocalManualCache$1                           : loaded 2 times (x 75B)
Class com.google.common.base.CharMatcher$ForPredicate                                 : loaded 2 times (x 112B)
Class com.google.common.base.CharMatcher$AnyOf                                        : loaded 2 times (x 112B)
Class com.google.common.collect.ImmutableCollection                                   : loaded 2 times (x 125B)
Class ijKotlinCoroutineJvmDebugInit1_5ro5ikkthzfd4ov1s0iwde684$_run_closure1          : loaded 2 times (x 139B)
Class org.gradle.api.internal.classpath.DefaultModuleRegistry                         : loaded 2 times (x 86B)
Class com.google.common.collect.Lists                                                 : loaded 2 times (x 71B)
Class com.google.common.util.concurrent.ListenableFuture                              : loaded 2 times (x 70B)
Class com.google.common.cache.ReferenceEntry                                          : loaded 2 times (x 70B)
Class com.google.common.base.Converter                                                : loaded 2 times (x 90B)
Class com.google.common.collect.ImmutableSet$CachingAsList                            : loaded 2 times (x 148B)
Class com.google.common.collect.AbstractMapBasedMultimap                              : loaded 2 times (x 139B)
Class com.google.common.util.concurrent.AbstractFuture                                : loaded 2 times (x 106B)
Class com.google.common.base.FunctionalEquivalence                                    : loaded 2 times (x 83B)
Class com.google.common.collect.Iterators$9                                           : loaded 2 times (x 81B)
Class com.google.common.collect.ImmutableAsList                                       : loaded 2 times (x 209B)
Class ijKotlinCoroutineJvmDebugInit1_5ro5ikkthzfd4ov1s0iwde684$_run_closure1$_closure2: loaded 2 times (x 139B)
Class org.objectweb.asm.RecordComponentVisitor                                        : loaded 2 times (x 77B)
Class com.google.common.cache.CacheLoader$SupplierToCacheLoader                       : loaded 2 times (x 75B)
Class org.gradle.internal.service.ServiceLookupException                              : loaded 2 times (x 82B)
Class [Lcom.google.common.cache.LocalCache$EntryFactory;                              : loaded 2 times (x 69B)
Class org.gradle.internal.classloader.ClassLoaderFactory                              : loaded 2 times (x 70B)
Class com.google.common.base.CommonPattern                                            : loaded 2 times (x 74B)
Class com.google.common.cache.LocalCache$LocalManualCache                             : loaded 2 times (x 99B)
Class com.google.common.base.CharMatcher$IsNot                                        : loaded 2 times (x 111B)
Class org.gradle.internal.service.CachingServiceLocator                               : loaded 2 times (x 82B)
Class com.google.common.collect.AbstractMapBasedMultimap$KeySet                       : loaded 2 times (x 137B)
Class com.google.common.math.IntMath                                                  : loaded 2 times (x 71B)
Class com.google.common.collect.ImmutableMapEntry                                     : loaded 2 times (x 85B)
Class com.google.common.base.Equivalence                                              : loaded 2 times (x 82B)
Class com.google.common.base.Function                                                 : loaded 2 times (x 70B)
Class com.google.common.collect.ImmutableMapEntry$NonTerminalImmutableMapEntry        : loaded 2 times (x 85B)
Class com.google.common.cache.CacheBuilder$OneWeigher                                 : loaded 2 times (x 82B)
Class com.google.common.collect.RegularImmutableList                                  : loaded 2 times (x 213B)
Class org.gradle.internal.classloader.ClasspathUtil                                   : loaded 2 times (x 71B)
Class com.google.common.util.concurrent.Uninterruptibles                              : loaded 2 times (x 71B)
Class com.google.common.util.concurrent.LazyLogger                                    : loaded 2 times (x 72B)
Class com.google.common.collect.Maps                                                  : loaded 2 times (x 71B)
Class org.gradle.api.specs.Spec                                                       : loaded 2 times (x 70B)
Class [Lcom.google.common.collect.ImmutableEntry;                                     : loaded 2 times (x 69B)
Class com.google.common.cache.LocalCache$LoadingValueReference                        : loaded 2 times (x 96B)
Class com.google.common.base.Platform                                                 : loaded 2 times (x 71B)
Class [Lorg.objectweb.asm.AnnotationWriter;                                           : loaded 2 times (x 69B)
Class com.google.common.collect.Maps$8                                                : loaded 2 times (x 82B)
Class com.google.common.collect.Sets$SetView                                          : loaded 2 times (x 138B)
Class com.google.common.cache.LocalCache$StrongValueReference                         : loaded 2 times (x 90B)
Class org.objectweb.asm.Type                                                          : loaded 2 times (x 72B)
Class org.gradle.internal.classloader.VisitableURLClassLoader$InstrumentingVisitableURLClassLoader: loaded 2 times (x 123B)
Class com.google.common.math.IntMath$1                                                : loaded 2 times (x 71B)
Class org.objectweb.asm.ByteVector                                                    : loaded 2 times (x 79B)
Class [Lcom.google.common.cache.CacheBuilder$NullListener;                            : loaded 2 times (x 69B)
Class org.gradle.internal.classloader.VisitableURLClassLoader$Spec                    : loaded 2 times (x 74B)
Class org.gradle.internal.classpath.DefaultClassPath                                  : loaded 2 times (x 90B)
Class org.objectweb.asm.Symbol                                                        : loaded 2 times (x 73B)
Class com.google.common.base.CharMatcher$BitSetMatcher                                : loaded 2 times (x 112B)
Class com.google.common.collect.RegularImmutableMap$Values                            : loaded 2 times (x 207B)
Class com.google.common.collect.ImmutableSet                                          : loaded 2 times (x 145B)
Class org.gradle.internal.classloader.ClassLoaderSpec                                 : loaded 2 times (x 71B)
Class org.objectweb.asm.AnnotationWriter                                              : loaded 2 times (x 79B)
Class com.google.common.cache.CacheStats                                              : loaded 2 times (x 71B)
Class org.objectweb.asm.RecordComponentWriter                                         : loaded 2 times (x 78B)
Class com.google.common.util.concurrent.AbstractFuture$Listener                       : loaded 2 times (x 72B)
Class com.google.common.base.CharMatcher$Or                                           : loaded 2 times (x 112B)
Class Settings_gradle$1$1                                                             : loaded 2 times (x 74B)
Class org.objectweb.asm.Attribute                                                     : loaded 2 times (x 77B)
Class com.google.common.base.Supplier                                                 : loaded 2 times (x 70B)
Class org.gradle.internal.classloader.VisitableURLClassLoader                         : loaded 2 times (x 117B)
Class Settings_gradle                                                                 : loaded 2 times (x 124B)
Class org.gradle.internal.Cast                                                        : loaded 2 times (x 71B)
Class org.gradle.api.Action                                                           : loaded 2 times (x 70B)
Class com.google.common.base.Strings                                                  : loaded 2 times (x 71B)
Class com.google.common.collect.Sets                                                  : loaded 2 times (x 71B)
Class org.objectweb.asm.Handler                                                       : loaded 2 times (x 72B)
Class com.google.common.base.Ticker                                                   : loaded 2 times (x 72B)
Class com.google.common.base.CharMatcher$FastMatcher                                  : loaded 2 times (x 111B)
Class ijKotlinCoroutineJvmDebugInit1_5ro5ikkthzfd4ov1s0iwde684                        : loaded 2 times (x 171B)
Class [Lcom.google.common.cache.LocalCache$Segment;                                   : loaded 2 times (x 69B)
Class [Lcom.google.common.cache.LocalCache$Strength;                                  : loaded 2 times (x 69B)
Class com.google.common.cache.CacheBuilder$1                                          : loaded 2 times (x 85B)
Class com.google.common.base.Predicate                                                : loaded 2 times (x 70B)
Class com.google.common.collect.ImmutableMap                                          : loaded 2 times (x 120B)
Class org.gradle.internal.classpath.DefaultClassPath$ImmutableUniqueList$Builder      : loaded 2 times (x 75B)
Class com.google.common.cache.LocalCache                                              : loaded 2 times (x 187B)
Class com.google.common.cache.CacheBuilder$2                                          : loaded 2 times (x 79B)
Class com.google.common.base.CharMatcher$NegatedFastMatcher                           : loaded 2 times (x 113B)
Class com.google.common.collect.ArrayListMultimap                                     : loaded 2 times (x 172B)
Class com.google.common.cache.CacheBuilder$3                                          : loaded 2 times (x 72B)
Class [Lcom.google.common.collect.AbstractMapEntry;                                   : loaded 2 times (x 69B)
Class com.google.common.collect.ImmutableEntry                                        : loaded 2 times (x 82B)
Class org.gradle.api.GradleException                                                  : loaded 2 times (x 82B)
Class com.google.common.collect.CollectPreconditions                                  : loaded 2 times (x 71B)
Class com.google.common.collect.SortedMapDifference                                   : loaded 2 times (x 70B)
Class com.google.common.cache.LocalCache$EntryFactory                                 : loaded 2 times (x 83B)
Class com.google.common.cache.LocalCache$AbstractReferenceEntry                       : loaded 2 times (x 107B)
Class org.gradle.internal.IoActions                                                   : loaded 2 times (x 71B)
Class org.objectweb.asm.SymbolTable                                                   : loaded 2 times (x 72B)
Class com.google.common.cache.CacheLoader$InvalidCacheLoadException                   : loaded 2 times (x 82B)
Class com.google.common.collect.ImmutableSet$RegularSetBuilderImpl                    : loaded 2 times (x 77B)
Class org.gradle.internal.classloader.SystemClassLoaderSpec                           : loaded 2 times (x 71B)
Class com.google.common.cache.LocalCache$StrongEntry                                  : loaded 2 times (x 108B)
Class com.google.common.util.concurrent.AbstractFuture$TrustedFuture                  : loaded 2 times (x 114B)
Class com.google.common.cache.LoadingCache                                            : loaded 2 times (x 70B)
Class org.objectweb.asm.MethodWriter                                                  : loaded 2 times (x 106B)
Class [Lcom.google.common.cache.Weigher;                                              : loaded 2 times (x 69B)
Class com.google.common.collect.RegularImmutableMap$BucketOverflowException           : loaded 2 times (x 82B)
Class com.google.common.collect.RegularImmutableBiMap                                 : loaded 2 times (x 149B)
Class com.google.common.cache.LocalCache$ValueReference                               : loaded 2 times (x 70B)
Class com.google.common.base.CharMatcher$Negated                                      : loaded 2 times (x 113B)
Class com.google.common.base.CharMatcher$Is                                           : loaded 2 times (x 111B)
Class com.google.common.base.PatternCompiler                                          : loaded 2 times (x 70B)
Class com.google.common.util.concurrent.AbstractFuture$Failure                        : loaded 2 times (x 72B)
Class com.google.common.base.Equivalence$Equals                                       : loaded 2 times (x 82B)
Class com.google.common.collect.Hashing                                               : loaded 2 times (x 71B)
Class com.google.common.base.Preconditions                                            : loaded 2 times (x 71B)
Class com.google.common.base.Joiner$1                                                 : loaded 2 times (x 80B)
Class org.objectweb.asm.Label                                                         : loaded 2 times (x 73B)
Class org.objectweb.asm.CurrentFrame                                                  : loaded 2 times (x 73B)
Class org.objectweb.asm.ClassTooLargeException                                        : loaded 2 times (x 83B)
Class com.google.common.base.CharMatcher                                              : loaded 2 times (x 111B)
Class com.google.common.collect.PeekingIterator                                       : loaded 2 times (x 70B)
Class com.google.common.base.Joiner$2                                                 : loaded 2 times (x 79B)
Class org.objectweb.asm.Frame                                                         : loaded 2 times (x 73B)
Class org.objectweb.asm.MethodVisitor                                                 : loaded 2 times (x 105B)
Class com.google.common.cache.LocalCache$EntryFactory$1                               : loaded 2 times (x 83B)
Class [Lcom.google.common.cache.RemovalListener;                                      : loaded 2 times (x 69B)
Class com.google.common.base.CharMatcher$1                                            : loaded 2 times (x 113B)
Class com.google.common.base.CharMatcher$NamedFastMatcher                             : loaded 2 times (x 112B)
Class com.google.common.cache.LocalCache$EntryFactory$2                               : loaded 2 times (x 83B)
Class org.gradle.api.internal.classpath.GlobalCacheRootsProvider                      : loaded 2 times (x 70B)
Class org.objectweb.asm.ModuleWriter                                                  : loaded 2 times (x 82B)
Class com.google.common.cache.LocalCache$EntryFactory$3                               : loaded 2 times (x 83B)
Class com.google.common.base.Ticker$1                                                 : loaded 2 times (x 72B)
Class com.google.common.collect.Maps$BiMapConverter                                   : loaded 2 times (x 90B)
Class com.google.common.collect.ImmutableMapEntrySet$RegularEntrySet                  : loaded 2 times (x 152B)
Class com.google.common.collect.ImmutableSet$Builder                                  : loaded 2 times (x 85B)
Class com.google.common.cache.LocalCache$EntryFactory$4                               : loaded 2 times (x 83B)
Class com.google.common.base.CharMatcher$InRange                                      : loaded 2 times (x 111B)
Class com.google.common.cache.LocalCache$EntryFactory$5                               : loaded 2 times (x 83B)
Class com.google.common.base.PairwiseEquivalence                                      : loaded 2 times (x 83B)
Class com.google.common.cache.LocalCache$EntryFactory$6                               : loaded 2 times (x 83B)
Class org.gradle.internal.installation.CurrentGradleInstallationLocator               : loaded 2 times (x 71B)
Class com.google.common.collect.Maps$KeySet                                           : loaded 2 times (x 137B)
Class com.google.common.collect.ImmutableSet$EmptySetBuilderImpl                      : loaded 2 times (x 76B)
Class com.google.common.cache.LocalCache$EntryFactory$7                               : loaded 2 times (x 83B)
Class com.google.common.collect.ImmutableList                                         : loaded 2 times (x 206B)
Class org.gradle.internal.service.DefaultServiceLocator                               : loaded 2 times (x 83B)
Class com.google.common.cache.LocalCache$EntryFactory$8                               : loaded 2 times (x 83B)
Class com.google.common.collect.ImmutableSet$SetBuilderImpl                           : loaded 2 times (x 76B)
Class org.gradle.internal.installation.CurrentGradleInstallation                      : loaded 2 times (x 73B)
Class com.google.common.cache.CacheLoader$1                                           : loaded 2 times (x 75B)
Class com.google.common.collect.ForwardingObject                                      : loaded 2 times (x 72B)
Class com.google.common.collect.ImmutableList$SubList                                 : loaded 2 times (x 209B)
Class org.gradle.util.internal.GUtil                                                  : loaded 2 times (x 71B)
Class com.google.common.cache.AbstractCache$StatsCounter                              : loaded 2 times (x 70B)
Class com.google.common.collect.Iterators$MergingIterator                             : loaded 2 times (x 81B)
Class com.google.common.collect.RegularImmutableSet                                   : loaded 2 times (x 149B)
Class org.gradle.internal.installation.GradleInstallation                             : loaded 2 times (x 75B)
Class com.google.common.collect.Iterables                                             : loaded 2 times (x 71B)

---------------  S Y S T E M  ---------------

OS:
 Windows 11 , 64 bit Build 26100 (10.0.26100.2454)
OS uptime: 8 days 20:51 hours
Hyper-V role detected

CPU: total 8 (initial active 8) (4 cores per cpu, 2 threads per core) family 6 model 142 stepping 12 microcode 0xde, cx8, cmov, fxsr, ht, mmx, 3dnowpref, sse, sse2, sse3, ssse3, sse4.1, sse4.2, popcnt, lzcnt, tsc, tscinvbit, avx, avx2, aes, erms, clmul, bmi1, bmi2, adx, fma, vzeroupper, clflush, clflushopt, hv, rdtscp, f16c
Processor Information for processor 0
  Max Mhz: 1896, Current Mhz: 1496, Mhz Limit: 1592
Processor Information for processor 1
  Max Mhz: 1896, Current Mhz: 1496, Mhz Limit: 1592
Processor Information for processor 2
  Max Mhz: 1896, Current Mhz: 1496, Mhz Limit: 1592
Processor Information for processor 3
  Max Mhz: 1896, Current Mhz: 1596, Mhz Limit: 1592
Processor Information for processor 4
  Max Mhz: 1896, Current Mhz: 1496, Mhz Limit: 1592
Processor Information for processor 5
  Max Mhz: 1896, Current Mhz: 1496, Mhz Limit: 1592
Processor Information for processor 6
  Max Mhz: 1896, Current Mhz: 1496, Mhz Limit: 1592
Processor Information for processor 7
  Max Mhz: 1896, Current Mhz: 1496, Mhz Limit: 1592

Memory: 4k page, system-wide physical 7970M (720M free)
TotalPageFile size 23508M (AvailPageFile size 98M)
current process WorkingSet (physical memory assigned to process): 638M, peak: 747M
current process commit charge ("private bytes"): 920M, peak: 1031M

vm_info: OpenJDK 64-Bit Server VM (21.0.9+-14649483-b1163.86) for windows-amd64 JRE (21.0.9+-14649483-b1163.86), built on 2025-12-30T22:08:35Z by "builder" with MS VC++ 16.10 / 16.11 (VS2019)

END.
