#
# There is insufficient memory for the Java Runtime Environment to continue.
# Native memory allocation (mmap) failed to map 354418688 bytes. Error detail: G1 virtual space
# Possible reasons:
#   The system is out of physical RAM or swap space
#   This process is running with CompressedOops enabled, and the Java Heap may be blocking the growth of the native heap
# Possible solutions:
#   Reduce memory load on the system
#   Increase physical memory or swap space
#   Check if swap backing store is full
#   Decrease Java heap size (-Xmx/-Xms)
#   Decrease number of Java threads
#   Decrease Java thread stack sizes (-Xss)
#   Set larger code cache with -XX:ReservedCodeCacheSize=
#   JVM is running with Unscaled Compressed Oops mode in which the Java heap is
#     placed in the first 4GB address space. The Java Heap base address is the
#     maximum limit for the native heap growth. Please use -XX:HeapBaseMinAddress
#     to set the Java Heap base and to place the Java Heap above 4GB virtual address.
# This output file may be truncated or incomplete.
#
#  Out of Memory Error (os_windows.cpp:3925), pid=17284, tid=21120
#
# JRE version: OpenJDK Runtime Environment (21.0.9) (build 21.0.9+-14649483-b1163.86)
# Java VM: OpenJDK 64-Bit Server VM (21.0.9+-14649483-b1163.86, mixed mode, tiered, compressed oops, compressed class ptrs, g1 gc, windows-amd64)
# No core dump will be written. Minidumps are not enabled by default on client versions of Windows
#

---------------  S U M M A R Y ------------

Command Line: --add-opens=java.base/java.lang=ALL-UNNAMED --add-opens=java.base/java.lang.invoke=ALL-UNNAMED --add-opens=java.base/java.util=ALL-UNNAMED --add-opens=java.prefs/java.util.prefs=ALL-UNNAMED --add-exports=jdk.compiler/com.sun.tools.javac.api=ALL-UNNAMED --add-exports=jdk.compiler/com.sun.tools.javac.util=ALL-UNNAMED --add-opens=java.base/java.util=ALL-UNNAMED --add-opens=java.prefs/java.util.prefs=ALL-UNNAMED --add-opens=java.base/java.nio.charset=ALL-UNNAMED --add-opens=java.base/java.net=ALL-UNNAMED --add-opens=java.base/java.util.concurrent=ALL-UNNAMED --add-opens=java.base/java.util.concurrent.atomic=ALL-UNNAMED --add-opens=java.xml/javax.xml.namespace=ALL-UNNAMED --add-opens=java.base/java.time=ALL-UNNAMED -Xmx2048m -Dfile.encoding=UTF-8 -Duser.country=US -Duser.language=en -Duser.variant -javaagent:C:\Users\Albaheth\.gradle\wrapper\dists\gradle-9.1.0-bin\9agqghryom9wkf8r80qlhnts3\gradle-9.1.0\lib\agents\gradle-instrumentation-agent-9.1.0.jar org.gradle.launcher.daemon.bootstrap.GradleDaemon 9.1.0

Host: Intel(R) Core(TM) i5-8365U CPU @ 1.60GHz, 8 cores, 7G,  Windows 11 , 64 bit Build 26100 (10.0.26100.2454)
Time: Mon Apr 27 13:45:21 2026 W. Central Africa Standard Time elapsed time: 40.078258 seconds (0d 0h 0m 40s)

---------------  T H R E A D  ---------------

Current thread (0x0000015fcb83e7e0):  VMThread "VM Thread"          [id=21120, stack(0x000000107a100000,0x000000107a200000) (1024K)]

Stack: [0x000000107a100000,0x000000107a200000]
Native frames: (J=compiled Java code, j=interpreted, Vv=VM code, C=native code)
V  [jvm.dll+0x6d6c99]
V  [jvm.dll+0x866b83]
V  [jvm.dll+0x86919e]
V  [jvm.dll+0x869883]
V  [jvm.dll+0x280776]
V  [jvm.dll+0x6d3555]
V  [jvm.dll+0x6c6bea]
V  [jvm.dll+0x3587fb]
V  [jvm.dll+0x360476]
V  [jvm.dll+0x3b2646]
V  [jvm.dll+0x3b2918]
V  [jvm.dll+0x32af0c]
V  [jvm.dll+0x32af97]
V  [jvm.dll+0x370e7c]
V  [jvm.dll+0x36f62e]
V  [jvm.dll+0x32a661]
V  [jvm.dll+0x36ed30]
V  [jvm.dll+0x86f608]
V  [jvm.dll+0x870984]
V  [jvm.dll+0x870ec0]
V  [jvm.dll+0x871153]
V  [jvm.dll+0x80f118]
V  [jvm.dll+0x6d54ed]
C  [ucrtbase.dll+0x14ea0]
C  [KERNEL32.DLL+0x2e8d7]
C  [ntdll.dll+0xdfbcc]

VM_Operation (0x000000107fffbcb0): G1CollectForAllocation, mode: safepoint, requested by thread 0x0000015fd562e240


---------------  P R O C E S S  ---------------

Threads class SMR info:
_java_thread_list=0x0000015fd58247d0, length=133, elements={
0x0000015fb445aad0, 0x0000015fd008b430, 0x0000015fd0096d40, 0x0000015fd00a8d60,
0x0000015fd00b9c80, 0x0000015fd00badb0, 0x0000015fd00bd490, 0x0000015fd00be670,
0x0000015fd00d0070, 0x0000015fd00f3180, 0x0000015fd04be8e0, 0x0000015fd06ffdb0,
0x0000015fd0f40510, 0x0000015fd188a010, 0x0000015fd1dfe440, 0x0000015fd180dd90,
0x0000015fd2383da0, 0x0000015fd2224890, 0x0000015fd210f1e0, 0x0000015fd2110c20,
0x0000015fd210f870, 0x0000015fd210ff00, 0x0000015fd2110590, 0x0000015fd210d7a0,
0x0000015fd43af4d0, 0x0000015fd43afb60, 0x0000015fd43ac6e0, 0x0000015fd43ad400,
0x0000015fd43ae120, 0x0000015fd43aee40, 0x0000015fd43ae7b0, 0x0000015fd43b01f0,
0x0000015fd43acd70, 0x0000015fd43b0f10, 0x0000015fd43b0880, 0x0000015fd43b2950,
0x0000015fd43b3670, 0x0000015fd43b2fe0, 0x0000015fd43b3d00, 0x0000015fd43b15a0,
0x0000015fd43b1c30, 0x0000015fd43b22c0, 0x0000015fd54cae60, 0x0000015fd54cc210,
0x0000015fd54ca7d0, 0x0000015fd54c8d90, 0x0000015fd54cb4f0, 0x0000015fd54cbb80,
0x0000015fd54cc8a0, 0x0000015fd54c9420, 0x0000015fd54ca140, 0x0000015fd54ccf30,
0x0000015fd54c9ab0, 0x0000015fd54cf690, 0x0000015fd54cf000, 0x0000015fd54cdc50,
0x0000015fd54cfd20, 0x0000015fd54d03b0, 0x0000015fd54cd5c0, 0x0000015fd54ce2e0,
0x0000015fd54ce970, 0x0000015fd619a320, 0x0000015fd619de30, 0x0000015fd619a9b0,
0x0000015fd619c3f0, 0x0000015fd619b6d0, 0x0000015fd619bd60, 0x0000015fd619ca80,
0x0000015fd619e4c0, 0x0000015fd619b040, 0x0000015fd61a12b0, 0x0000015fd619eb50,
0x0000015fd61a0c20, 0x0000015fd619f1e0, 0x0000015fd619f870, 0x0000015fd619ff00,
0x0000015fd61a0590, 0x0000015fd5628660, 0x0000015fd5628cf0, 0x0000015fd5627fd0,
0x0000015fd562a0a0, 0x0000015fd562a730, 0x0000015fd5629380, 0x0000015fd562c170,
0x0000015fd562e240, 0x0000015fd562d520, 0x0000015fd562c800, 0x0000015fd562dbb0,
0x0000015fd562bae0, 0x0000015fd562e8d0, 0x0000015fd562b450, 0x0000015fd06de6b0,
0x0000015fd06dbf50, 0x0000015fd06df3d0, 0x0000015fd38a9390, 0x0000015fd38a9a20,
0x0000015fd38a72c0, 0x0000015fd38acea0, 0x0000015fd38abaf0, 0x0000015fd38ab460,
0x0000015fd38ac810, 0x0000015fd38aadd0, 0x0000015fd38ac180, 0x0000015fd8621360,
0x0000015fd8620cd0, 0x0000015fd8620640, 0x0000015fd861f920, 0x0000015fd86219f0,
0x0000015fd8622710, 0x0000015fd861ffb0, 0x0000015fd8622080, 0x0000015fd38aa0b0,
0x0000015fd38aa740, 0x0000015fd06da510, 0x0000015fd06de020, 0x0000015fd5629a10,
0x0000015fd562f5f0, 0x0000015fd619d7a0, 0x0000015fd433e660, 0x0000015fd4342800,
0x0000015fd4342170, 0x0000015fd433fa10, 0x0000015fd4343520, 0x0000015fd4340730,
0x0000015fd4341450, 0x0000015fd4342e90, 0x0000015fd4341ae0, 0x0000015fd43400a0,
0x0000015fd433f380, 0x0000015fd433ecf0, 0x0000015fd433c590, 0x0000015fd433d2b0,
0x0000015fd4a13010
}

Java Threads: ( => current thread )
  0x0000015fb445aad0 JavaThread "main"                              [_thread_blocked, id=2164, stack(0x0000001079a00000,0x0000001079b00000) (1024K)]
  0x0000015fd008b430 JavaThread "Common-Cleaner"             daemon [_thread_blocked, id=11752, stack(0x000000107a200000,0x000000107a300000) (1024K)]
  0x0000015fd0096d40 JavaThread "Reference Handler"          daemon [_thread_blocked, id=21996, stack(0x000000107a300000,0x000000107a400000) (1024K)]
  0x0000015fd00a8d60 JavaThread "Finalizer"                  daemon [_thread_blocked, id=18596, stack(0x000000107a400000,0x000000107a500000) (1024K)]
  0x0000015fd00b9c80 JavaThread "Signal Dispatcher"          daemon [_thread_blocked, id=20156, stack(0x000000107a500000,0x000000107a600000) (1024K)]
  0x0000015fd00badb0 JavaThread "Attach Listener"            daemon [_thread_blocked, id=2372, stack(0x000000107a600000,0x000000107a700000) (1024K)]
  0x0000015fd00bd490 JavaThread "Service Thread"             daemon [_thread_blocked, id=18580, stack(0x000000107a700000,0x000000107a800000) (1024K)]
  0x0000015fd00be670 JavaThread "Monitor Deflation Thread"   daemon [_thread_blocked, id=2076, stack(0x000000107a800000,0x000000107a900000) (1024K)]
  0x0000015fd00d0070 JavaThread "C2 CompilerThread0"         daemon [_thread_blocked, id=2544, stack(0x000000107a900000,0x000000107aa00000) (1024K)]
  0x0000015fd00f3180 JavaThread "C1 CompilerThread0"         daemon [_thread_blocked, id=18600, stack(0x000000107aa00000,0x000000107ab00000) (1024K)]
  0x0000015fd04be8e0 JavaThread "Notification Thread"        daemon [_thread_blocked, id=23904, stack(0x000000107ab00000,0x000000107ac00000) (1024K)]
  0x0000015fd06ffdb0 JavaThread "Daemon health stats"               [_thread_blocked, id=16592, stack(0x000000107b000000,0x000000107b100000) (1024K)]
  0x0000015fd0f40510 JavaThread "Incoming local TCP Connector on port 55470"        [_thread_in_native, id=23324, stack(0x000000107b100000,0x000000107b200000) (1024K)]
  0x0000015fd188a010 JavaThread "Daemon periodic checks"            [_thread_blocked, id=20328, stack(0x000000107b200000,0x000000107b300000) (1024K)]
  0x0000015fd1dfe440 JavaThread "Daemon"                            [_thread_blocked, id=6968, stack(0x000000107b300000,0x000000107b400000) (1024K)]
  0x0000015fd180dd90 JavaThread "Handler for socket connection from /127.0.0.1:55470 to /127.0.0.1:55471"        [_thread_in_native, id=4292, stack(0x000000107b400000,0x000000107b500000) (1024K)]
  0x0000015fd2383da0 JavaThread "Cancel handler"                    [_thread_blocked, id=21424, stack(0x000000107b500000,0x000000107b600000) (1024K)]
  0x0000015fd2224890 JavaThread "Daemon worker"                     [_thread_blocked, id=24640, stack(0x000000107b600000,0x000000107b700000) (1024K)]
  0x0000015fd210f1e0 JavaThread "Asynchronous log dispatcher for DefaultDaemonConnection: socket connection from /127.0.0.1:55470 to /127.0.0.1:55471"        [_thread_blocked, id=21888, stack(0x000000107b700000,0x000000107b800000) (1024K)]
  0x0000015fd2110c20 JavaThread "Stdin handler"                     [_thread_blocked, id=15712, stack(0x000000107b800000,0x000000107b900000) (1024K)]
  0x0000015fd210f870 JavaThread "Daemon client event forwarder"        [_thread_blocked, id=23588, stack(0x000000107bd00000,0x000000107be00000) (1024K)]
  0x0000015fd210ff00 JavaThread "Cache worker for journal cache (C:\Users\Albaheth\.gradle\caches\journal-1)"        [_thread_blocked, id=10776, stack(0x000000107bf00000,0x000000107c000000) (1024K)]
  0x0000015fd2110590 JavaThread "File lock request listener"        [_thread_in_native, id=24624, stack(0x000000107c000000,0x000000107c100000) (1024K)]
  0x0000015fd210d7a0 JavaThread "Cache worker for file hash cache (C:\Users\Albaheth\.gradle\caches\9.1.0\fileHashes)"        [_thread_blocked, id=6652, stack(0x000000107c100000,0x000000107c200000) (1024K)]
  0x0000015fd43af4d0 JavaThread "Cache worker for file hash cache (C:\Users\Albaheth\AndroidStudioProjects\Maktaba\.gradle\9.1.0\fileHashes)"        [_thread_blocked, id=5188, stack(0x000000107c200000,0x000000107c300000) (1024K)]
  0x0000015fd43afb60 JavaThread "Cache worker for Build Output Cleanup Cache (C:\Users\Albaheth\AndroidStudioProjects\Maktaba\.gradle\buildOutputCleanup)"        [_thread_blocked, id=14108, stack(0x000000107c300000,0x000000107c400000) (1024K)]
  0x0000015fd43ac6e0 JavaThread "File watcher server"        daemon [_thread_blocked, id=24836, stack(0x000000107c400000,0x000000107c500000) (1024K)]
  0x0000015fd43ad400 JavaThread "File watcher consumer"      daemon [_thread_blocked, id=19420, stack(0x000000107c500000,0x000000107c600000) (1024K)]
  0x0000015fd43ae120 JavaThread "Cache worker for checksums cache (C:\Users\Albaheth\AndroidStudioProjects\Maktaba\.gradle\9.1.0\checksums)"        [_thread_blocked, id=4548, stack(0x000000107c700000,0x000000107c800000) (1024K)]
  0x0000015fd43aee40 JavaThread "Cache worker for file content cache (C:\Users\Albaheth\.gradle\caches\9.1.0\fileContent)"        [_thread_blocked, id=16680, stack(0x000000107c800000,0x000000107c900000) (1024K)]
  0x0000015fd43ae7b0 JavaThread "Cache worker for cache directory md-supplier (C:\Users\Albaheth\.gradle\caches\9.1.0\md-supplier)"        [_thread_blocked, id=2512, stack(0x000000107c900000,0x000000107ca00000) (1024K)]
  0x0000015fd43b01f0 JavaThread "Cache worker for cache directory md-rule (C:\Users\Albaheth\.gradle\caches\9.1.0\md-rule)"        [_thread_blocked, id=20828, stack(0x000000107ca00000,0x000000107cb00000) (1024K)]
  0x0000015fd43acd70 JavaThread "jar transforms"                    [_thread_blocked, id=20944, stack(0x000000107cb00000,0x000000107cc00000) (1024K)]
  0x0000015fd43b0f10 JavaThread "jar transforms Thread 2"           [_thread_blocked, id=18356, stack(0x000000107cc00000,0x000000107cd00000) (1024K)]
  0x0000015fd43b0880 JavaThread "jar transforms Thread 3"           [_thread_blocked, id=20988, stack(0x000000107cd00000,0x000000107ce00000) (1024K)]
  0x0000015fd43b2950 JavaThread "Unconstrained build operations"        [_thread_blocked, id=18300, stack(0x000000107ce00000,0x000000107cf00000) (1024K)]
  0x0000015fd43b3670 JavaThread "Unconstrained build operations Thread 2"        [_thread_blocked, id=17060, stack(0x000000107cf00000,0x000000107d000000) (1024K)]
  0x0000015fd43b2fe0 JavaThread "Unconstrained build operations Thread 3"        [_thread_blocked, id=18416, stack(0x000000107d000000,0x000000107d100000) (1024K)]
  0x0000015fd43b3d00 JavaThread "Unconstrained build operations Thread 4"        [_thread_blocked, id=24764, stack(0x000000107d100000,0x000000107d200000) (1024K)]
  0x0000015fd43b15a0 JavaThread "Unconstrained build operations Thread 5"        [_thread_blocked, id=19444, stack(0x000000107d200000,0x000000107d300000) (1024K)]
  0x0000015fd43b1c30 JavaThread "Unconstrained build operations Thread 6"        [_thread_blocked, id=11028, stack(0x000000107d300000,0x000000107d400000) (1024K)]
  0x0000015fd43b22c0 JavaThread "Unconstrained build operations Thread 7"        [_thread_blocked, id=16484, stack(0x000000107d400000,0x000000107d500000) (1024K)]
  0x0000015fd54cae60 JavaThread "Unconstrained build operations Thread 8"        [_thread_blocked, id=20184, stack(0x000000107d500000,0x000000107d600000) (1024K)]
  0x0000015fd54cc210 JavaThread "Unconstrained build operations Thread 9"        [_thread_blocked, id=24992, stack(0x000000107d600000,0x000000107d700000) (1024K)]
  0x0000015fd54ca7d0 JavaThread "Unconstrained build operations Thread 10"        [_thread_blocked, id=21672, stack(0x000000107d700000,0x000000107d800000) (1024K)]
  0x0000015fd54c8d90 JavaThread "Unconstrained build operations Thread 11"        [_thread_blocked, id=12504, stack(0x000000107d800000,0x000000107d900000) (1024K)]
  0x0000015fd54cb4f0 JavaThread "Unconstrained build operations Thread 12"        [_thread_blocked, id=12952, stack(0x000000107d900000,0x000000107da00000) (1024K)]
  0x0000015fd54cbb80 JavaThread "Unconstrained build operations Thread 13"        [_thread_blocked, id=22372, stack(0x000000107da00000,0x000000107db00000) (1024K)]
  0x0000015fd54cc8a0 JavaThread "Unconstrained build operations Thread 14"        [_thread_blocked, id=15088, stack(0x000000107db00000,0x000000107dc00000) (1024K)]
  0x0000015fd54c9420 JavaThread "jar transforms Thread 4"           [_thread_blocked, id=25136, stack(0x000000107dc00000,0x000000107dd00000) (1024K)]
  0x0000015fd54ca140 JavaThread "jar transforms Thread 5"           [_thread_blocked, id=7676, stack(0x000000107dd00000,0x000000107de00000) (1024K)]
  0x0000015fd54ccf30 JavaThread "Unconstrained build operations Thread 15"        [_thread_blocked, id=5440, stack(0x000000107de00000,0x000000107df00000) (1024K)]
  0x0000015fd54c9ab0 JavaThread "Unconstrained build operations Thread 16"        [_thread_blocked, id=11864, stack(0x000000107df00000,0x000000107e000000) (1024K)]
  0x0000015fd54cf690 JavaThread "Unconstrained build operations Thread 17"        [_thread_blocked, id=18876, stack(0x000000107e000000,0x000000107e100000) (1024K)]
  0x0000015fd54cf000 JavaThread "Unconstrained build operations Thread 18"        [_thread_blocked, id=4696, stack(0x000000107e100000,0x000000107e200000) (1024K)]
  0x0000015fd54cdc50 JavaThread "Unconstrained build operations Thread 19"        [_thread_blocked, id=13896, stack(0x000000107e200000,0x000000107e300000) (1024K)]
  0x0000015fd54cfd20 JavaThread "Unconstrained build operations Thread 20"        [_thread_blocked, id=14000, stack(0x000000107e300000,0x000000107e400000) (1024K)]
  0x0000015fd54d03b0 JavaThread "Unconstrained build operations Thread 21"        [_thread_blocked, id=7760, stack(0x000000107e400000,0x000000107e500000) (1024K)]
  0x0000015fd54cd5c0 JavaThread "jar transforms Thread 6"           [_thread_blocked, id=6372, stack(0x000000107e500000,0x000000107e600000) (1024K)]
  0x0000015fd54ce2e0 JavaThread "jar transforms Thread 7"           [_thread_blocked, id=1340, stack(0x000000107e600000,0x000000107e700000) (1024K)]
  0x0000015fd54ce970 JavaThread "jar transforms Thread 8"           [_thread_blocked, id=21032, stack(0x000000107e700000,0x000000107e800000) (1024K)]
  0x0000015fd619a320 JavaThread "Unconstrained build operations Thread 22"        [_thread_blocked, id=24740, stack(0x000000107e800000,0x000000107e900000) (1024K)]
  0x0000015fd619de30 JavaThread "Unconstrained build operations Thread 23"        [_thread_blocked, id=24376, stack(0x000000107e900000,0x000000107ea00000) (1024K)]
  0x0000015fd619a9b0 JavaThread "Unconstrained build operations Thread 24"        [_thread_blocked, id=13616, stack(0x000000107ea00000,0x000000107eb00000) (1024K)]
  0x0000015fd619c3f0 JavaThread "Unconstrained build operations Thread 25"        [_thread_blocked, id=15588, stack(0x000000107eb00000,0x000000107ec00000) (1024K)]
  0x0000015fd619b6d0 JavaThread "Unconstrained build operations Thread 26"        [_thread_blocked, id=12276, stack(0x000000107ec00000,0x000000107ed00000) (1024K)]
  0x0000015fd619bd60 JavaThread "Unconstrained build operations Thread 27"        [_thread_blocked, id=11396, stack(0x000000107ed00000,0x000000107ee00000) (1024K)]
  0x0000015fd619ca80 JavaThread "Unconstrained build operations Thread 28"        [_thread_blocked, id=16364, stack(0x000000107ee00000,0x000000107ef00000) (1024K)]
  0x0000015fd619e4c0 JavaThread "Unconstrained build operations Thread 29"        [_thread_blocked, id=18700, stack(0x000000107ef00000,0x000000107f000000) (1024K)]
  0x0000015fd619b040 JavaThread "Unconstrained build operations Thread 30"        [_thread_blocked, id=16152, stack(0x000000107f000000,0x000000107f100000) (1024K)]
  0x0000015fd61a12b0 JavaThread "Unconstrained build operations Thread 31"        [_thread_blocked, id=1944, stack(0x000000107f100000,0x000000107f200000) (1024K)]
  0x0000015fd619eb50 JavaThread "Unconstrained build operations Thread 32"        [_thread_blocked, id=2516, stack(0x000000107f200000,0x000000107f300000) (1024K)]
  0x0000015fd61a0c20 JavaThread "Unconstrained build operations Thread 33"        [_thread_blocked, id=12040, stack(0x000000107f300000,0x000000107f400000) (1024K)]
  0x0000015fd619f1e0 JavaThread "Unconstrained build operations Thread 34"        [_thread_blocked, id=3888, stack(0x000000107f400000,0x000000107f500000) (1024K)]
  0x0000015fd619f870 JavaThread "Unconstrained build operations Thread 35"        [_thread_blocked, id=17724, stack(0x000000107f500000,0x000000107f600000) (1024K)]
  0x0000015fd619ff00 JavaThread "Unconstrained build operations Thread 36"        [_thread_blocked, id=15936, stack(0x000000107f600000,0x000000107f700000) (1024K)]
  0x0000015fd61a0590 JavaThread "Unconstrained build operations Thread 37"        [_thread_blocked, id=9336, stack(0x000000107f700000,0x000000107f800000) (1024K)]
  0x0000015fd5628660 JavaThread "Unconstrained build operations Thread 38"        [_thread_blocked, id=24648, stack(0x000000107f800000,0x000000107f900000) (1024K)]
  0x0000015fd5628cf0 JavaThread "Unconstrained build operations Thread 39"        [_thread_blocked, id=12600, stack(0x000000107f900000,0x000000107fa00000) (1024K)]
  0x0000015fd5627fd0 JavaThread "Unconstrained build operations Thread 40"        [_thread_blocked, id=17568, stack(0x000000107fa00000,0x000000107fb00000) (1024K)]
  0x0000015fd562a0a0 JavaThread "Unconstrained build operations Thread 41"        [_thread_blocked, id=23556, stack(0x000000107fb00000,0x000000107fc00000) (1024K)]
  0x0000015fd562a730 JavaThread "Unconstrained build operations Thread 42"        [_thread_blocked, id=19876, stack(0x000000107fc00000,0x000000107fd00000) (1024K)]
  0x0000015fd5629380 JavaThread "Unconstrained build operations Thread 43"        [_thread_blocked, id=19336, stack(0x000000107fd00000,0x000000107fe00000) (1024K)]
  0x0000015fd562c170 JavaThread "Unconstrained build operations Thread 44"        [_thread_blocked, id=23108, stack(0x000000107fe00000,0x000000107ff00000) (1024K)]
  0x0000015fd562e240 JavaThread "Unconstrained build operations Thread 45"        [_thread_blocked, id=24924, stack(0x000000107ff00000,0x0000001080000000) (1024K)]
  0x0000015fd562d520 JavaThread "Unconstrained build operations Thread 46"        [_thread_blocked, id=7972, stack(0x0000001000000000,0x0000001000100000) (1024K)]
  0x0000015fd562c800 JavaThread "Unconstrained build operations Thread 47"        [_thread_blocked, id=9360, stack(0x0000001000100000,0x0000001000200000) (1024K)]
  0x0000015fd562dbb0 JavaThread "Unconstrained build operations Thread 48"        [_thread_blocked, id=25460, stack(0x0000001000200000,0x0000001000300000) (1024K)]
  0x0000015fd562bae0 JavaThread "Unconstrained build operations Thread 49"        [_thread_blocked, id=12284, stack(0x0000001000300000,0x0000001000400000) (1024K)]
  0x0000015fd562e8d0 JavaThread "Unconstrained build operations Thread 50"        [_thread_blocked, id=10216, stack(0x0000001000400000,0x0000001000500000) (1024K)]
  0x0000015fd562b450 JavaThread "Unconstrained build operations Thread 51"        [_thread_blocked, id=20452, stack(0x0000001000500000,0x0000001000600000) (1024K)]
  0x0000015fd06de6b0 JavaThread "build event listener"              [_thread_blocked, id=19884, stack(0x0000001000700000,0x0000001000800000) (1024K)]
  0x0000015fd06dbf50 JavaThread "Memory manager"                    [_thread_blocked, id=15104, stack(0x0000001000800000,0x0000001000900000) (1024K)]
  0x0000015fd06df3d0 JavaThread "build event listener"              [_thread_blocked, id=20312, stack(0x0000001000900000,0x0000001000a00000) (1024K)]
  0x0000015fd38a9390 JavaThread "included builds"                   [_thread_blocked, id=14372, stack(0x0000001000b00000,0x0000001000c00000) (1024K)]
  0x0000015fd38a9a20 JavaThread "Execution worker"                  [_thread_blocked, id=6868, stack(0x0000001000c00000,0x0000001000d00000) (1024K)]
  0x0000015fd38a72c0 JavaThread "Execution worker Thread 2"         [_thread_blocked, id=16300, stack(0x0000001000d00000,0x0000001000e00000) (1024K)]
  0x0000015fd38acea0 JavaThread "Execution worker Thread 3"         [_thread_blocked, id=24316, stack(0x0000001000e00000,0x0000001000f00000) (1024K)]
  0x0000015fd38abaf0 JavaThread "Execution worker Thread 4"         [_thread_blocked, id=13272, stack(0x0000001000f00000,0x0000001001000000) (1024K)]
  0x0000015fd38ab460 JavaThread "Execution worker Thread 5"         [_thread_blocked, id=2416, stack(0x0000001001000000,0x0000001001100000) (1024K)]
  0x0000015fd38ac810 JavaThread "Execution worker Thread 6"         [_thread_blocked, id=5992, stack(0x0000001001100000,0x0000001001200000) (1024K)]
  0x0000015fd38aadd0 JavaThread "Execution worker Thread 7"         [_thread_blocked, id=7476, stack(0x0000001001200000,0x0000001001300000) (1024K)]
  0x0000015fd38ac180 JavaThread "Cache worker for execution history cache (C:\Users\Albaheth\AndroidStudioProjects\Maktaba\.gradle\9.1.0\executionHistory)"        [_thread_blocked, id=16184, stack(0x0000001001300000,0x0000001001400000) (1024K)]
  0x0000015fd8621360 JavaThread "Unconstrained build operations Thread 52"        [_thread_blocked, id=25100, stack(0x0000001001400000,0x0000001001500000) (1024K)]
  0x0000015fd8620cd0 JavaThread "Unconstrained build operations Thread 53"        [_thread_blocked, id=20380, stack(0x0000001001500000,0x0000001001600000) (1024K)]
  0x0000015fd8620640 JavaThread "Unconstrained build operations Thread 54"        [_thread_blocked, id=15260, stack(0x0000001001600000,0x0000001001700000) (1024K)]
  0x0000015fd861f920 JavaThread "Unconstrained build operations Thread 55"        [_thread_blocked, id=16500, stack(0x0000001001700000,0x0000001001800000) (1024K)]
  0x0000015fd86219f0 JavaThread "Unconstrained build operations Thread 56"        [_thread_blocked, id=19408, stack(0x0000001001800000,0x0000001001900000) (1024K)]
  0x0000015fd8622710 JavaThread "Unconstrained build operations Thread 57"        [_thread_blocked, id=5852, stack(0x0000001001900000,0x0000001001a00000) (1024K)]
  0x0000015fd861ffb0 JavaThread "Unconstrained build operations Thread 58"        [_thread_blocked, id=23008, stack(0x0000001001a00000,0x0000001001b00000) (1024K)]
  0x0000015fd8622080 JavaThread "Unconstrained build operations Thread 59"        [_thread_blocked, id=6584, stack(0x0000001001b00000,0x0000001001c00000) (1024K)]
  0x0000015fd38aa0b0 JavaThread "Unconstrained build operations Thread 60"        [_thread_blocked, id=13584, stack(0x0000001001c00000,0x0000001001d00000) (1024K)]
  0x0000015fd38aa740 JavaThread "Unconstrained build operations Thread 61"        [_thread_blocked, id=15552, stack(0x0000001001d00000,0x0000001001e00000) (1024K)]
  0x0000015fd06da510 JavaThread "Unconstrained build operations Thread 62"        [_thread_blocked, id=12604, stack(0x0000001001e00000,0x0000001001f00000) (1024K)]
  0x0000015fd06de020 JavaThread "Unconstrained build operations Thread 63"        [_thread_blocked, id=25288, stack(0x0000001001f00000,0x0000001002000000) (1024K)]
  0x0000015fd5629a10 JavaThread "Unconstrained build operations Thread 64"        [_thread_blocked, id=25256, stack(0x0000001002000000,0x0000001002100000) (1024K)]
  0x0000015fd562f5f0 JavaThread "Unconstrained build operations Thread 65"        [_thread_blocked, id=6608, stack(0x0000001002100000,0x0000001002200000) (1024K)]
  0x0000015fd619d7a0 JavaThread "Unconstrained build operations Thread 66"        [_thread_blocked, id=10692, stack(0x0000001002200000,0x0000001002300000) (1024K)]
  0x0000015fd433e660 JavaThread "Unconstrained build operations Thread 67"        [_thread_blocked, id=19892, stack(0x0000001002300000,0x0000001002400000) (1024K)]
  0x0000015fd4342800 JavaThread "Unconstrained build operations Thread 68"        [_thread_blocked, id=24360, stack(0x0000001002400000,0x0000001002500000) (1024K)]
  0x0000015fd4342170 JavaThread "Unconstrained build operations Thread 69"        [_thread_blocked, id=17424, stack(0x0000001002500000,0x0000001002600000) (1024K)]
  0x0000015fd433fa10 JavaThread "Unconstrained build operations Thread 70"        [_thread_blocked, id=15004, stack(0x0000001002600000,0x0000001002700000) (1024K)]
  0x0000015fd4343520 JavaThread "Unconstrained build operations Thread 71"        [_thread_blocked, id=18484, stack(0x0000001002700000,0x0000001002800000) (1024K)]
  0x0000015fd4340730 JavaThread "Unconstrained build operations Thread 72"        [_thread_blocked, id=14244, stack(0x0000001002800000,0x0000001002900000) (1024K)]
  0x0000015fd4341450 JavaThread "Unconstrained build operations Thread 73"        [_thread_blocked, id=11636, stack(0x0000001002900000,0x0000001002a00000) (1024K)]
  0x0000015fd4342e90 JavaThread "Unconstrained build operations Thread 74"        [_thread_blocked, id=11492, stack(0x0000001002a00000,0x0000001002b00000) (1024K)]
  0x0000015fd4341ae0 JavaThread "Unconstrained build operations Thread 75"        [_thread_blocked, id=12404, stack(0x0000001002b00000,0x0000001002c00000) (1024K)]
  0x0000015fd43400a0 JavaThread "Unconstrained build operations Thread 76"        [_thread_blocked, id=16336, stack(0x0000001002c00000,0x0000001002d00000) (1024K)]
  0x0000015fd433f380 JavaThread "Unconstrained build operations Thread 77"        [_thread_blocked, id=25108, stack(0x0000001002d00000,0x0000001002e00000) (1024K)]
  0x0000015fd433ecf0 JavaThread "Unconstrained build operations Thread 78"        [_thread_blocked, id=11548, stack(0x0000001002e00000,0x0000001002f00000) (1024K)]
  0x0000015fd433c590 JavaThread "Unconstrained build operations Thread 79"        [_thread_blocked, id=348, stack(0x0000001002f00000,0x0000001003000000) (1024K)]
  0x0000015fd433d2b0 JavaThread "Unconstrained build operations Thread 80"        [_thread_blocked, id=22112, stack(0x0000001003000000,0x0000001003100000) (1024K)]
  0x0000015fd4a13010 JavaThread "C2 CompilerThread1"         daemon [_thread_blocked, id=12752, stack(0x0000001000600000,0x0000001000700000) (1024K)]
Total: 133

Other Threads:
=>0x0000015fcb83e7e0 VMThread "VM Thread"                           [id=21120, stack(0x000000107a100000,0x000000107a200000) (1024K)]
  0x0000015fcb7e8600 WatcherThread "VM Periodic Task Thread"        [id=15996, stack(0x000000107a000000,0x000000107a100000) (1024K)]
  0x0000015fb44b2b20 WorkerThread "GC Thread#0"                     [id=20656, stack(0x0000001079b00000,0x0000001079c00000) (1024K)]
  0x0000015fd0577650 WorkerThread "GC Thread#1"                     [id=3372, stack(0x000000107ad00000,0x000000107ae00000) (1024K)]
  0x0000015fd05779f0 WorkerThread "GC Thread#2"                     [id=6644, stack(0x000000107ae00000,0x000000107af00000) (1024K)]
  0x0000015fd1632950 WorkerThread "GC Thread#3"                     [id=19628, stack(0x000000107ac00000,0x000000107ad00000) (1024K)]
  0x0000015fd11622d0 WorkerThread "GC Thread#4"                     [id=21356, stack(0x000000107af00000,0x000000107b000000) (1024K)]
  0x0000015fd02b1380 WorkerThread "GC Thread#5"                     [id=23000, stack(0x000000107b900000,0x000000107ba00000) (1024K)]
  0x0000015fd208dcc0 WorkerThread "GC Thread#6"                     [id=7256, stack(0x000000107ba00000,0x000000107bb00000) (1024K)]
  0x0000015fd21146b0 WorkerThread "GC Thread#7"                     [id=16756, stack(0x000000107bb00000,0x000000107bc00000) (1024K)]
  0x0000015fb44c4850 ConcurrentGCThread "G1 Main Marker"            [id=25464, stack(0x0000001079c00000,0x0000001079d00000) (1024K)]
  0x0000015fb44c5a00 WorkerThread "G1 Conc#0"                       [id=23264, stack(0x0000001079d00000,0x0000001079e00000) (1024K)]
  0x0000015fd2114a50 WorkerThread "G1 Conc#1"                       [id=16088, stack(0x000000107be00000,0x000000107bf00000) (1024K)]
  0x0000015fb451e690 ConcurrentGCThread "G1 Refine#0"               [id=12988, stack(0x0000001079e00000,0x0000001079f00000) (1024K)]
  0x0000015fcb6bd180 ConcurrentGCThread "G1 Service"                [id=6012, stack(0x0000001079f00000,0x000000107a000000) (1024K)]
Total: 15

Threads with active compile tasks:
C2 CompilerThread1  40140 14543   !   4       java.nio.file.FileTreeWalker::next (144 bytes)
Total: 1

VM state: at safepoint (normal execution)

VM Mutex/Monitor currently owned by a thread:  ([mutex/lock_event])
[0x00007ffb3bcc8690] Threads_lock - owner thread: 0x0000015fcb83e7e0
[0x00007ffb3bcc8790] Heap_lock - owner thread: 0x0000015fd562e240

Heap address: 0x0000000080000000, size: 2048 MB, Compressed Oops mode: 32-bit

CDS archive(s) not mapped
Compressed class space mapped at: 0x0000000100000000-0x0000000140000000, reserved size: 1073741824
Narrow klass base: 0x0000000000000000, Narrow klass shift: 3, Narrow klass range: 0x140000000

GC Precious Log:
 CardTable entry size: 512
 Card Set container configuration: InlinePtr #cards 5 size 8 Array Of Cards #cards 12 size 40 Howl #buckets 4 coarsen threshold 1843 Howl Bitmap #cards 512 size 80 coarsen threshold 460 Card regions per heap region 1 cards per card region 2048
 CPUs: 8 total, 8 available
 Memory: 7970M
 Large Page Support: Disabled
 NUMA Support: Disabled
 Compressed Oops: Enabled (32-bit)
 Heap Region Size: 1M
 Heap Min Capacity: 8M
 Heap Initial Capacity: 126M
 Heap Max Capacity: 2G
 Pre-touch: Disabled
 Parallel Workers: 8
 Concurrent Workers: 2
 Concurrent Refinement Workers: 8
 Periodic GC: Disabled

Heap:
 garbage-first heap   total 370688K, used 134016K [0x0000000080000000, 0x0000000100000000)
  region size 1024K, 15 young (15360K), 15 survivors (15360K)
 Metaspace       used 114800K, committed 117120K, reserved 1179648K
  class space    used 16364K, committed 17536K, reserved 1048576K

Heap Regions: E=young(eden), S=young(survivor), O=old, HS=humongous(starts), HC=humongous(continues), CS=collection set, F=free, TAMS=top-at-mark-start, PB=parsable bottom
|   0|0x0000000080000000, 0x0000000080100000, 0x0000000080100000|100%|HS|  |TAMS 0x0000000080100000| PB 0x0000000080000000| Complete 
|   1|0x0000000080100000, 0x0000000080200000, 0x0000000080200000|100%|HC|  |TAMS 0x0000000080200000| PB 0x0000000080100000| Complete 
|   2|0x0000000080200000, 0x0000000080300000, 0x0000000080300000|100%|HC|  |TAMS 0x0000000080300000| PB 0x0000000080200000| Complete 
|   3|0x0000000080300000, 0x0000000080400000, 0x0000000080400000|100%| O|  |TAMS 0x0000000080400000| PB 0x0000000080300000| Untracked 
|   4|0x0000000080400000, 0x0000000080500000, 0x0000000080500000|100%| O|  |TAMS 0x0000000080500000| PB 0x0000000080400000| Untracked 
|   5|0x0000000080500000, 0x0000000080600000, 0x0000000080600000|100%| O|  |TAMS 0x0000000080600000| PB 0x0000000080500000| Untracked 
|   6|0x0000000080600000, 0x0000000080700000, 0x0000000080700000|100%|HS|  |TAMS 0x0000000080700000| PB 0x0000000080600000| Complete 
|   7|0x0000000080700000, 0x0000000080800000, 0x0000000080800000|100%| O|  |TAMS 0x0000000080800000| PB 0x0000000080700000| Untracked 
|   8|0x0000000080800000, 0x0000000080900000, 0x0000000080900000|100%| O|  |TAMS 0x0000000080900000| PB 0x0000000080800000| Untracked 
|   9|0x0000000080900000, 0x0000000080a00000, 0x0000000080a00000|100%| O|  |TAMS 0x0000000080a00000| PB 0x0000000080900000| Untracked 
|  10|0x0000000080a00000, 0x0000000080b00000, 0x0000000080b00000|100%| O|  |TAMS 0x0000000080b00000| PB 0x0000000080a00000| Untracked 
|  11|0x0000000080b00000, 0x0000000080c00000, 0x0000000080c00000|100%| O|  |TAMS 0x0000000080c00000| PB 0x0000000080b00000| Untracked 
|  12|0x0000000080c00000, 0x0000000080d00000, 0x0000000080d00000|100%| O|  |TAMS 0x0000000080d00000| PB 0x0000000080c00000| Untracked 
|  13|0x0000000080d00000, 0x0000000080e00000, 0x0000000080e00000|100%| O|  |TAMS 0x0000000080e00000| PB 0x0000000080d00000| Untracked 
|  14|0x0000000080e00000, 0x0000000080f00000, 0x0000000080f00000|100%| O|  |TAMS 0x0000000080f00000| PB 0x0000000080e00000| Untracked 
|  15|0x0000000080f00000, 0x0000000081000000, 0x0000000081000000|100%| O|  |TAMS 0x0000000081000000| PB 0x0000000080f00000| Untracked 
|  16|0x0000000081000000, 0x0000000081100000, 0x0000000081100000|100%| O|  |TAMS 0x0000000081100000| PB 0x0000000081000000| Untracked 
|  17|0x0000000081100000, 0x0000000081200000, 0x0000000081200000|100%| O|  |TAMS 0x0000000081200000| PB 0x0000000081100000| Untracked 
|  18|0x0000000081200000, 0x0000000081300000, 0x0000000081300000|100%| O|  |TAMS 0x0000000081300000| PB 0x0000000081200000| Untracked 
|  19|0x0000000081300000, 0x0000000081400000, 0x0000000081400000|100%| O|  |TAMS 0x0000000081400000| PB 0x0000000081300000| Untracked 
|  20|0x0000000081400000, 0x0000000081500000, 0x0000000081500000|100%| O|  |TAMS 0x0000000081500000| PB 0x0000000081400000| Untracked 
|  21|0x0000000081500000, 0x0000000081600000, 0x0000000081600000|100%| O|  |TAMS 0x0000000081600000| PB 0x0000000081500000| Untracked 
|  22|0x0000000081600000, 0x0000000081700000, 0x0000000081700000|100%| O|  |TAMS 0x0000000081700000| PB 0x0000000081600000| Untracked 
|  23|0x0000000081700000, 0x0000000081800000, 0x0000000081800000|100%| O|  |TAMS 0x0000000081800000| PB 0x0000000081700000| Untracked 
|  24|0x0000000081800000, 0x0000000081900000, 0x0000000081900000|100%| O|  |TAMS 0x0000000081900000| PB 0x0000000081800000| Untracked 
|  25|0x0000000081900000, 0x0000000081a00000, 0x0000000081a00000|100%| O|  |TAMS 0x0000000081a00000| PB 0x0000000081900000| Untracked 
|  26|0x0000000081a00000, 0x0000000081b00000, 0x0000000081b00000|100%| O|  |TAMS 0x0000000081b00000| PB 0x0000000081a00000| Untracked 
|  27|0x0000000081b00000, 0x0000000081c00000, 0x0000000081c00000|100%| O|  |TAMS 0x0000000081c00000| PB 0x0000000081b00000| Untracked 
|  28|0x0000000081c00000, 0x0000000081d00000, 0x0000000081d00000|100%| O|  |TAMS 0x0000000081d00000| PB 0x0000000081c00000| Untracked 
|  29|0x0000000081d00000, 0x0000000081e00000, 0x0000000081e00000|100%| O|  |TAMS 0x0000000081e00000| PB 0x0000000081d00000| Untracked 
|  30|0x0000000081e00000, 0x0000000081f00000, 0x0000000081f00000|100%| O|  |TAMS 0x0000000081f00000| PB 0x0000000081e00000| Untracked 
|  31|0x0000000081f00000, 0x0000000082000000, 0x0000000082000000|100%| O|  |TAMS 0x0000000082000000| PB 0x0000000081f00000| Untracked 
|  32|0x0000000082000000, 0x0000000082100000, 0x0000000082100000|100%| O|  |TAMS 0x0000000082100000| PB 0x0000000082000000| Untracked 
|  33|0x0000000082100000, 0x0000000082200000, 0x0000000082200000|100%| O|  |TAMS 0x0000000082200000| PB 0x0000000082100000| Untracked 
|  34|0x0000000082200000, 0x0000000082300000, 0x0000000082300000|100%|HS|  |TAMS 0x0000000082300000| PB 0x0000000082200000| Complete 
|  35|0x0000000082300000, 0x0000000082400000, 0x0000000082400000|100%|HC|  |TAMS 0x0000000082400000| PB 0x0000000082300000| Complete 
|  36|0x0000000082400000, 0x0000000082500000, 0x0000000082500000|100%| O|  |TAMS 0x0000000082500000| PB 0x0000000082400000| Untracked 
|  37|0x0000000082500000, 0x0000000082600000, 0x0000000082600000|100%| O|  |TAMS 0x0000000082600000| PB 0x0000000082500000| Untracked 
|  38|0x0000000082600000, 0x0000000082700000, 0x0000000082700000|100%|HS|  |TAMS 0x0000000082700000| PB 0x0000000082600000| Complete 
|  39|0x0000000082700000, 0x0000000082800000, 0x0000000082800000|100%| O|  |TAMS 0x0000000082800000| PB 0x0000000082700000| Untracked 
|  40|0x0000000082800000, 0x0000000082900000, 0x0000000082900000|100%| O|  |TAMS 0x0000000082900000| PB 0x0000000082800000| Untracked 
|  41|0x0000000082900000, 0x0000000082a00000, 0x0000000082a00000|100%| O|  |TAMS 0x0000000082a00000| PB 0x0000000082900000| Untracked 
|  42|0x0000000082a00000, 0x0000000082b00000, 0x0000000082b00000|100%| O|  |TAMS 0x0000000082b00000| PB 0x0000000082a00000| Untracked 
|  43|0x0000000082b00000, 0x0000000082c00000, 0x0000000082c00000|100%|HS|  |TAMS 0x0000000082c00000| PB 0x0000000082b00000| Complete 
|  44|0x0000000082c00000, 0x0000000082d00000, 0x0000000082d00000|100%| O|  |TAMS 0x0000000082d00000| PB 0x0000000082c00000| Untracked 
|  45|0x0000000082d00000, 0x0000000082e00000, 0x0000000082e00000|100%| O|  |TAMS 0x0000000082e00000| PB 0x0000000082d00000| Untracked 
|  46|0x0000000082e00000, 0x0000000082f00000, 0x0000000082f00000|100%| O|  |TAMS 0x0000000082f00000| PB 0x0000000082e00000| Untracked 
|  47|0x0000000082f00000, 0x0000000083000000, 0x0000000083000000|100%| O|  |TAMS 0x0000000083000000| PB 0x0000000082f00000| Untracked 
|  48|0x0000000083000000, 0x0000000083100000, 0x0000000083100000|100%| O|  |TAMS 0x0000000083100000| PB 0x0000000083000000| Untracked 
|  49|0x0000000083100000, 0x0000000083200000, 0x0000000083200000|100%| O|  |TAMS 0x0000000083200000| PB 0x0000000083100000| Untracked 
|  50|0x0000000083200000, 0x0000000083300000, 0x0000000083300000|100%| O|  |TAMS 0x0000000083300000| PB 0x0000000083200000| Untracked 
|  51|0x0000000083300000, 0x0000000083400000, 0x0000000083400000|100%|HS|  |TAMS 0x0000000083400000| PB 0x0000000083300000| Complete 
|  52|0x0000000083400000, 0x0000000083500000, 0x0000000083500000|100%| O|  |TAMS 0x0000000083500000| PB 0x0000000083400000| Untracked 
|  53|0x0000000083500000, 0x0000000083600000, 0x0000000083600000|100%|HS|  |TAMS 0x0000000083600000| PB 0x0000000083500000| Complete 
|  54|0x0000000083600000, 0x0000000083700000, 0x0000000083700000|100%|HC|  |TAMS 0x0000000083700000| PB 0x0000000083600000| Complete 
|  55|0x0000000083700000, 0x0000000083800000, 0x0000000083800000|100%|HS|  |TAMS 0x0000000083800000| PB 0x0000000083700000| Complete 
|  56|0x0000000083800000, 0x0000000083900000, 0x0000000083900000|100%| O|  |TAMS 0x0000000083900000| PB 0x0000000083800000| Untracked 
|  57|0x0000000083900000, 0x0000000083a00000, 0x0000000083a00000|100%| O|  |TAMS 0x0000000083a00000| PB 0x0000000083900000| Untracked 
|  58|0x0000000083a00000, 0x0000000083b00000, 0x0000000083b00000|100%| O|  |TAMS 0x0000000083b00000| PB 0x0000000083a00000| Untracked 
|  59|0x0000000083b00000, 0x0000000083c00000, 0x0000000083c00000|100%|HS|  |TAMS 0x0000000083c00000| PB 0x0000000083b00000| Complete 
|  60|0x0000000083c00000, 0x0000000083d00000, 0x0000000083d00000|100%|HS|  |TAMS 0x0000000083d00000| PB 0x0000000083c00000| Complete 
|  61|0x0000000083d00000, 0x0000000083e00000, 0x0000000083e00000|100%|HS|  |TAMS 0x0000000083e00000| PB 0x0000000083d00000| Complete 
|  62|0x0000000083e00000, 0x0000000083f00000, 0x0000000083f00000|100%|HC|  |TAMS 0x0000000083f00000| PB 0x0000000083e00000| Complete 
|  63|0x0000000083f00000, 0x0000000084000000, 0x0000000084000000|100%| O|  |TAMS 0x0000000084000000| PB 0x0000000083f00000| Untracked 
|  64|0x0000000084000000, 0x0000000084100000, 0x0000000084100000|100%| O|  |TAMS 0x0000000084100000| PB 0x0000000084000000| Untracked 
|  65|0x0000000084100000, 0x0000000084200000, 0x0000000084200000|100%| O|  |TAMS 0x0000000084200000| PB 0x0000000084100000| Untracked 
|  66|0x0000000084200000, 0x0000000084300000, 0x0000000084300000|100%| O|  |TAMS 0x0000000084300000| PB 0x0000000084200000| Untracked 
|  67|0x0000000084300000, 0x0000000084400000, 0x0000000084400000|100%| O|  |TAMS 0x0000000084400000| PB 0x0000000084300000| Untracked 
|  68|0x0000000084400000, 0x0000000084500000, 0x0000000084500000|100%| O|  |TAMS 0x0000000084500000| PB 0x0000000084400000| Untracked 
|  69|0x0000000084500000, 0x0000000084600000, 0x0000000084600000|100%| O|  |TAMS 0x0000000084600000| PB 0x0000000084500000| Untracked 
|  70|0x0000000084600000, 0x0000000084700000, 0x0000000084700000|100%| O|  |TAMS 0x0000000084700000| PB 0x0000000084600000| Untracked 
|  71|0x0000000084700000, 0x0000000084800000, 0x0000000084800000|100%| O|  |TAMS 0x0000000084800000| PB 0x0000000084700000| Untracked 
|  72|0x0000000084800000, 0x0000000084900000, 0x0000000084900000|100%| O|  |TAMS 0x0000000084900000| PB 0x0000000084800000| Untracked 
|  73|0x0000000084900000, 0x0000000084a00000, 0x0000000084a00000|100%|HS|  |TAMS 0x0000000084a00000| PB 0x0000000084900000| Complete 
|  74|0x0000000084a00000, 0x0000000084b00000, 0x0000000084b00000|100%| O|  |TAMS 0x0000000084b00000| PB 0x0000000084a00000| Untracked 
|  75|0x0000000084b00000, 0x0000000084c00000, 0x0000000084c00000|100%| O|  |TAMS 0x0000000084c00000| PB 0x0000000084b00000| Untracked 
|  76|0x0000000084c00000, 0x0000000084d00000, 0x0000000084d00000|100%| O|  |TAMS 0x0000000084d00000| PB 0x0000000084c00000| Untracked 
|  77|0x0000000084d00000, 0x0000000084e00000, 0x0000000084e00000|100%| O|  |TAMS 0x0000000084e00000| PB 0x0000000084d00000| Untracked 
|  78|0x0000000084e00000, 0x0000000084f00000, 0x0000000084f00000|100%| O|  |TAMS 0x0000000084f00000| PB 0x0000000084e00000| Untracked 
|  79|0x0000000084f00000, 0x0000000085000000, 0x0000000085000000|100%| O|  |TAMS 0x0000000085000000| PB 0x0000000084f00000| Untracked 
|  80|0x0000000085000000, 0x0000000085100000, 0x0000000085100000|100%| O|  |TAMS 0x0000000085100000| PB 0x0000000085000000| Untracked 
|  81|0x0000000085100000, 0x0000000085200000, 0x0000000085200000|100%| O|  |TAMS 0x0000000085200000| PB 0x0000000085100000| Untracked 
|  82|0x0000000085200000, 0x0000000085200000, 0x0000000085300000|  0%| F|  |TAMS 0x0000000085200000| PB 0x0000000085200000| Untracked 
|  83|0x0000000085300000, 0x0000000085400000, 0x0000000085400000|100%| O|  |TAMS 0x0000000085400000| PB 0x0000000085300000| Untracked 
|  84|0x0000000085400000, 0x0000000085500000, 0x0000000085500000|100%| O|  |TAMS 0x0000000085500000| PB 0x0000000085400000| Untracked 
|  85|0x0000000085500000, 0x0000000085600000, 0x0000000085600000|100%| O|  |TAMS 0x0000000085600000| PB 0x0000000085500000| Untracked 
|  86|0x0000000085600000, 0x0000000085700000, 0x0000000085700000|100%| O|  |TAMS 0x0000000085700000| PB 0x0000000085600000| Untracked 
|  87|0x0000000085700000, 0x0000000085800000, 0x0000000085800000|100%| O|  |TAMS 0x0000000085800000| PB 0x0000000085700000| Untracked 
|  88|0x0000000085800000, 0x0000000085900000, 0x0000000085900000|100%| O|  |TAMS 0x0000000085900000| PB 0x0000000085800000| Untracked 
|  89|0x0000000085900000, 0x0000000085a00000, 0x0000000085a00000|100%| O|  |TAMS 0x0000000085a00000| PB 0x0000000085900000| Untracked 
|  90|0x0000000085a00000, 0x0000000085b00000, 0x0000000085b00000|100%| O|  |TAMS 0x0000000085b00000| PB 0x0000000085a00000| Untracked 
|  91|0x0000000085b00000, 0x0000000085c00000, 0x0000000085c00000|100%| O|  |TAMS 0x0000000085c00000| PB 0x0000000085b00000| Untracked 
|  92|0x0000000085c00000, 0x0000000085d00000, 0x0000000085d00000|100%| O|  |TAMS 0x0000000085d00000| PB 0x0000000085c00000| Untracked 
|  93|0x0000000085d00000, 0x0000000085d00000, 0x0000000085e00000|  0%| F|  |TAMS 0x0000000085d00000| PB 0x0000000085d00000| Untracked 
|  94|0x0000000085e00000, 0x0000000085f00000, 0x0000000085f00000|100%| O|  |TAMS 0x0000000085f00000| PB 0x0000000085e00000| Untracked 
|  95|0x0000000085f00000, 0x0000000086000000, 0x0000000086000000|100%| O|  |TAMS 0x0000000086000000| PB 0x0000000085f00000| Untracked 
|  96|0x0000000086000000, 0x0000000086100000, 0x0000000086100000|100%| O|  |TAMS 0x0000000086100000| PB 0x0000000086000000| Untracked 
|  97|0x0000000086100000, 0x0000000086200000, 0x0000000086200000|100%| O|  |TAMS 0x0000000086200000| PB 0x0000000086100000| Untracked 
|  98|0x0000000086200000, 0x0000000086300000, 0x0000000086300000|100%| O|  |TAMS 0x0000000086300000| PB 0x0000000086200000| Untracked 
|  99|0x0000000086300000, 0x0000000086400000, 0x0000000086400000|100%| O|  |TAMS 0x0000000086400000| PB 0x0000000086300000| Untracked 
| 100|0x0000000086400000, 0x0000000086500000, 0x0000000086500000|100%| O|  |TAMS 0x0000000086500000| PB 0x0000000086400000| Untracked 
| 101|0x0000000086500000, 0x0000000086600000, 0x0000000086600000|100%| O|  |TAMS 0x0000000086600000| PB 0x0000000086500000| Untracked 
| 102|0x0000000086600000, 0x0000000086600000, 0x0000000086700000|  0%| F|  |TAMS 0x0000000086600000| PB 0x0000000086600000| Untracked 
| 103|0x0000000086700000, 0x0000000086800000, 0x0000000086800000|100%| O|  |TAMS 0x0000000086800000| PB 0x0000000086700000| Untracked 
| 104|0x0000000086800000, 0x0000000086900000, 0x0000000086900000|100%| O|  |TAMS 0x0000000086900000| PB 0x0000000086800000| Untracked 
| 105|0x0000000086900000, 0x0000000086a00000, 0x0000000086a00000|100%| O|  |TAMS 0x0000000086a00000| PB 0x0000000086900000| Untracked 
| 106|0x0000000086a00000, 0x0000000086b00000, 0x0000000086b00000|100%| O|  |TAMS 0x0000000086b00000| PB 0x0000000086a00000| Untracked 
| 107|0x0000000086b00000, 0x0000000086c00000, 0x0000000086c00000|100%| O|  |TAMS 0x0000000086c00000| PB 0x0000000086b00000| Untracked 
| 108|0x0000000086c00000, 0x0000000086d00000, 0x0000000086d00000|100%| O|  |TAMS 0x0000000086d00000| PB 0x0000000086c00000| Untracked 
| 109|0x0000000086d00000, 0x0000000086e00000, 0x0000000086e00000|100%| O|  |TAMS 0x0000000086e00000| PB 0x0000000086d00000| Untracked 
| 110|0x0000000086e00000, 0x0000000086f00000, 0x0000000086f00000|100%| O|  |TAMS 0x0000000086f00000| PB 0x0000000086e00000| Untracked 
| 111|0x0000000086f00000, 0x0000000086fe0118, 0x0000000087000000| 87%| O|  |TAMS 0x0000000086fe0118| PB 0x0000000086f00000| Untracked 
| 112|0x0000000087000000, 0x0000000087100000, 0x0000000087100000|100%| O|  |TAMS 0x0000000087100000| PB 0x0000000087000000| Untracked 
| 113|0x0000000087100000, 0x0000000087200000, 0x0000000087200000|100%| O|  |TAMS 0x0000000087200000| PB 0x0000000087100000| Untracked 
| 114|0x0000000087200000, 0x0000000087200000, 0x0000000087300000|  0%| F|  |TAMS 0x0000000087200000| PB 0x0000000087200000| Untracked 
| 115|0x0000000087300000, 0x0000000087300000, 0x0000000087400000|  0%| F|  |TAMS 0x0000000087300000| PB 0x0000000087300000| Untracked 
| 116|0x0000000087400000, 0x0000000087400000, 0x0000000087500000|  0%| F|  |TAMS 0x0000000087400000| PB 0x0000000087400000| Untracked 
| 117|0x0000000087500000, 0x0000000087500000, 0x0000000087600000|  0%| F|  |TAMS 0x0000000087500000| PB 0x0000000087500000| Untracked 
| 118|0x0000000087600000, 0x0000000087600000, 0x0000000087700000|  0%| F|  |TAMS 0x0000000087600000| PB 0x0000000087600000| Untracked 
| 119|0x0000000087700000, 0x0000000087700000, 0x0000000087800000|  0%| F|  |TAMS 0x0000000087700000| PB 0x0000000087700000| Untracked 
| 120|0x0000000087800000, 0x0000000087800000, 0x0000000087900000|  0%| F|  |TAMS 0x0000000087800000| PB 0x0000000087800000| Untracked 
| 121|0x0000000087900000, 0x0000000087900000, 0x0000000087a00000|  0%| F|  |TAMS 0x0000000087900000| PB 0x0000000087900000| Untracked 
| 122|0x0000000087a00000, 0x0000000087a00000, 0x0000000087b00000|  0%| F|  |TAMS 0x0000000087a00000| PB 0x0000000087a00000| Untracked 
| 123|0x0000000087b00000, 0x0000000087b00000, 0x0000000087c00000|  0%| F|  |TAMS 0x0000000087b00000| PB 0x0000000087b00000| Untracked 
| 124|0x0000000087c00000, 0x0000000087c00000, 0x0000000087d00000|  0%| F|  |TAMS 0x0000000087c00000| PB 0x0000000087c00000| Untracked 
| 125|0x0000000087d00000, 0x0000000087d00000, 0x0000000087e00000|  0%| F|  |TAMS 0x0000000087d00000| PB 0x0000000087d00000| Untracked 
| 126|0x0000000087e00000, 0x0000000087e00000, 0x0000000087f00000|  0%| F|  |TAMS 0x0000000087e00000| PB 0x0000000087e00000| Untracked 
| 127|0x0000000087f00000, 0x0000000088000000, 0x0000000088000000|100%| S|CS|TAMS 0x0000000087f00000| PB 0x0000000087f00000| Complete 
| 128|0x0000000088000000, 0x0000000088100000, 0x0000000088100000|100%| S|CS|TAMS 0x0000000088000000| PB 0x0000000088000000| Complete 
| 129|0x0000000088100000, 0x0000000088200000, 0x0000000088200000|100%| S|CS|TAMS 0x0000000088100000| PB 0x0000000088100000| Complete 
| 130|0x0000000088200000, 0x0000000088300000, 0x0000000088300000|100%| S|CS|TAMS 0x0000000088200000| PB 0x0000000088200000| Complete 
| 131|0x0000000088300000, 0x0000000088400000, 0x0000000088400000|100%| S|CS|TAMS 0x0000000088300000| PB 0x0000000088300000| Complete 
| 132|0x0000000088400000, 0x0000000088500000, 0x0000000088500000|100%| S|CS|TAMS 0x0000000088400000| PB 0x0000000088400000| Complete 
| 133|0x0000000088500000, 0x0000000088600000, 0x0000000088600000|100%| S|CS|TAMS 0x0000000088500000| PB 0x0000000088500000| Complete 
| 134|0x0000000088600000, 0x0000000088700000, 0x0000000088700000|100%| S|CS|TAMS 0x0000000088600000| PB 0x0000000088600000| Complete 
| 135|0x0000000088700000, 0x0000000088800000, 0x0000000088800000|100%| S|CS|TAMS 0x0000000088700000| PB 0x0000000088700000| Complete 
| 136|0x0000000088800000, 0x0000000088900000, 0x0000000088900000|100%| S|CS|TAMS 0x0000000088800000| PB 0x0000000088800000| Complete 
| 137|0x0000000088900000, 0x0000000088a00000, 0x0000000088a00000|100%| S|CS|TAMS 0x0000000088900000| PB 0x0000000088900000| Complete 
| 138|0x0000000088a00000, 0x0000000088a00000, 0x0000000088b00000|  0%| F|  |TAMS 0x0000000088a00000| PB 0x0000000088a00000| Untracked 
| 139|0x0000000088b00000, 0x0000000088b00000, 0x0000000088c00000|  0%| F|  |TAMS 0x0000000088b00000| PB 0x0000000088b00000| Untracked 
| 140|0x0000000088c00000, 0x0000000088c00000, 0x0000000088d00000|  0%| F|  |TAMS 0x0000000088c00000| PB 0x0000000088c00000| Untracked 
| 141|0x0000000088d00000, 0x0000000088d00000, 0x0000000088e00000|  0%| F|  |TAMS 0x0000000088d00000| PB 0x0000000088d00000| Untracked 
| 142|0x0000000088e00000, 0x0000000088e00000, 0x0000000088f00000|  0%| F|  |TAMS 0x0000000088e00000| PB 0x0000000088e00000| Untracked 
| 143|0x0000000088f00000, 0x0000000088f00000, 0x0000000089000000|  0%| F|  |TAMS 0x0000000088f00000| PB 0x0000000088f00000| Untracked 
| 144|0x0000000089000000, 0x0000000089000000, 0x0000000089100000|  0%| F|  |TAMS 0x0000000089000000| PB 0x0000000089000000| Untracked 
| 145|0x0000000089100000, 0x0000000089100000, 0x0000000089200000|  0%| F|  |TAMS 0x0000000089100000| PB 0x0000000089100000| Untracked 
| 146|0x0000000089200000, 0x0000000089200000, 0x0000000089300000|  0%| F|  |TAMS 0x0000000089200000| PB 0x0000000089200000| Untracked 
| 147|0x0000000089300000, 0x0000000089300000, 0x0000000089400000|  0%| F|  |TAMS 0x0000000089300000| PB 0x0000000089300000| Untracked 
| 148|0x0000000089400000, 0x0000000089500000, 0x0000000089500000|100%| S|CS|TAMS 0x0000000089400000| PB 0x0000000089400000| Complete 
| 149|0x0000000089500000, 0x0000000089500000, 0x0000000089600000|  0%| F|  |TAMS 0x0000000089500000| PB 0x0000000089500000| Untracked 
| 150|0x0000000089600000, 0x0000000089600000, 0x0000000089700000|  0%| F|  |TAMS 0x0000000089600000| PB 0x0000000089600000| Untracked 
| 151|0x0000000089700000, 0x0000000089700000, 0x0000000089800000|  0%| F|  |TAMS 0x0000000089700000| PB 0x0000000089700000| Untracked 
| 152|0x0000000089800000, 0x0000000089900000, 0x0000000089900000|100%| S|CS|TAMS 0x0000000089800000| PB 0x0000000089800000| Complete 
| 153|0x0000000089900000, 0x0000000089a00000, 0x0000000089a00000|100%| S|CS|TAMS 0x0000000089900000| PB 0x0000000089900000| Complete 
| 154|0x0000000089a00000, 0x0000000089b00000, 0x0000000089b00000|100%| S|CS|TAMS 0x0000000089a00000| PB 0x0000000089a00000| Complete 
| 155|0x0000000089b00000, 0x0000000089b00000, 0x0000000089c00000|  0%| F|  |TAMS 0x0000000089b00000| PB 0x0000000089b00000| Untracked 
| 156|0x0000000089c00000, 0x0000000089c00000, 0x0000000089d00000|  0%| F|  |TAMS 0x0000000089c00000| PB 0x0000000089c00000| Untracked 
| 157|0x0000000089d00000, 0x0000000089d00000, 0x0000000089e00000|  0%| F|  |TAMS 0x0000000089d00000| PB 0x0000000089d00000| Untracked 
| 158|0x0000000089e00000, 0x0000000089e00000, 0x0000000089f00000|  0%| F|  |TAMS 0x0000000089e00000| PB 0x0000000089e00000| Untracked 
| 159|0x0000000089f00000, 0x0000000089f00000, 0x000000008a000000|  0%| F|  |TAMS 0x0000000089f00000| PB 0x0000000089f00000| Untracked 
| 160|0x000000008a000000, 0x000000008a000000, 0x000000008a100000|  0%| F|  |TAMS 0x000000008a000000| PB 0x000000008a000000| Untracked 
| 161|0x000000008a100000, 0x000000008a100000, 0x000000008a200000|  0%| F|  |TAMS 0x000000008a100000| PB 0x000000008a100000| Untracked 
| 162|0x000000008a200000, 0x000000008a200000, 0x000000008a300000|  0%| F|  |TAMS 0x000000008a200000| PB 0x000000008a200000| Untracked 
| 163|0x000000008a300000, 0x000000008a300000, 0x000000008a400000|  0%| F|  |TAMS 0x000000008a300000| PB 0x000000008a300000| Untracked 
| 164|0x000000008a400000, 0x000000008a400000, 0x000000008a500000|  0%| F|  |TAMS 0x000000008a400000| PB 0x000000008a400000| Untracked 
| 165|0x000000008a500000, 0x000000008a500000, 0x000000008a600000|  0%| F|  |TAMS 0x000000008a500000| PB 0x000000008a500000| Untracked 
| 166|0x000000008a600000, 0x000000008a600000, 0x000000008a700000|  0%| F|  |TAMS 0x000000008a600000| PB 0x000000008a600000| Untracked 
| 167|0x000000008a700000, 0x000000008a700000, 0x000000008a800000|  0%| F|  |TAMS 0x000000008a700000| PB 0x000000008a700000| Untracked 
| 168|0x000000008a800000, 0x000000008a800000, 0x000000008a900000|  0%| F|  |TAMS 0x000000008a800000| PB 0x000000008a800000| Untracked 
| 169|0x000000008a900000, 0x000000008a900000, 0x000000008aa00000|  0%| F|  |TAMS 0x000000008a900000| PB 0x000000008a900000| Untracked 
| 170|0x000000008aa00000, 0x000000008aa00000, 0x000000008ab00000|  0%| F|  |TAMS 0x000000008aa00000| PB 0x000000008aa00000| Untracked 
| 171|0x000000008ab00000, 0x000000008ab00000, 0x000000008ac00000|  0%| F|  |TAMS 0x000000008ab00000| PB 0x000000008ab00000| Untracked 
| 172|0x000000008ac00000, 0x000000008ac00000, 0x000000008ad00000|  0%| F|  |TAMS 0x000000008ac00000| PB 0x000000008ac00000| Untracked 
| 173|0x000000008ad00000, 0x000000008ad00000, 0x000000008ae00000|  0%| F|  |TAMS 0x000000008ad00000| PB 0x000000008ad00000| Untracked 
| 174|0x000000008ae00000, 0x000000008ae00000, 0x000000008af00000|  0%| F|  |TAMS 0x000000008ae00000| PB 0x000000008ae00000| Untracked 
| 175|0x000000008af00000, 0x000000008af00000, 0x000000008b000000|  0%| F|  |TAMS 0x000000008af00000| PB 0x000000008af00000| Untracked 
| 176|0x000000008b000000, 0x000000008b000000, 0x000000008b100000|  0%| F|  |TAMS 0x000000008b000000| PB 0x000000008b000000| Untracked 
| 177|0x000000008b100000, 0x000000008b100000, 0x000000008b200000|  0%| F|  |TAMS 0x000000008b100000| PB 0x000000008b100000| Untracked 
| 178|0x000000008b200000, 0x000000008b200000, 0x000000008b300000|  0%| F|  |TAMS 0x000000008b200000| PB 0x000000008b200000| Untracked 
| 179|0x000000008b300000, 0x000000008b300000, 0x000000008b400000|  0%| F|  |TAMS 0x000000008b300000| PB 0x000000008b300000| Untracked 
| 180|0x000000008b400000, 0x000000008b400000, 0x000000008b500000|  0%| F|  |TAMS 0x000000008b400000| PB 0x000000008b400000| Untracked 
| 181|0x000000008b500000, 0x000000008b500000, 0x000000008b600000|  0%| F|  |TAMS 0x000000008b500000| PB 0x000000008b500000| Untracked 
| 182|0x000000008b600000, 0x000000008b600000, 0x000000008b700000|  0%| F|  |TAMS 0x000000008b600000| PB 0x000000008b600000| Untracked 
| 183|0x000000008b700000, 0x000000008b700000, 0x000000008b800000|  0%| F|  |TAMS 0x000000008b700000| PB 0x000000008b700000| Untracked 
| 184|0x000000008b800000, 0x000000008b800000, 0x000000008b900000|  0%| F|  |TAMS 0x000000008b800000| PB 0x000000008b800000| Untracked 
| 185|0x000000008b900000, 0x000000008b900000, 0x000000008ba00000|  0%| F|  |TAMS 0x000000008b900000| PB 0x000000008b900000| Untracked 
| 186|0x000000008ba00000, 0x000000008ba00000, 0x000000008bb00000|  0%| F|  |TAMS 0x000000008ba00000| PB 0x000000008ba00000| Untracked 
| 187|0x000000008bb00000, 0x000000008bb00000, 0x000000008bc00000|  0%| F|  |TAMS 0x000000008bb00000| PB 0x000000008bb00000| Untracked 
| 188|0x000000008bc00000, 0x000000008bc00000, 0x000000008bd00000|  0%| F|  |TAMS 0x000000008bc00000| PB 0x000000008bc00000| Untracked 
| 189|0x000000008bd00000, 0x000000008bd00000, 0x000000008be00000|  0%| F|  |TAMS 0x000000008bd00000| PB 0x000000008bd00000| Untracked 
| 190|0x000000008be00000, 0x000000008be00000, 0x000000008bf00000|  0%| F|  |TAMS 0x000000008be00000| PB 0x000000008be00000| Untracked 
| 191|0x000000008bf00000, 0x000000008bf00000, 0x000000008c000000|  0%| F|  |TAMS 0x000000008bf00000| PB 0x000000008bf00000| Untracked 
| 192|0x000000008c000000, 0x000000008c000000, 0x000000008c100000|  0%| F|  |TAMS 0x000000008c000000| PB 0x000000008c000000| Untracked 
| 193|0x000000008c100000, 0x000000008c100000, 0x000000008c200000|  0%| F|  |TAMS 0x000000008c100000| PB 0x000000008c100000| Untracked 
| 194|0x000000008c200000, 0x000000008c200000, 0x000000008c300000|  0%| F|  |TAMS 0x000000008c200000| PB 0x000000008c200000| Untracked 
| 195|0x000000008c300000, 0x000000008c300000, 0x000000008c400000|  0%| F|  |TAMS 0x000000008c300000| PB 0x000000008c300000| Untracked 
| 196|0x000000008c400000, 0x000000008c400000, 0x000000008c500000|  0%| F|  |TAMS 0x000000008c400000| PB 0x000000008c400000| Untracked 
| 197|0x000000008c500000, 0x000000008c500000, 0x000000008c600000|  0%| F|  |TAMS 0x000000008c500000| PB 0x000000008c500000| Untracked 
| 198|0x000000008c600000, 0x000000008c600000, 0x000000008c700000|  0%| F|  |TAMS 0x000000008c600000| PB 0x000000008c600000| Untracked 
| 199|0x000000008c700000, 0x000000008c700000, 0x000000008c800000|  0%| F|  |TAMS 0x000000008c700000| PB 0x000000008c700000| Untracked 
| 200|0x000000008c800000, 0x000000008c800000, 0x000000008c900000|  0%| F|  |TAMS 0x000000008c800000| PB 0x000000008c800000| Untracked 
| 201|0x000000008c900000, 0x000000008c900000, 0x000000008ca00000|  0%| F|  |TAMS 0x000000008c900000| PB 0x000000008c900000| Untracked 
| 202|0x000000008ca00000, 0x000000008ca00000, 0x000000008cb00000|  0%| F|  |TAMS 0x000000008ca00000| PB 0x000000008ca00000| Untracked 
| 203|0x000000008cb00000, 0x000000008cb00000, 0x000000008cc00000|  0%| F|  |TAMS 0x000000008cb00000| PB 0x000000008cb00000| Untracked 
| 204|0x000000008cc00000, 0x000000008cc00000, 0x000000008cd00000|  0%| F|  |TAMS 0x000000008cc00000| PB 0x000000008cc00000| Untracked 
| 205|0x000000008cd00000, 0x000000008cd00000, 0x000000008ce00000|  0%| F|  |TAMS 0x000000008cd00000| PB 0x000000008cd00000| Untracked 
| 206|0x000000008ce00000, 0x000000008ce00000, 0x000000008cf00000|  0%| F|  |TAMS 0x000000008ce00000| PB 0x000000008ce00000| Untracked 
| 207|0x000000008cf00000, 0x000000008cf00000, 0x000000008d000000|  0%| F|  |TAMS 0x000000008cf00000| PB 0x000000008cf00000| Untracked 
| 208|0x000000008d000000, 0x000000008d000000, 0x000000008d100000|  0%| F|  |TAMS 0x000000008d000000| PB 0x000000008d000000| Untracked 
| 209|0x000000008d100000, 0x000000008d100000, 0x000000008d200000|  0%| F|  |TAMS 0x000000008d100000| PB 0x000000008d100000| Untracked 
| 210|0x000000008d200000, 0x000000008d200000, 0x000000008d300000|  0%| F|  |TAMS 0x000000008d200000| PB 0x000000008d200000| Untracked 
| 211|0x000000008d300000, 0x000000008d300000, 0x000000008d400000|  0%| F|  |TAMS 0x000000008d300000| PB 0x000000008d300000| Untracked 
| 212|0x000000008d400000, 0x000000008d400000, 0x000000008d500000|  0%| F|  |TAMS 0x000000008d400000| PB 0x000000008d400000| Untracked 
| 213|0x000000008d500000, 0x000000008d500000, 0x000000008d600000|  0%| F|  |TAMS 0x000000008d500000| PB 0x000000008d500000| Untracked 
| 214|0x000000008d600000, 0x000000008d600000, 0x000000008d700000|  0%| F|  |TAMS 0x000000008d600000| PB 0x000000008d600000| Untracked 
| 215|0x000000008d700000, 0x000000008d700000, 0x000000008d800000|  0%| F|  |TAMS 0x000000008d700000| PB 0x000000008d700000| Untracked 
| 216|0x000000008d800000, 0x000000008d800000, 0x000000008d900000|  0%| F|  |TAMS 0x000000008d800000| PB 0x000000008d800000| Untracked 
| 217|0x000000008d900000, 0x000000008d900000, 0x000000008da00000|  0%| F|  |TAMS 0x000000008d900000| PB 0x000000008d900000| Untracked 
| 218|0x000000008da00000, 0x000000008da00000, 0x000000008db00000|  0%| F|  |TAMS 0x000000008da00000| PB 0x000000008da00000| Untracked 
| 219|0x000000008db00000, 0x000000008db00000, 0x000000008dc00000|  0%| F|  |TAMS 0x000000008db00000| PB 0x000000008db00000| Untracked 
| 220|0x000000008dc00000, 0x000000008dc00000, 0x000000008dd00000|  0%| F|  |TAMS 0x000000008dc00000| PB 0x000000008dc00000| Untracked 
| 221|0x000000008dd00000, 0x000000008dd00000, 0x000000008de00000|  0%| F|  |TAMS 0x000000008dd00000| PB 0x000000008dd00000| Untracked 
| 222|0x000000008de00000, 0x000000008de00000, 0x000000008df00000|  0%| F|  |TAMS 0x000000008de00000| PB 0x000000008de00000| Untracked 
| 223|0x000000008df00000, 0x000000008df00000, 0x000000008e000000|  0%| F|  |TAMS 0x000000008df00000| PB 0x000000008df00000| Untracked 
| 224|0x000000008e000000, 0x000000008e000000, 0x000000008e100000|  0%| F|  |TAMS 0x000000008e000000| PB 0x000000008e000000| Untracked 
| 225|0x000000008e100000, 0x000000008e100000, 0x000000008e200000|  0%| F|  |TAMS 0x000000008e100000| PB 0x000000008e100000| Untracked 
| 226|0x000000008e200000, 0x000000008e200000, 0x000000008e300000|  0%| F|  |TAMS 0x000000008e200000| PB 0x000000008e200000| Untracked 
| 227|0x000000008e300000, 0x000000008e300000, 0x000000008e400000|  0%| F|  |TAMS 0x000000008e300000| PB 0x000000008e300000| Untracked 
| 228|0x000000008e400000, 0x000000008e400000, 0x000000008e500000|  0%| F|  |TAMS 0x000000008e400000| PB 0x000000008e400000| Untracked 
| 229|0x000000008e500000, 0x000000008e500000, 0x000000008e600000|  0%| F|  |TAMS 0x000000008e500000| PB 0x000000008e500000| Untracked 
| 230|0x000000008e600000, 0x000000008e600000, 0x000000008e700000|  0%| F|  |TAMS 0x000000008e600000| PB 0x000000008e600000| Untracked 
| 231|0x000000008e700000, 0x000000008e700000, 0x000000008e800000|  0%| F|  |TAMS 0x000000008e700000| PB 0x000000008e700000| Untracked 
| 232|0x000000008e800000, 0x000000008e800000, 0x000000008e900000|  0%| F|  |TAMS 0x000000008e800000| PB 0x000000008e800000| Untracked 
| 233|0x000000008e900000, 0x000000008e900000, 0x000000008ea00000|  0%| F|  |TAMS 0x000000008e900000| PB 0x000000008e900000| Untracked 
| 234|0x000000008ea00000, 0x000000008ea00000, 0x000000008eb00000|  0%| F|  |TAMS 0x000000008ea00000| PB 0x000000008ea00000| Untracked 
| 235|0x000000008eb00000, 0x000000008eb00000, 0x000000008ec00000|  0%| F|  |TAMS 0x000000008eb00000| PB 0x000000008eb00000| Untracked 
| 236|0x000000008ec00000, 0x000000008ec00000, 0x000000008ed00000|  0%| F|  |TAMS 0x000000008ec00000| PB 0x000000008ec00000| Untracked 
| 237|0x000000008ed00000, 0x000000008ed00000, 0x000000008ee00000|  0%| F|  |TAMS 0x000000008ed00000| PB 0x000000008ed00000| Untracked 
| 238|0x000000008ee00000, 0x000000008ee00000, 0x000000008ef00000|  0%| F|  |TAMS 0x000000008ee00000| PB 0x000000008ee00000| Untracked 
| 239|0x000000008ef00000, 0x000000008ef00000, 0x000000008f000000|  0%| F|  |TAMS 0x000000008ef00000| PB 0x000000008ef00000| Untracked 
| 240|0x000000008f000000, 0x000000008f000000, 0x000000008f100000|  0%| F|  |TAMS 0x000000008f000000| PB 0x000000008f000000| Untracked 
| 241|0x000000008f100000, 0x000000008f100000, 0x000000008f200000|  0%| F|  |TAMS 0x000000008f100000| PB 0x000000008f100000| Untracked 
| 242|0x000000008f200000, 0x000000008f200000, 0x000000008f300000|  0%| F|  |TAMS 0x000000008f200000| PB 0x000000008f200000| Untracked 
| 243|0x000000008f300000, 0x000000008f300000, 0x000000008f400000|  0%| F|  |TAMS 0x000000008f300000| PB 0x000000008f300000| Untracked 
| 244|0x000000008f400000, 0x000000008f400000, 0x000000008f500000|  0%| F|  |TAMS 0x000000008f400000| PB 0x000000008f400000| Untracked 
| 245|0x000000008f500000, 0x000000008f500000, 0x000000008f600000|  0%| F|  |TAMS 0x000000008f500000| PB 0x000000008f500000| Untracked 
| 246|0x000000008f600000, 0x000000008f600000, 0x000000008f700000|  0%| F|  |TAMS 0x000000008f600000| PB 0x000000008f600000| Untracked 
| 247|0x000000008f700000, 0x000000008f700000, 0x000000008f800000|  0%| F|  |TAMS 0x000000008f700000| PB 0x000000008f700000| Untracked 
| 248|0x000000008f800000, 0x000000008f800000, 0x000000008f900000|  0%| F|  |TAMS 0x000000008f800000| PB 0x000000008f800000| Untracked 
| 249|0x000000008f900000, 0x000000008f900000, 0x000000008fa00000|  0%| F|  |TAMS 0x000000008f900000| PB 0x000000008f900000| Untracked 
| 250|0x000000008fa00000, 0x000000008fa00000, 0x000000008fb00000|  0%| F|  |TAMS 0x000000008fa00000| PB 0x000000008fa00000| Untracked 
| 251|0x000000008fb00000, 0x000000008fb00000, 0x000000008fc00000|  0%| F|  |TAMS 0x000000008fb00000| PB 0x000000008fb00000| Untracked 
| 252|0x000000008fc00000, 0x000000008fc00000, 0x000000008fd00000|  0%| F|  |TAMS 0x000000008fc00000| PB 0x000000008fc00000| Untracked 
| 253|0x000000008fd00000, 0x000000008fd00000, 0x000000008fe00000|  0%| F|  |TAMS 0x000000008fd00000| PB 0x000000008fd00000| Untracked 
| 254|0x000000008fe00000, 0x000000008fe00000, 0x000000008ff00000|  0%| F|  |TAMS 0x000000008fe00000| PB 0x000000008fe00000| Untracked 
| 255|0x000000008ff00000, 0x000000008ff00000, 0x0000000090000000|  0%| F|  |TAMS 0x000000008ff00000| PB 0x000000008ff00000| Untracked 
| 256|0x0000000090000000, 0x0000000090000000, 0x0000000090100000|  0%| F|  |TAMS 0x0000000090000000| PB 0x0000000090000000| Untracked 
| 257|0x0000000090100000, 0x0000000090100000, 0x0000000090200000|  0%| F|  |TAMS 0x0000000090100000| PB 0x0000000090100000| Untracked 
| 258|0x0000000090200000, 0x0000000090200000, 0x0000000090300000|  0%| F|  |TAMS 0x0000000090200000| PB 0x0000000090200000| Untracked 
| 259|0x0000000090300000, 0x0000000090300000, 0x0000000090400000|  0%| F|  |TAMS 0x0000000090300000| PB 0x0000000090300000| Untracked 
| 260|0x0000000090400000, 0x0000000090400000, 0x0000000090500000|  0%| F|  |TAMS 0x0000000090400000| PB 0x0000000090400000| Untracked 
| 261|0x0000000090500000, 0x0000000090500000, 0x0000000090600000|  0%| F|  |TAMS 0x0000000090500000| PB 0x0000000090500000| Untracked 
| 262|0x0000000090600000, 0x0000000090600000, 0x0000000090700000|  0%| F|  |TAMS 0x0000000090600000| PB 0x0000000090600000| Untracked 
| 263|0x0000000090700000, 0x0000000090700000, 0x0000000090800000|  0%| F|  |TAMS 0x0000000090700000| PB 0x0000000090700000| Untracked 
| 264|0x0000000090800000, 0x0000000090800000, 0x0000000090900000|  0%| F|  |TAMS 0x0000000090800000| PB 0x0000000090800000| Untracked 
| 265|0x0000000090900000, 0x0000000090900000, 0x0000000090a00000|  0%| F|  |TAMS 0x0000000090900000| PB 0x0000000090900000| Untracked 
| 266|0x0000000090a00000, 0x0000000090a00000, 0x0000000090b00000|  0%| F|  |TAMS 0x0000000090a00000| PB 0x0000000090a00000| Untracked 
| 267|0x0000000090b00000, 0x0000000090b00000, 0x0000000090c00000|  0%| F|  |TAMS 0x0000000090b00000| PB 0x0000000090b00000| Untracked 
| 268|0x0000000090c00000, 0x0000000090c00000, 0x0000000090d00000|  0%| F|  |TAMS 0x0000000090c00000| PB 0x0000000090c00000| Untracked 
| 269|0x0000000090d00000, 0x0000000090d00000, 0x0000000090e00000|  0%| F|  |TAMS 0x0000000090d00000| PB 0x0000000090d00000| Untracked 
| 270|0x0000000090e00000, 0x0000000090e00000, 0x0000000090f00000|  0%| F|  |TAMS 0x0000000090e00000| PB 0x0000000090e00000| Untracked 
| 271|0x0000000090f00000, 0x0000000090f00000, 0x0000000091000000|  0%| F|  |TAMS 0x0000000090f00000| PB 0x0000000090f00000| Untracked 
| 272|0x0000000091000000, 0x0000000091000000, 0x0000000091100000|  0%| F|  |TAMS 0x0000000091000000| PB 0x0000000091000000| Untracked 
| 273|0x0000000091100000, 0x0000000091100000, 0x0000000091200000|  0%| F|  |TAMS 0x0000000091100000| PB 0x0000000091100000| Untracked 
| 274|0x0000000091200000, 0x0000000091200000, 0x0000000091300000|  0%| F|  |TAMS 0x0000000091200000| PB 0x0000000091200000| Untracked 
| 275|0x0000000091300000, 0x0000000091300000, 0x0000000091400000|  0%| F|  |TAMS 0x0000000091300000| PB 0x0000000091300000| Untracked 
| 276|0x0000000091400000, 0x0000000091400000, 0x0000000091500000|  0%| F|  |TAMS 0x0000000091400000| PB 0x0000000091400000| Untracked 
| 277|0x0000000091500000, 0x0000000091500000, 0x0000000091600000|  0%| F|  |TAMS 0x0000000091500000| PB 0x0000000091500000| Untracked 
| 278|0x0000000091600000, 0x0000000091600000, 0x0000000091700000|  0%| F|  |TAMS 0x0000000091600000| PB 0x0000000091600000| Untracked 
| 279|0x0000000091700000, 0x0000000091700000, 0x0000000091800000|  0%| F|  |TAMS 0x0000000091700000| PB 0x0000000091700000| Untracked 
| 280|0x0000000091800000, 0x0000000091800000, 0x0000000091900000|  0%| F|  |TAMS 0x0000000091800000| PB 0x0000000091800000| Untracked 
| 281|0x0000000091900000, 0x0000000091900000, 0x0000000091a00000|  0%| F|  |TAMS 0x0000000091900000| PB 0x0000000091900000| Untracked 
| 282|0x0000000091a00000, 0x0000000091a00000, 0x0000000091b00000|  0%| F|  |TAMS 0x0000000091a00000| PB 0x0000000091a00000| Untracked 
| 283|0x0000000091b00000, 0x0000000091b00000, 0x0000000091c00000|  0%| F|  |TAMS 0x0000000091b00000| PB 0x0000000091b00000| Untracked 
| 284|0x0000000091c00000, 0x0000000091c00000, 0x0000000091d00000|  0%| F|  |TAMS 0x0000000091c00000| PB 0x0000000091c00000| Untracked 
| 285|0x0000000091d00000, 0x0000000091d00000, 0x0000000091e00000|  0%| F|  |TAMS 0x0000000091d00000| PB 0x0000000091d00000| Untracked 
| 286|0x0000000091e00000, 0x0000000091e00000, 0x0000000091f00000|  0%| F|  |TAMS 0x0000000091e00000| PB 0x0000000091e00000| Untracked 
| 287|0x0000000091f00000, 0x0000000091f00000, 0x0000000092000000|  0%| F|  |TAMS 0x0000000091f00000| PB 0x0000000091f00000| Untracked 
| 288|0x0000000092000000, 0x0000000092000000, 0x0000000092100000|  0%| F|  |TAMS 0x0000000092000000| PB 0x0000000092000000| Untracked 
| 289|0x0000000092100000, 0x0000000092100000, 0x0000000092200000|  0%| F|  |TAMS 0x0000000092100000| PB 0x0000000092100000| Untracked 
| 290|0x0000000092200000, 0x0000000092200000, 0x0000000092300000|  0%| F|  |TAMS 0x0000000092200000| PB 0x0000000092200000| Untracked 
| 291|0x0000000092300000, 0x0000000092300000, 0x0000000092400000|  0%| F|  |TAMS 0x0000000092300000| PB 0x0000000092300000| Untracked 
| 292|0x0000000092400000, 0x0000000092400000, 0x0000000092500000|  0%| F|  |TAMS 0x0000000092400000| PB 0x0000000092400000| Untracked 
| 293|0x0000000092500000, 0x0000000092500000, 0x0000000092600000|  0%| F|  |TAMS 0x0000000092500000| PB 0x0000000092500000| Untracked 
| 294|0x0000000092600000, 0x0000000092600000, 0x0000000092700000|  0%| F|  |TAMS 0x0000000092600000| PB 0x0000000092600000| Untracked 
| 295|0x0000000092700000, 0x0000000092700000, 0x0000000092800000|  0%| F|  |TAMS 0x0000000092700000| PB 0x0000000092700000| Untracked 
| 296|0x0000000092800000, 0x0000000092800000, 0x0000000092900000|  0%| F|  |TAMS 0x0000000092800000| PB 0x0000000092800000| Untracked 
| 297|0x0000000092900000, 0x0000000092900000, 0x0000000092a00000|  0%| F|  |TAMS 0x0000000092900000| PB 0x0000000092900000| Untracked 
| 298|0x0000000092a00000, 0x0000000092a00000, 0x0000000092b00000|  0%| F|  |TAMS 0x0000000092a00000| PB 0x0000000092a00000| Untracked 
| 299|0x0000000092b00000, 0x0000000092b00000, 0x0000000092c00000|  0%| F|  |TAMS 0x0000000092b00000| PB 0x0000000092b00000| Untracked 
| 300|0x0000000092c00000, 0x0000000092c00000, 0x0000000092d00000|  0%| F|  |TAMS 0x0000000092c00000| PB 0x0000000092c00000| Untracked 
| 301|0x0000000092d00000, 0x0000000092d00000, 0x0000000092e00000|  0%| F|  |TAMS 0x0000000092d00000| PB 0x0000000092d00000| Untracked 
| 302|0x0000000092e00000, 0x0000000092e00000, 0x0000000092f00000|  0%| F|  |TAMS 0x0000000092e00000| PB 0x0000000092e00000| Untracked 
| 303|0x0000000092f00000, 0x0000000092f00000, 0x0000000093000000|  0%| F|  |TAMS 0x0000000092f00000| PB 0x0000000092f00000| Untracked 
| 304|0x0000000093000000, 0x0000000093000000, 0x0000000093100000|  0%| F|  |TAMS 0x0000000093000000| PB 0x0000000093000000| Untracked 
| 305|0x0000000093100000, 0x0000000093100000, 0x0000000093200000|  0%| F|  |TAMS 0x0000000093100000| PB 0x0000000093100000| Untracked 
| 306|0x0000000093200000, 0x0000000093200000, 0x0000000093300000|  0%| F|  |TAMS 0x0000000093200000| PB 0x0000000093200000| Untracked 
| 307|0x0000000093300000, 0x0000000093300000, 0x0000000093400000|  0%| F|  |TAMS 0x0000000093300000| PB 0x0000000093300000| Untracked 
| 308|0x0000000093400000, 0x0000000093400000, 0x0000000093500000|  0%| F|  |TAMS 0x0000000093400000| PB 0x0000000093400000| Untracked 
| 309|0x0000000093500000, 0x0000000093500000, 0x0000000093600000|  0%| F|  |TAMS 0x0000000093500000| PB 0x0000000093500000| Untracked 
| 310|0x0000000093600000, 0x0000000093600000, 0x0000000093700000|  0%| F|  |TAMS 0x0000000093600000| PB 0x0000000093600000| Untracked 
| 311|0x0000000093700000, 0x0000000093700000, 0x0000000093800000|  0%| F|  |TAMS 0x0000000093700000| PB 0x0000000093700000| Untracked 
| 312|0x0000000093800000, 0x0000000093800000, 0x0000000093900000|  0%| F|  |TAMS 0x0000000093800000| PB 0x0000000093800000| Untracked 
| 313|0x0000000093900000, 0x0000000093900000, 0x0000000093a00000|  0%| F|  |TAMS 0x0000000093900000| PB 0x0000000093900000| Untracked 
| 314|0x0000000093a00000, 0x0000000093a00000, 0x0000000093b00000|  0%| F|  |TAMS 0x0000000093a00000| PB 0x0000000093a00000| Untracked 
| 315|0x0000000093b00000, 0x0000000093b00000, 0x0000000093c00000|  0%| F|  |TAMS 0x0000000093b00000| PB 0x0000000093b00000| Untracked 
| 316|0x0000000093c00000, 0x0000000093c00000, 0x0000000093d00000|  0%| F|  |TAMS 0x0000000093c00000| PB 0x0000000093c00000| Untracked 
| 317|0x0000000093d00000, 0x0000000093d00000, 0x0000000093e00000|  0%| F|  |TAMS 0x0000000093d00000| PB 0x0000000093d00000| Untracked 
| 318|0x0000000093e00000, 0x0000000093e00000, 0x0000000093f00000|  0%| F|  |TAMS 0x0000000093e00000| PB 0x0000000093e00000| Untracked 
| 319|0x0000000093f00000, 0x0000000093f00000, 0x0000000094000000|  0%| F|  |TAMS 0x0000000093f00000| PB 0x0000000093f00000| Untracked 
| 320|0x0000000094000000, 0x0000000094000000, 0x0000000094100000|  0%| F|  |TAMS 0x0000000094000000| PB 0x0000000094000000| Untracked 
| 321|0x0000000094100000, 0x0000000094100000, 0x0000000094200000|  0%| F|  |TAMS 0x0000000094100000| PB 0x0000000094100000| Untracked 
| 322|0x0000000094200000, 0x0000000094200000, 0x0000000094300000|  0%| F|  |TAMS 0x0000000094200000| PB 0x0000000094200000| Untracked 
| 323|0x0000000094300000, 0x0000000094300000, 0x0000000094400000|  0%| F|  |TAMS 0x0000000094300000| PB 0x0000000094300000| Untracked 
| 324|0x0000000094400000, 0x0000000094400000, 0x0000000094500000|  0%| F|  |TAMS 0x0000000094400000| PB 0x0000000094400000| Untracked 
| 325|0x0000000094500000, 0x0000000094500000, 0x0000000094600000|  0%| F|  |TAMS 0x0000000094500000| PB 0x0000000094500000| Untracked 
| 326|0x0000000094600000, 0x0000000094600000, 0x0000000094700000|  0%| F|  |TAMS 0x0000000094600000| PB 0x0000000094600000| Untracked 
| 327|0x0000000094700000, 0x0000000094700000, 0x0000000094800000|  0%| F|  |TAMS 0x0000000094700000| PB 0x0000000094700000| Untracked 
| 328|0x0000000094800000, 0x0000000094800000, 0x0000000094900000|  0%| F|  |TAMS 0x0000000094800000| PB 0x0000000094800000| Untracked 
| 329|0x0000000094900000, 0x0000000094900000, 0x0000000094a00000|  0%| F|  |TAMS 0x0000000094900000| PB 0x0000000094900000| Untracked 
| 330|0x0000000094a00000, 0x0000000094a00000, 0x0000000094b00000|  0%| F|  |TAMS 0x0000000094a00000| PB 0x0000000094a00000| Untracked 
| 331|0x0000000094b00000, 0x0000000094b00000, 0x0000000094c00000|  0%| F|  |TAMS 0x0000000094b00000| PB 0x0000000094b00000| Untracked 
| 332|0x0000000094c00000, 0x0000000094c00000, 0x0000000094d00000|  0%| F|  |TAMS 0x0000000094c00000| PB 0x0000000094c00000| Untracked 
| 333|0x0000000094d00000, 0x0000000094d00000, 0x0000000094e00000|  0%| F|  |TAMS 0x0000000094d00000| PB 0x0000000094d00000| Untracked 
| 334|0x0000000094e00000, 0x0000000094e00000, 0x0000000094f00000|  0%| F|  |TAMS 0x0000000094e00000| PB 0x0000000094e00000| Untracked 
| 335|0x0000000094f00000, 0x0000000094f00000, 0x0000000095000000|  0%| F|  |TAMS 0x0000000094f00000| PB 0x0000000094f00000| Untracked 
| 336|0x0000000095000000, 0x0000000095000000, 0x0000000095100000|  0%| F|  |TAMS 0x0000000095000000| PB 0x0000000095000000| Untracked 
| 337|0x0000000095100000, 0x0000000095100000, 0x0000000095200000|  0%| F|  |TAMS 0x0000000095100000| PB 0x0000000095100000| Untracked 
| 338|0x0000000095200000, 0x0000000095200000, 0x0000000095300000|  0%| F|  |TAMS 0x0000000095200000| PB 0x0000000095200000| Untracked 
| 339|0x0000000095300000, 0x0000000095300000, 0x0000000095400000|  0%| F|  |TAMS 0x0000000095300000| PB 0x0000000095300000| Untracked 
| 340|0x0000000095400000, 0x0000000095400000, 0x0000000095500000|  0%| F|  |TAMS 0x0000000095400000| PB 0x0000000095400000| Untracked 
| 341|0x0000000095500000, 0x0000000095500000, 0x0000000095600000|  0%| F|  |TAMS 0x0000000095500000| PB 0x0000000095500000| Untracked 
| 342|0x0000000095600000, 0x0000000095600000, 0x0000000095700000|  0%| F|  |TAMS 0x0000000095600000| PB 0x0000000095600000| Untracked 
| 343|0x0000000095700000, 0x0000000095700000, 0x0000000095800000|  0%| F|  |TAMS 0x0000000095700000| PB 0x0000000095700000| Untracked 
| 344|0x0000000095800000, 0x0000000095800000, 0x0000000095900000|  0%| F|  |TAMS 0x0000000095800000| PB 0x0000000095800000| Untracked 
| 345|0x0000000095900000, 0x0000000095900000, 0x0000000095a00000|  0%| F|  |TAMS 0x0000000095900000| PB 0x0000000095900000| Untracked 
| 346|0x0000000095a00000, 0x0000000095a00000, 0x0000000095b00000|  0%| F|  |TAMS 0x0000000095a00000| PB 0x0000000095a00000| Untracked 
| 347|0x0000000095b00000, 0x0000000095b00000, 0x0000000095c00000|  0%| F|  |TAMS 0x0000000095b00000| PB 0x0000000095b00000| Untracked 
| 348|0x0000000095c00000, 0x0000000095c00000, 0x0000000095d00000|  0%| F|  |TAMS 0x0000000095c00000| PB 0x0000000095c00000| Untracked 
| 349|0x0000000095d00000, 0x0000000095d00000, 0x0000000095e00000|  0%| F|  |TAMS 0x0000000095d00000| PB 0x0000000095d00000| Untracked 
| 350|0x0000000095e00000, 0x0000000095e00000, 0x0000000095f00000|  0%| F|  |TAMS 0x0000000095e00000| PB 0x0000000095e00000| Untracked 
| 351|0x0000000095f00000, 0x0000000095f00000, 0x0000000096000000|  0%| F|  |TAMS 0x0000000095f00000| PB 0x0000000095f00000| Untracked 
| 352|0x0000000096000000, 0x0000000096000000, 0x0000000096100000|  0%| F|  |TAMS 0x0000000096000000| PB 0x0000000096000000| Untracked 
| 353|0x0000000096100000, 0x0000000096100000, 0x0000000096200000|  0%| F|  |TAMS 0x0000000096100000| PB 0x0000000096100000| Untracked 
|2040|0x00000000ff800000, 0x00000000ff800000, 0x00000000ff900000|  0%| F|  |TAMS 0x00000000ff800000| PB 0x00000000ff800000| Untracked 
|2041|0x00000000ff900000, 0x00000000ff900000, 0x00000000ffa00000|  0%| F|  |TAMS 0x00000000ff900000| PB 0x00000000ff900000| Untracked 
|2042|0x00000000ffa00000, 0x00000000ffa00000, 0x00000000ffb00000|  0%| F|  |TAMS 0x00000000ffa00000| PB 0x00000000ffa00000| Untracked 
|2043|0x00000000ffb00000, 0x00000000ffc00000, 0x00000000ffc00000|100%| O|  |TAMS 0x00000000ffc00000| PB 0x00000000ffb00000| Untracked 
|2044|0x00000000ffc00000, 0x00000000ffd00000, 0x00000000ffd00000|100%| O|  |TAMS 0x00000000ffd00000| PB 0x00000000ffc00000| Untracked 
|2045|0x00000000ffd00000, 0x00000000ffe00000, 0x00000000ffe00000|100%| O|  |TAMS 0x00000000ffe00000| PB 0x00000000ffd00000| Untracked 
|2046|0x00000000ffe00000, 0x00000000fff00000, 0x00000000fff00000|100%| O|  |TAMS 0x00000000fff00000| PB 0x00000000ffe00000| Untracked 
|2047|0x00000000fff00000, 0x0000000100000000, 0x0000000100000000|100%| O|  |TAMS 0x0000000100000000| PB 0x00000000fff00000| Untracked 

Card table byte_map: [0x0000015fc6cf0000,0x0000015fc70f0000] _byte_map_base: 0x0000015fc68f0000

Marking Bits: (CMBitMap*) 0x0000015fb44b3130
 Bits: [0x0000015fc70f0000, 0x0000015fc90f0000)

Polling page: 0x0000015fb3b30000

Metaspace:

Usage:
  Non-class:     96.13 MB used.
      Class:     15.98 MB used.
       Both:    112.11 MB used.

Virtual space:
  Non-class space:      128.00 MB reserved,      97.25 MB ( 76%) committed,  2 nodes.
      Class space:        1.00 GB reserved,      17.12 MB (  2%) committed,  1 nodes.
             Both:        1.12 GB reserved,     114.38 MB ( 10%) committed. 

Chunk freelists:
   Non-Class:  14.14 MB
       Class:  14.87 MB
        Both:  29.01 MB

MaxMetaspaceSize: unlimited
CompressedClassSpaceSize: 1.00 GB
Initial GC threshold: 21.00 MB
Current GC threshold: 190.56 MB
CDS: off
 - commit_granule_bytes: 65536.
 - commit_granule_words: 8192.
 - virtual_space_node_default_size: 8388608.
 - enlarge_chunks_in_place: 1.
 - use_allocation_guard: 0.


Internal statistics:

num_allocs_failed_limit: 6.
num_arena_births: 4606.
num_arena_deaths: 0.
num_vsnodes_births: 3.
num_vsnodes_deaths: 0.
num_space_committed: 1830.
num_space_uncommitted: 0.
num_chunks_returned_to_freelist: 6.
num_chunks_taken_from_freelist: 9715.
num_chunk_merges: 6.
num_chunk_splits: 6275.
num_chunks_enlarged: 3815.
num_inconsistent_stats: 0.

CodeHeap 'non-profiled nmethods': size=120000Kb used=8181Kb max_used=8181Kb free=111818Kb
 bounds [0x0000015fbf090000, 0x0000015fbf890000, 0x0000015fc65c0000]
CodeHeap 'profiled nmethods': size=120000Kb used=20744Kb max_used=22469Kb free=99255Kb
 bounds [0x0000015fb75c0000, 0x0000015fb8bc0000, 0x0000015fbeaf0000]
CodeHeap 'non-nmethods': size=5760Kb used=2011Kb max_used=2094Kb free=3748Kb
 bounds [0x0000015fbeaf0000, 0x0000015fbed60000, 0x0000015fbf090000]
CodeCache: size=245760Kb, used=30936Kb, max_used=32744Kb, free=214821Kb
 total_blobs=12565, nmethods=11674, adapters=795, full_count=0
Compilation: enabled, stopped_count=0, restarted_count=0

Compilation events (20 events):
Event: 38.329 Thread 0x0000015fd00f3180 14537       3       org.gradle.internal.execution.model.annotations.InputPropertyAnnotationHandler::validateNotFileType (59 bytes)
Event: 38.330 Thread 0x0000015fd00f3180 nmethod 14537 0x0000015fb771cc10 code [0x0000015fb771ce20, 0x0000015fb771d2b0]
Event: 38.330 Thread 0x0000015fd00f3180 14538       1       org.gradle.internal.work.DefaultWorkerLeaseService::access$300 (5 bytes)
Event: 38.330 Thread 0x0000015fd00f3180 nmethod 14538 0x0000015fbf67c710 code [0x0000015fbf67c8a0, 0x0000015fbf67c950]
Event: 38.679 Thread 0x0000015fd00d0070 nmethod 14523 0x0000015fbf882990 code [0x0000015fbf883040, 0x0000015fbf888238]
Event: 38.679 Thread 0x0000015fd00d0070 14529   !   4       org.gradle.internal.serialize.kryo.KryoBackedDecoder::readBytes (23 bytes)
Event: 38.679 Thread 0x0000015fd4a13010 14539       4       java.io.DataOutputStream::writeInt (28 bytes)
Event: 38.682 Thread 0x0000015fd4a13010 nmethod 14539 0x0000015fbf67c210 code [0x0000015fbf67c3a0, 0x0000015fbf67c4f8]
Event: 38.683 Thread 0x0000015fd4a13010 14540       4       java.util.Comparator$$Lambda/0x0000000100643158::compare (14 bytes)
Event: 38.688 Thread 0x0000015fd00d0070 nmethod 14529 0x0000015fbf67b990 code [0x0000015fbf67bb60, 0x0000015fbf67bf50]
Event: 38.688 Thread 0x0000015fd00d0070 14541       4       org.gradle.api.internal.artifacts.ivyservice.resolveengine.artifact.ArtifactVisitor::endVisitCollection (1 bytes)
Event: 38.688 Thread 0x0000015fd00d0070 nmethod 14541 0x0000015fbf67b690 code [0x0000015fbf67b820, 0x0000015fbf67b8a8]
Event: 38.688 Thread 0x0000015fd00d0070 14542       4       org.gradle.api.internal.artifacts.ivyservice.resolveengine.artifact.EndCollection::startFinalization (1 bytes)
Event: 38.688 Thread 0x0000015fd00d0070 nmethod 14542 0x0000015fbf67b190 code [0x0000015fbf67b320, 0x0000015fbf67b3a8]
Event: 38.701 Thread 0x0000015fd4a13010 nmethod 14540 0x0000015fbf88ba90 code [0x0000015fbf88bca0, 0x0000015fbf88c4a8]
Event: 38.764 Thread 0x0000015fd4a13010 14543   !   4       java.nio.file.FileTreeWalker::next (144 bytes)
Event: 38.790 Thread 0x0000015fd00d0070 14544       4       org.gradle.api.internal.file.AbstractOpaqueFileCollection::iterator (10 bytes)
Event: 38.795 Thread 0x0000015fd00d0070 nmethod 14544 0x0000015fbf88cb10 code [0x0000015fbf88ccc0, 0x0000015fbf88cf60]
Event: 38.806 Thread 0x0000015fd00d0070 14545       4       java.util.LinkedList::unlinkFirst (64 bytes)
Event: 38.810 Thread 0x0000015fd00d0070 nmethod 14545 0x0000015fbf88d190 code [0x0000015fbf88d320, 0x0000015fbf88d650]

GC Heap History (20 events):
Event: 35.467 GC heap after
{Heap after GC invocations=55 (full 0):
 garbage-first heap   total 272384K, used 128834K [0x0000000080000000, 0x0000000100000000)
  region size 1024K, 6 young (6144K), 6 survivors (6144K)
 Metaspace       used 114387K, committed 116736K, reserved 1179648K
  class space    used 16315K, committed 17472K, reserved 1048576K
}
Event: 35.656 GC heap before
{Heap before GC invocations=55 (full 0):
 garbage-first heap   total 272384K, used 249666K [0x0000000080000000, 0x0000000100000000)
  region size 1024K, 124 young (126976K), 6 survivors (6144K)
 Metaspace       used 114394K, committed 116736K, reserved 1179648K
  class space    used 16315K, committed 17472K, reserved 1048576K
}
Event: 35.663 GC heap after
{Heap after GC invocations=56 (full 0):
 garbage-first heap   total 272384K, used 129324K [0x0000000080000000, 0x0000000100000000)
  region size 1024K, 7 young (7168K), 7 survivors (7168K)
 Metaspace       used 114394K, committed 116736K, reserved 1179648K
  class space    used 16315K, committed 17472K, reserved 1048576K
}
Event: 36.163 GC heap before
{Heap before GC invocations=57 (full 0):
 garbage-first heap   total 272384K, used 252204K [0x0000000080000000, 0x0000000100000000)
  region size 1024K, 128 young (131072K), 7 survivors (7168K)
 Metaspace       used 114614K, committed 116928K, reserved 1179648K
  class space    used 16346K, committed 17472K, reserved 1048576K
}
Event: 36.171 GC heap after
{Heap after GC invocations=58 (full 0):
 garbage-first heap   total 272384K, used 130826K [0x0000000080000000, 0x0000000100000000)
  region size 1024K, 8 young (8192K), 8 survivors (8192K)
 Metaspace       used 114614K, committed 116928K, reserved 1179648K
  class space    used 16346K, committed 17472K, reserved 1048576K
}
Event: 36.311 GC heap before
{Heap before GC invocations=58 (full 0):
 garbage-first heap   total 272384K, used 253706K [0x0000000080000000, 0x0000000100000000)
  region size 1024K, 129 young (132096K), 8 survivors (8192K)
 Metaspace       used 114615K, committed 116928K, reserved 1179648K
  class space    used 16346K, committed 17472K, reserved 1048576K
}
Event: 36.321 GC heap after
{Heap after GC invocations=59 (full 0):
 garbage-first heap   total 272384K, used 129450K [0x0000000080000000, 0x0000000100000000)
  region size 1024K, 9 young (9216K), 9 survivors (9216K)
 Metaspace       used 114615K, committed 116928K, reserved 1179648K
  class space    used 16346K, committed 17472K, reserved 1048576K
}
Event: 36.665 GC heap before
{Heap before GC invocations=59 (full 0):
 garbage-first heap   total 272384K, used 256426K [0x0000000080000000, 0x0000000100000000)
  region size 1024K, 133 young (136192K), 9 survivors (9216K)
 Metaspace       used 114744K, committed 117056K, reserved 1179648K
  class space    used 16360K, committed 17472K, reserved 1048576K
}
Event: 36.677 GC heap after
{Heap after GC invocations=60 (full 0):
 garbage-first heap   total 370688K, used 130901K [0x0000000080000000, 0x0000000100000000)
  region size 1024K, 10 young (10240K), 10 survivors (10240K)
 Metaspace       used 114744K, committed 117056K, reserved 1179648K
  class space    used 16360K, committed 17472K, reserved 1048576K
}
Event: 37.268 GC heap before
{Heap before GC invocations=61 (full 0):
 garbage-first heap   total 370688K, used 341845K [0x0000000080000000, 0x0000000100000000)
  region size 1024K, 217 young (222208K), 10 survivors (10240K)
 Metaspace       used 114766K, committed 117056K, reserved 1179648K
  class space    used 16361K, committed 17472K, reserved 1048576K
}
Event: 37.279 GC heap after
{Heap after GC invocations=62 (full 0):
 garbage-first heap   total 370688K, used 131626K [0x0000000080000000, 0x0000000100000000)
  region size 1024K, 11 young (11264K), 11 survivors (11264K)
 Metaspace       used 114766K, committed 117056K, reserved 1179648K
  class space    used 16361K, committed 17472K, reserved 1048576K
}
Event: 37.594 GC heap before
{Heap before GC invocations=62 (full 0):
 garbage-first heap   total 370688K, used 341546K [0x0000000080000000, 0x0000000100000000)
  region size 1024K, 217 young (222208K), 11 survivors (11264K)
 Metaspace       used 114772K, committed 117056K, reserved 1179648K
  class space    used 16361K, committed 17472K, reserved 1048576K
}
Event: 37.607 GC heap after
{Heap after GC invocations=63 (full 0):
 garbage-first heap   total 370688K, used 132056K [0x0000000080000000, 0x0000000100000000)
  region size 1024K, 12 young (12288K), 12 survivors (12288K)
 Metaspace       used 114772K, committed 117056K, reserved 1179648K
  class space    used 16361K, committed 17472K, reserved 1048576K
}
Event: 37.858 GC heap before
{Heap before GC invocations=63 (full 0):
 garbage-first heap   total 370688K, used 340952K [0x0000000080000000, 0x0000000100000000)
  region size 1024K, 217 young (222208K), 12 survivors (12288K)
 Metaspace       used 114772K, committed 117056K, reserved 1179648K
  class space    used 16361K, committed 17472K, reserved 1048576K
}
Event: 37.871 GC heap after
{Heap after GC invocations=64 (full 0):
 garbage-first heap   total 370688K, used 132833K [0x0000000080000000, 0x0000000100000000)
  region size 1024K, 13 young (13312K), 13 survivors (13312K)
 Metaspace       used 114772K, committed 117056K, reserved 1179648K
  class space    used 16361K, committed 17472K, reserved 1048576K
}
Event: 38.249 GC heap before
{Heap before GC invocations=65 (full 0):
 garbage-first heap   total 370688K, used 340705K [0x0000000080000000, 0x0000000100000000)
  region size 1024K, 217 young (222208K), 13 survivors (13312K)
 Metaspace       used 114773K, committed 117056K, reserved 1179648K
  class space    used 16362K, committed 17472K, reserved 1048576K
}
Event: 38.261 GC heap after
{Heap after GC invocations=66 (full 0):
 garbage-first heap   total 370688K, used 132912K [0x0000000080000000, 0x0000000100000000)
  region size 1024K, 13 young (13312K), 13 survivors (13312K)
 Metaspace       used 114773K, committed 117056K, reserved 1179648K
  class space    used 16362K, committed 17472K, reserved 1048576K
}
Event: 38.563 GC heap before
{Heap before GC invocations=66 (full 0):
 garbage-first heap   total 370688K, used 340784K [0x0000000080000000, 0x0000000100000000)
  region size 1024K, 217 young (222208K), 13 survivors (13312K)
 Metaspace       used 114800K, committed 117120K, reserved 1179648K
  class space    used 16364K, committed 17536K, reserved 1048576K
}
Event: 38.579 GC heap after
{Heap after GC invocations=67 (full 0):
 garbage-first heap   total 370688K, used 133806K [0x0000000080000000, 0x0000000100000000)
  region size 1024K, 15 young (15360K), 15 survivors (15360K)
 Metaspace       used 114800K, committed 117120K, reserved 1179648K
  class space    used 16364K, committed 17536K, reserved 1048576K
}
Event: 38.814 GC heap before
{Heap before GC invocations=67 (full 0):
 garbage-first heap   total 370688K, used 339630K [0x0000000080000000, 0x0000000100000000)
  region size 1024K, 217 young (222208K), 15 survivors (15360K)
 Metaspace       used 114800K, committed 117120K, reserved 1179648K
  class space    used 16364K, committed 17536K, reserved 1048576K
}

Dll operation events (3 events):
Event: 0.019 Loaded shared library C:\Program Files\Android\Android Studio\jbr\bin\java.dll
Event: 0.035 Loaded shared library C:\Program Files\Android\Android Studio\jbr\bin\zip.dll
Event: 4.035 Loaded shared library C:\Program Files\Android\Android Studio\jbr\bin\verify.dll

Deoptimization events (20 events):
Event: 36.468 Thread 0x0000015fd38a72c0 DEOPT PACKING pc=0x0000015fbf5c9fd4 sp=0x0000001000dfa440
Event: 36.468 Thread 0x0000015fd38a72c0 DEOPT UNPACKING pc=0x0000015fbeb443a2 sp=0x0000001000dfa3c8 mode 2
Event: 36.591 Thread 0x0000015fd38a72c0 DEOPT PACKING pc=0x0000015fb7feafb2 sp=0x0000001000dfb330
Event: 36.591 Thread 0x0000015fd38a72c0 DEOPT UNPACKING pc=0x0000015fbeb44b42 sp=0x0000001000dfa7a8 mode 0
Event: 37.045 Thread 0x0000015fd38a72c0 Uncommon trap: trap_request=0xffffffc6 fr.pc=0x0000015fbf199448 relative=0x0000000000000128
Event: 37.045 Thread 0x0000015fd38a72c0 Uncommon trap: reason=bimorphic_or_optimized_type_check action=maybe_recompile pc=0x0000015fbf199448 method=com.google.common.collect.RegularImmutableMap.checkNoConflictInKeyBucket(Ljava/lang/Object;Ljava/lang/Object;Lcom/google/common/collect/ImmutableMa
Event: 37.045 Thread 0x0000015fd38a72c0 DEOPT PACKING pc=0x0000015fbf199448 sp=0x0000001000dfce40
Event: 37.045 Thread 0x0000015fd38a72c0 DEOPT UNPACKING pc=0x0000015fbeb443a2 sp=0x0000001000dfcdf8 mode 2
Event: 37.205 Thread 0x0000015fd619f870 Uncommon trap: trap_request=0xffffffc6 fr.pc=0x0000015fbf419280 relative=0x00000000000012c0
Event: 37.205 Thread 0x0000015fd619f870 Uncommon trap: reason=bimorphic_or_optimized_type_check action=maybe_recompile pc=0x0000015fbf419280 method=java.util.concurrent.ConcurrentHashMap.putVal(Ljava/lang/Object;Ljava/lang/Object;Z)Ljava/lang/Object; @ 159 c2
Event: 37.205 Thread 0x0000015fd619f870 DEOPT PACKING pc=0x0000015fbf419280 sp=0x000000107f5fcc00
Event: 37.205 Thread 0x0000015fd619f870 DEOPT UNPACKING pc=0x0000015fbeb443a2 sp=0x000000107f5fcb90 mode 2
Event: 38.304 Thread 0x0000015fd38a72c0 Uncommon trap: trap_request=0xffffffc6 fr.pc=0x0000015fbf300a68 relative=0x0000000000000288
Event: 38.304 Thread 0x0000015fd38a72c0 Uncommon trap: reason=bimorphic_or_optimized_type_check action=maybe_recompile pc=0x0000015fbf300a68 method=java.util.Spliterators$IteratorSpliterator.tryAdvance(Ljava/util/function/Consumer;)Z @ 50 c2
Event: 38.304 Thread 0x0000015fd38a72c0 DEOPT PACKING pc=0x0000015fbf300a68 sp=0x0000001000dfe0d0
Event: 38.304 Thread 0x0000015fd38a72c0 DEOPT UNPACKING pc=0x0000015fbeb443a2 sp=0x0000001000dfe070 mode 2
Event: 38.328 Thread 0x0000015fd38a72c0 Uncommon trap: trap_request=0xffffffde fr.pc=0x0000015fbf4d7558 relative=0x0000000000000778
Event: 38.328 Thread 0x0000015fd38a72c0 Uncommon trap: reason=class_check action=maybe_recompile pc=0x0000015fbf4d7558 method=org.gradle.internal.snapshot.impl.AbstractValueProcessor.processValue(Ljava/lang/Object;Lorg/gradle/internal/snapshot/impl/AbstractValueProcessor$ValueVisitor;)Ljava/lan
Event: 38.328 Thread 0x0000015fd38a72c0 DEOPT PACKING pc=0x0000015fbf4d7558 sp=0x0000001000dfaa30
Event: 38.328 Thread 0x0000015fd38a72c0 DEOPT UNPACKING pc=0x0000015fbeb443a2 sp=0x0000001000dfa9b8 mode 2

Classes loaded (20 events):
Event: 32.467 Loading class java/util/stream/ReduceOps$6
Event: 32.468 Loading class java/util/stream/ReduceOps$6 done
Event: 32.468 Loading class java/util/stream/ReduceOps$5ReducingSink
Event: 32.468 Loading class java/util/stream/Sink$OfInt
Event: 32.468 Loading class java/util/stream/Sink$OfInt done
Event: 32.468 Loading class java/util/stream/ReduceOps$5ReducingSink done
Event: 32.471 Loading class java/util/stream/ReferencePipeline$4$1
Event: 32.472 Loading class java/util/stream/ReferencePipeline$4$1 done
Event: 32.564 Loading class java/io/CharArrayWriter
Event: 32.564 Loading class java/io/CharArrayWriter done
Event: 32.573 Loading class java/io/SequenceInputStream
Event: 32.574 Loading class java/io/SequenceInputStream done
Event: 32.585 Loading class java/util/function/IntUnaryOperator
Event: 32.585 Loading class java/util/function/IntUnaryOperator done
Event: 35.906 Loading class java/nio/file/FileTreeWalker$1
Event: 35.906 Loading class java/nio/file/FileTreeWalker$1 done
Event: 36.528 Loading class java/util/concurrent/ConcurrentSkipListMap$KeySet
Event: 36.528 Loading class java/util/concurrent/ConcurrentSkipListMap$KeySet done
Event: 36.528 Loading class java/util/concurrent/ConcurrentSkipListMap$KeyIterator
Event: 36.529 Loading class java/util/concurrent/ConcurrentSkipListMap$KeyIterator done

Classes unloaded (0 events):
No events

Classes redefined (0 events):
No events

Internal exceptions (20 events):
Event: 38.762 Thread 0x0000015fd5629380 Exception <a 'sun/nio/fs/WindowsException'{0x000000008c617bf0}> (0x000000008c617bf0) 
thrown [s\src\hotspot\share\prims\jni.cpp, line 537]
Event: 38.762 Thread 0x0000015fd38a72c0 Exception <a 'sun/nio/fs/WindowsException'{0x000000008c7d3320}> (0x000000008c7d3320) 
thrown [s\src\hotspot\share\prims\jni.cpp, line 537]
Event: 38.762 Thread 0x0000015fd562b450 Exception <a 'sun/nio/fs/WindowsException'{0x000000008c66a6d0}> (0x000000008c66a6d0) 
thrown [s\src\hotspot\share\prims\jni.cpp, line 537]
Event: 38.763 Thread 0x0000015fd5628660 Exception <a 'sun/nio/fs/WindowsException'{0x000000008c6fc750}> (0x000000008c6fc750) 
thrown [s\src\hotspot\share\prims\jni.cpp, line 537]
Event: 38.763 Thread 0x0000015fd562dbb0 Exception <a 'sun/nio/fs/WindowsException'{0x000000008c55f9d8}> (0x000000008c55f9d8) 
thrown [s\src\hotspot\share\prims\jni.cpp, line 537]
Event: 38.766 Thread 0x0000015fd562c170 Exception <a 'sun/nio/fs/WindowsException'{0x000000008c311280}> (0x000000008c311280) 
thrown [s\src\hotspot\share\prims\jni.cpp, line 537]
Event: 38.781 Thread 0x0000015fd5628660 Exception <a 'sun/nio/fs/WindowsException'{0x000000008b7c4ac8}> (0x000000008b7c4ac8) 
thrown [s\src\hotspot\share\prims\jni.cpp, line 537]
Event: 38.782 Thread 0x0000015fd562e240 Exception <a 'sun/nio/fs/WindowsException'{0x000000008b456e98}> (0x000000008b456e98) 
thrown [s\src\hotspot\share\prims\jni.cpp, line 537]
Event: 38.783 Thread 0x0000015fd562b450 Exception <a 'sun/nio/fs/WindowsException'{0x000000008b355038}> (0x000000008b355038) 
thrown [s\src\hotspot\share\prims\jni.cpp, line 537]
Event: 38.783 Thread 0x0000015fd562e8d0 Exception <a 'sun/nio/fs/WindowsException'{0x000000008b4d4ae0}> (0x000000008b4d4ae0) 
thrown [s\src\hotspot\share\prims\jni.cpp, line 537]
Event: 38.783 Thread 0x0000015fd38a72c0 Exception <a 'sun/nio/fs/WindowsException'{0x000000008b392a70}> (0x000000008b392a70) 
thrown [s\src\hotspot\share\prims\jni.cpp, line 537]
Event: 38.783 Thread 0x0000015fd5629380 Exception <a 'sun/nio/fs/WindowsException'{0x000000008b2101c8}> (0x000000008b2101c8) 
thrown [s\src\hotspot\share\prims\jni.cpp, line 537]
Event: 38.786 Thread 0x0000015fd562dbb0 Exception <a 'sun/nio/fs/WindowsException'{0x000000008b27f880}> (0x000000008b27f880) 
thrown [s\src\hotspot\share\prims\jni.cpp, line 537]
Event: 38.802 Thread 0x0000015fd562e240 Exception <a 'sun/nio/fs/WindowsException'{0x000000008a4c1a18}> (0x000000008a4c1a18) 
thrown [s\src\hotspot\share\prims\jni.cpp, line 537]
Event: 38.803 Thread 0x0000015fd562c170 Exception <a 'sun/nio/fs/WindowsException'{0x000000008a3d79f8}> (0x000000008a3d79f8) 
thrown [s\src\hotspot\share\prims\jni.cpp, line 537]
Event: 38.805 Thread 0x0000015fd562e8d0 Exception <a 'sun/nio/fs/WindowsException'{0x000000008a16a818}> (0x000000008a16a818) 
thrown [s\src\hotspot\share\prims\jni.cpp, line 537]
Event: 38.805 Thread 0x0000015fd5629380 Exception <a 'sun/nio/fs/WindowsException'{0x000000008a1b4110}> (0x000000008a1b4110) 
thrown [s\src\hotspot\share\prims\jni.cpp, line 537]
Event: 38.805 Thread 0x0000015fd562dbb0 Exception <a 'sun/nio/fs/WindowsException'{0x000000008a12d378}> (0x000000008a12d378) 
thrown [s\src\hotspot\share\prims\jni.cpp, line 537]
Event: 38.806 Thread 0x0000015fd5628660 Exception <a 'sun/nio/fs/WindowsException'{0x000000008a068b48}> (0x000000008a068b48) 
thrown [s\src\hotspot\share\prims\jni.cpp, line 537]
Event: 38.807 Thread 0x0000015fd38a72c0 Exception <a 'sun/nio/fs/WindowsException'{0x000000008a437c38}> (0x000000008a437c38) 
thrown [s\src\hotspot\share\prims\jni.cpp, line 537]

ZGC Phase Switch (0 events):
No events

VM Operations (20 events):
Event: 36.677 Executing VM operation: G1CollectForAllocation (G1 Evacuation Pause) done
Event: 36.903 Executing VM operation: G1PauseRemark
Event: 36.910 Executing VM operation: G1PauseRemark done
Event: 37.026 Executing VM operation: G1PauseCleanup
Event: 37.027 Executing VM operation: G1PauseCleanup done
Event: 37.268 Executing VM operation: G1CollectForAllocation (G1 Evacuation Pause)
Event: 37.279 Executing VM operation: G1CollectForAllocation (G1 Evacuation Pause) done
Event: 37.594 Executing VM operation: G1CollectForAllocation (G1 Evacuation Pause)
Event: 37.607 Executing VM operation: G1CollectForAllocation (G1 Evacuation Pause) done
Event: 37.858 Executing VM operation: G1CollectForAllocation (G1 Evacuation Pause)
Event: 37.871 Executing VM operation: G1CollectForAllocation (G1 Evacuation Pause) done
Event: 38.106 Executing VM operation: G1PauseRemark
Event: 38.113 Executing VM operation: G1PauseRemark done
Event: 38.230 Executing VM operation: G1PauseCleanup
Event: 38.230 Executing VM operation: G1PauseCleanup done
Event: 38.249 Executing VM operation: G1CollectForAllocation (G1 Evacuation Pause)
Event: 38.262 Executing VM operation: G1CollectForAllocation (G1 Evacuation Pause) done
Event: 38.563 Executing VM operation: G1CollectForAllocation (G1 Evacuation Pause)
Event: 38.579 Executing VM operation: G1CollectForAllocation (G1 Evacuation Pause) done
Event: 38.814 Executing VM operation: G1CollectForAllocation (G1 Evacuation Pause)

Memory protections (0 events):
No events

Nmethod flushes (20 events):
Event: 38.112 Thread 0x0000015fcb83e7e0 flushing  nmethod 0x0000015fb8123210
Event: 38.112 Thread 0x0000015fcb83e7e0 flushing  nmethod 0x0000015fb88de090
Event: 38.112 Thread 0x0000015fcb83e7e0 flushing  nmethod 0x0000015fb8a10590
Event: 38.112 Thread 0x0000015fcb83e7e0 flushing  nmethod 0x0000015fb792b090
Event: 38.112 Thread 0x0000015fcb83e7e0 flushing  nmethod 0x0000015fb79c4b90
Event: 38.112 Thread 0x0000015fcb83e7e0 flushing  nmethod 0x0000015fb7ed3410
Event: 38.112 Thread 0x0000015fcb83e7e0 flushing  nmethod 0x0000015fb812ad90
Event: 38.112 Thread 0x0000015fcb83e7e0 flushing  nmethod 0x0000015fb81ac610
Event: 38.112 Thread 0x0000015fcb83e7e0 flushing  nmethod 0x0000015fb8246610
Event: 38.112 Thread 0x0000015fcb83e7e0 flushing  nmethod 0x0000015fb8315390
Event: 38.112 Thread 0x0000015fcb83e7e0 flushing  nmethod 0x0000015fbf4adb10
Event: 38.112 Thread 0x0000015fcb83e7e0 flushing  nmethod 0x0000015fb75cdb10
Event: 38.112 Thread 0x0000015fcb83e7e0 flushing  nmethod 0x0000015fb7713710
Event: 38.112 Thread 0x0000015fcb83e7e0 flushing  nmethod 0x0000015fb79eb390
Event: 38.112 Thread 0x0000015fcb83e7e0 flushing  nmethod 0x0000015fb7c6ab90
Event: 38.112 Thread 0x0000015fcb83e7e0 flushing  nmethod 0x0000015fb7d3fd10
Event: 38.112 Thread 0x0000015fcb83e7e0 flushing  nmethod 0x0000015fb8222290
Event: 38.112 Thread 0x0000015fcb83e7e0 flushing  nmethod 0x0000015fb8225710
Event: 38.112 Thread 0x0000015fcb83e7e0 flushing  nmethod 0x0000015fb84a1710
Event: 38.112 Thread 0x0000015fcb83e7e0 flushing  nmethod 0x0000015fb8932210

Events (20 events):
Event: 34.853 Thread 0x0000015fd38a72c0 Thread added: 0x0000015fd619d7a0
Event: 34.942 Thread 0x0000015fd38a72c0 Thread added: 0x0000015fd433e660
Event: 34.943 Thread 0x0000015fd38a72c0 Thread added: 0x0000015fd4342800
Event: 34.943 Thread 0x0000015fd38a72c0 Thread added: 0x0000015fd4342170
Event: 35.104 Thread 0x0000015fd38a72c0 Thread added: 0x0000015fd433fa10
Event: 35.105 Thread 0x0000015fd38a72c0 Thread added: 0x0000015fd4343520
Event: 35.105 Thread 0x0000015fd38a72c0 Thread added: 0x0000015fd4340730
Event: 35.106 Thread 0x0000015fd38a72c0 Thread added: 0x0000015fd4341450
Event: 35.107 Thread 0x0000015fd38a72c0 Thread added: 0x0000015fd4342e90
Event: 35.108 Thread 0x0000015fd38a72c0 Thread added: 0x0000015fd4341ae0
Event: 35.108 Thread 0x0000015fd38a72c0 Thread added: 0x0000015fd43400a0
Event: 35.534 Thread 0x0000015fd38a72c0 Thread added: 0x0000015fd433f380
Event: 35.535 Thread 0x0000015fd38a72c0 Thread added: 0x0000015fd433ecf0
Event: 35.535 Thread 0x0000015fd38a72c0 Thread added: 0x0000015fd433c590
Event: 35.535 Thread 0x0000015fd38a72c0 Thread added: 0x0000015fd433d2b0
Event: 35.840 Thread 0x0000015fd4a13db0 Thread exited: 0x0000015fd4a13db0
Event: 35.844 Thread 0x0000015fd4a13010 Thread exited: 0x0000015fd4a13010
Event: 36.425 Thread 0x0000015fd00d0070 Thread added: 0x0000015fd4a13db0
Event: 37.978 Thread 0x0000015fd4a13db0 Thread exited: 0x0000015fd4a13db0
Event: 38.679 Thread 0x0000015fd00d0070 Thread added: 0x0000015fd4a13010


Dynamic libraries:
0x00007ff7eb740000 - 0x00007ff7eb74a000 	C:\Program Files\Android\Android Studio\jbr\bin\java.exe
0x00007ffba31c0000 - 0x00007ffba3423000 	C:\Windows\SYSTEM32\ntdll.dll
0x00007ffba2560000 - 0x00007ffba2628000 	C:\Windows\System32\KERNEL32.DLL
0x00007ffba0990000 - 0x00007ffba0d42000 	C:\Windows\System32\KERNELBASE.dll
0x00007ffba0590000 - 0x00007ffba06db000 	C:\Windows\System32\ucrtbase.dll
0x00007ffb98400000 - 0x00007ffb9841b000 	C:\Program Files\Android\Android Studio\jbr\bin\VCRUNTIME140.dll
0x00007ffb98440000 - 0x00007ffb98458000 	C:\Program Files\Android\Android Studio\jbr\bin\jli.dll
0x00007ffba2aa0000 - 0x00007ffba2c68000 	C:\Windows\System32\USER32.dll
0x00007ffba0ff0000 - 0x00007ffba1017000 	C:\Windows\System32\win32u.dll
0x00007ffba1020000 - 0x00007ffba104a000 	C:\Windows\System32\GDI32.dll
0x00007ffb86790000 - 0x00007ffb86a20000 	C:\Windows\WinSxS\amd64_microsoft.windows.common-controls_6595b64144ccf1df_6.0.26100.2454_none_3e0b68a2e331ad60\COMCTL32.dll
0x00007ffba06e0000 - 0x00007ffba080b000 	C:\Windows\System32\gdi32full.dll
0x00007ffba0e80000 - 0x00007ffba0f23000 	C:\Windows\System32\msvcp_win.dll
0x00007ffba30d0000 - 0x00007ffba3179000 	C:\Windows\System32\msvcrt.dll
0x00007ffba1050000 - 0x00007ffba107f000 	C:\Windows\System32\IMM32.DLL
0x00007ffb98460000 - 0x00007ffb9846c000 	C:\Program Files\Android\Android Studio\jbr\bin\vcruntime140_1.dll
0x00007ffb8b140000 - 0x00007ffb8b1cd000 	C:\Program Files\Android\Android Studio\jbr\bin\msvcp140.dll
0x00007ffb3b110000 - 0x00007ffb3bda6000 	C:\Program Files\Android\Android Studio\jbr\bin\server\jvm.dll
0x00007ffba2760000 - 0x00007ffba2814000 	C:\Windows\System32\ADVAPI32.dll
0x00007ffba3020000 - 0x00007ffba30c6000 	C:\Windows\System32\sechost.dll
0x00007ffba2980000 - 0x00007ffba2a96000 	C:\Windows\System32\RPCRT4.dll
0x00007ffba2c70000 - 0x00007ffba2ce4000 	C:\Windows\System32\WS2_32.dll
0x00007ffb9f200000 - 0x00007ffb9f24e000 	C:\Windows\SYSTEM32\POWRPROF.dll
0x00007ffb97ea0000 - 0x00007ffb97eab000 	C:\Windows\SYSTEM32\VERSION.dll
0x00007ffb874f0000 - 0x00007ffb87526000 	C:\Windows\SYSTEM32\WINMM.dll
0x00007ffb9f1e0000 - 0x00007ffb9f1f4000 	C:\Windows\SYSTEM32\UMPDC.dll
0x00007ffb9f4a0000 - 0x00007ffb9f4ba000 	C:\Windows\SYSTEM32\kernel.appcore.dll
0x00007ffb983f0000 - 0x00007ffb983fa000 	C:\Program Files\Android\Android Studio\jbr\bin\jimage.dll
0x00007ffb9dc90000 - 0x00007ffb9ded1000 	C:\Windows\SYSTEM32\DBGHELP.DLL
0x00007ffba2110000 - 0x00007ffba248e000 	C:\Windows\System32\combase.dll
0x00007ffba1110000 - 0x00007ffba11e6000 	C:\Windows\System32\OLEAUT32.dll
0x00007ffb89fe0000 - 0x00007ffb8a019000 	C:\Windows\SYSTEM32\dbgcore.DLL
0x00007ffba0d50000 - 0x00007ffba0de9000 	C:\Windows\System32\bcryptPrimitives.dll
0x00007ffb984f0000 - 0x00007ffb984fe000 	C:\Program Files\Android\Android Studio\jbr\bin\instrument.dll
0x00007ffb974c0000 - 0x00007ffb974e0000 	C:\Program Files\Android\Android Studio\jbr\bin\java.dll
0x00007ffb97450000 - 0x00007ffb97468000 	C:\Program Files\Android\Android Studio\jbr\bin\zip.dll
0x00007ffba1860000 - 0x00007ffba1f60000 	C:\Windows\System32\SHELL32.dll
0x00007ffb9e280000 - 0x00007ffb9eab1000 	C:\Windows\SYSTEM32\windows.storage.dll
0x00007ffba2630000 - 0x00007ffba270a000 	C:\Windows\System32\SHCORE.dll
0x00007ffba2920000 - 0x00007ffba297d000 	C:\Windows\System32\shlwapi.dll
0x00007ffba04a0000 - 0x00007ffba04ce000 	C:\Windows\SYSTEM32\profapi.dll
0x00007ffb98220000 - 0x00007ffb98230000 	C:\Program Files\Android\Android Studio\jbr\bin\net.dll
0x00007ffb999c0000 - 0x00007ffb99ae6000 	C:\Windows\SYSTEM32\WINHTTP.dll
0x00007ffb9f980000 - 0x00007ffb9f9e8000 	C:\Windows\system32\mswsock.dll
0x00007ffb958f0000 - 0x00007ffb95906000 	C:\Program Files\Android\Android Studio\jbr\bin\nio.dll
0x00007ffb8cd10000 - 0x00007ffb8cd20000 	C:\Program Files\Android\Android Studio\jbr\bin\verify.dll
0x00007ffb98480000 - 0x00007ffb984a7000 	C:\Users\Albaheth\.gradle\native\1def1411415f61bf3af743bc5b6707747c0891f09f0c88961ee8f79bc544acac\windows-amd64\native-platform.dll
0x00007ffb8b520000 - 0x00007ffb8b597000 	C:\Users\Albaheth\.gradle\native\0.2.8\x86_64-windows-gnu\gradle-fileevents.dll
0x00007ffb958e0000 - 0x00007ffb958e9000 	C:\Program Files\Android\Android Studio\jbr\bin\management.dll
0x00007ffb95810000 - 0x00007ffb9581b000 	C:\Program Files\Android\Android Studio\jbr\bin\management_ext.dll
0x00007ffba24d0000 - 0x00007ffba24d8000 	C:\Windows\System32\PSAPI.DLL
0x00007ffb9eef0000 - 0x00007ffb9ef22000 	C:\Windows\SYSTEM32\IPHLPAPI.DLL
0x00007ffba2e50000 - 0x00007ffba2e5a000 	C:\Windows\System32\NSI.dll
0x00007ffb98190000 - 0x00007ffb98199000 	C:\Program Files\Android\Android Studio\jbr\bin\extnet.dll
0x00007ffb9fd30000 - 0x00007ffb9fd4c000 	C:\Windows\SYSTEM32\CRYPTSP.dll
0x00007ffb9f400000 - 0x00007ffb9f438000 	C:\Windows\system32\rsaenh.dll
0x00007ffb9fa20000 - 0x00007ffb9fa4b000 	C:\Windows\SYSTEM32\USERENV.dll
0x00007ffb9fec0000 - 0x00007ffb9fee6000 	C:\Windows\SYSTEM32\bcrypt.dll
0x00007ffb9fbb0000 - 0x00007ffb9fbbc000 	C:\Windows\SYSTEM32\CRYPTBASE.dll
0x00007ffb1aab0000 - 0x00007ffb1aab8000 	C:\Windows\system32\wshunix.dll

JVMTI agents:
C:\Users\Albaheth\.gradle\wrapper\dists\gradle-9.1.0-bin\9agqghryom9wkf8r80qlhnts3\gradle-9.1.0\lib\agents\gradle-instrumentation-agent-9.1.0.jar path:C:\Program Files\Android\Android Studio\jbr\bin\instrument.dll, loaded, initialized, instrumentlib options:none

dbghelp: loaded successfully - version: 4.0.5 - missing functions: none
symbol engine: initialized successfully - sym options: 0x614 - pdb path: .;C:\Program Files\Android\Android Studio\jbr\bin;C:\Windows\SYSTEM32;C:\Windows\WinSxS\amd64_microsoft.windows.common-controls_6595b64144ccf1df_6.0.26100.2454_none_3e0b68a2e331ad60;C:\Program Files\Android\Android Studio\jbr\bin\server;C:\Users\Albaheth\.gradle\native\1def1411415f61bf3af743bc5b6707747c0891f09f0c88961ee8f79bc544acac\windows-amd64;C:\Users\Albaheth\.gradle\native\0.2.8\x86_64-windows-gnu

VM Arguments:
jvm_args: --add-opens=java.base/java.lang=ALL-UNNAMED --add-opens=java.base/java.lang.invoke=ALL-UNNAMED --add-opens=java.base/java.util=ALL-UNNAMED --add-opens=java.prefs/java.util.prefs=ALL-UNNAMED --add-exports=jdk.compiler/com.sun.tools.javac.api=ALL-UNNAMED --add-exports=jdk.compiler/com.sun.tools.javac.util=ALL-UNNAMED --add-opens=java.base/java.util=ALL-UNNAMED --add-opens=java.prefs/java.util.prefs=ALL-UNNAMED --add-opens=java.base/java.nio.charset=ALL-UNNAMED --add-opens=java.base/java.net=ALL-UNNAMED --add-opens=java.base/java.util.concurrent=ALL-UNNAMED --add-opens=java.base/java.util.concurrent.atomic=ALL-UNNAMED --add-opens=java.xml/javax.xml.namespace=ALL-UNNAMED --add-opens=java.base/java.time=ALL-UNNAMED -Xmx2048m -Dfile.encoding=UTF-8 -Duser.country=US -Duser.language=en -Duser.variant -javaagent:C:\Users\Albaheth\.gradle\wrapper\dists\gradle-9.1.0-bin\9agqghryom9wkf8r80qlhnts3\gradle-9.1.0\lib\agents\gradle-instrumentation-agent-9.1.0.jar 
java_command: org.gradle.launcher.daemon.bootstrap.GradleDaemon 9.1.0
java_class_path (initial): C:\Users\Albaheth\.gradle\wrapper\dists\gradle-9.1.0-bin\9agqghryom9wkf8r80qlhnts3\gradle-9.1.0\lib\gradle-daemon-main-9.1.0.jar
Launcher Type: SUN_STANDARD

[Global flags]
     intx CICompilerCount                          = 4                                         {product} {ergonomic}
     uint ConcGCThreads                            = 2                                         {product} {ergonomic}
     uint G1ConcRefinementThreads                  = 8                                         {product} {ergonomic}
   size_t G1HeapRegionSize                         = 1048576                                   {product} {ergonomic}
    uintx GCDrainStackTargetSize                   = 64                                        {product} {ergonomic}
   size_t InitialHeapSize                          = 132120576                                 {product} {ergonomic}
   size_t MarkStackSize                            = 4194304                                   {product} {ergonomic}
   size_t MaxHeapSize                              = 2147483648                                {product} {command line}
   size_t MaxNewSize                               = 1287651328                                {product} {ergonomic}
   size_t MinHeapDeltaBytes                        = 1048576                                   {product} {ergonomic}
   size_t MinHeapSize                              = 8388608                                   {product} {ergonomic}
    uintx NonNMethodCodeHeapSize                   = 5839372                                {pd product} {ergonomic}
    uintx NonProfiledCodeHeapSize                  = 122909434                              {pd product} {ergonomic}
    uintx ProfiledCodeHeapSize                     = 122909434                              {pd product} {ergonomic}
    uintx ReservedCodeCacheSize                    = 251658240                              {pd product} {ergonomic}
     bool SegmentedCodeCache                       = true                                      {product} {ergonomic}
   size_t SoftMaxHeapSize                          = 2147483648                             {manageable} {ergonomic}
     bool UseCompressedOops                        = true                           {product lp64_product} {ergonomic}
     bool UseG1GC                                  = true                                      {product} {ergonomic}
     bool UseLargePagesIndividualAllocation        = false                                  {pd product} {ergonomic}

Logging:
Log output configuration:
 #0: stdout all=warning uptime,level,tags foldmultilines=false
 #1: stderr all=off uptime,level,tags foldmultilines=false

Release file:
JAVA_VERSION="21.0.9" 
MODULES="java.base java.compiler java.datatransfer java.xml java.prefs java.desktop java.instrument java.logging java.management java.security.sasl java.naming java.rmi java.management.rmi java.net.http java.scripting java.security.jgss java.transaction.xa java.sql java.sql.rowset java.xml.crypto java.se java.smartcardio jdk.accessibility jdk.internal.jvmstat jdk.attach jdk.charsets jdk.internal.opt jdk.zipfs jdk.compiler jdk.crypto.ec jdk.crypto.cryptoki jdk.dynalink jdk.hotspot.agent jdk.httpserver jdk.internal.ed jdk.internal.le jdk.internal.vm.ci jdk.jartool jdk.javadoc jdk.jcmd jdk.jdeps jdk.jdwp.agent jdk.jdi jdk.jfr jdk.jlink jdk.jsobject jdk.localedata jdk.management jdk.management.agent jdk.management.jfr jdk.naming.dns jdk.naming.rmi jdk.net jdk.sctp jdk.security.auth jdk.security.jgss jdk.unsupported jdk.unsupported.desktop jdk.xml.dom" 
IMPLEMENTOR="JetBrains s.r.o." 
JAVA_RUNTIME_VERSION="21.0.9+-14649483-b1163.86" 
LIBC="default" 
OS_ARCH="x86_64" 
OS_NAME="Windows" 
SOURCE=".:git:554d0c326095" 

Environment Variables:
JAVA_HOME=C:\oracleJdk-25
PATH=C:\oracleJdk-25\bin;C:\javafx-25;C:\xampp\php;C:\Windows\system32;C:\Windows;C:\Windows\System32\Wbem;C:\Windows\System32\WindowsPowerShell\v1.0\;C:\Windows\System32\OpenSSH\;C:\Program Files\dotnet\;C:\Program Files\Git\cmd;C:\Program Files\nodejs\;C:\Users\Albaheth\Downloads\winlibs-x86_64-posix-seh-gcc-14.2.0-llvm-18.1.8-mingw-w64ucrt-12.0.0-r1\mingw64\bin;C:\win_flex_bison-latest;C:\Users\Albaheth\Downloads\winlibs-x86_64-posix-seh-gcc-14.2.0-llvm-18.1.8-mingw-w64ucrt-12.0.0-r1\mingw64\bin;C:\Users\Albaheth\AppData\Local\Programs\Python\Python314\Scripts\;C:\Users\Albaheth\AppData\Local\Programs\Python\Python314\;C:\Users\Albaheth\AppData\Local\Programs\Python\Launcher\;C:\Users\Albaheth\AppData\Local\Microsoft\WindowsApps;C:\Users\Albaheth\AppData\Local\Programs\Microsoft VS Code\bin;C:\Users\Albaheth\AppData\Roaming\npm;C:\Flex Windows\gcc\bin;C:\Flex Windows\Lex\bin;C:\Flex Windows\bison\bin;C:\Users\Albaheth\Downloads\openjdk-25.0.1_windows-x64_bin\bin;
USERNAME=Dell Abir
OS=Windows_NT
PROCESSOR_IDENTIFIER=Intel64 Family 6 Model 142 Stepping 12, GenuineIntel
TMP=C:\Users\Albaheth\AppData\Local\Temp
TEMP=C:\Users\Albaheth\AppData\Local\Temp




Periodic native trim disabled

JNI global refs:
JNI global refs: 27, weak refs: 0

JNI global refs memory usage: 835, weak refs: 833

Process memory usage:
Resident Set Size: 687064K (8% of 8162212K total physical memory with 805012K free physical memory)

OOME stack traces (most recent first):
Classloader memory used:
Loader org.gradle.internal.classloader.VisitableURLClassLoader                         : 43616K
Loader bootstrap                                                                       : 28761K
Loader org.gradle.internal.classloader.VisitableURLClassLoader$InstrumentingVisitableURLClassLoader: 28160K
Loader org.gradle.initialization.MixInLegacyTypesClassLoader                           : 13132K
Loader jdk.internal.reflect.DelegatingClassLoader                                      : 351K
Loader org.gradle.internal.classloader.VisitableURLClassLoader                         : 267K
Loader jdk.internal.loader.ClassLoaders$AppClassLoader                                 : 233K
Loader jdk.internal.loader.ClassLoaders$PlatformClassLoader                            : 148K
Loader org.gradle.groovy.scripts.internal.DefaultScriptCompilationHandler$ScriptClassLoader: 128K

Classes loaded by more than one classloader:
Class Program                                                                         : loaded 5 times (x 72B)
Class Build_gradle                                                                    : loaded 3 times (x 126B)
Class com.google.common.collect.RegularImmutableMap$KeySet                            : loaded 2 times (x 152B)
Class org.gradle.internal.classloader.FilteringClassLoader                            : loaded 2 times (x 105B)
Class com.google.common.base.CharMatcher$IsEither                                     : loaded 2 times (x 111B)
Class org.gradle.internal.classloader.ClassLoaderHierarchy                            : loaded 2 times (x 70B)
Class com.google.common.collect.ImmutableEnumSet                                      : loaded 2 times (x 146B)
Class com.google.common.util.concurrent.ExecutionError                                : loaded 2 times (x 82B)
Class com.google.common.collect.ImmutableList$1                                       : loaded 2 times (x 97B)
Class org.gradle.api.internal.classpath.ManifestUtil                                  : loaded 2 times (x 71B)
Class com.google.common.collect.RegularImmutableMap                                   : loaded 2 times (x 121B)
Class com.google.common.collect.ImmutableMap$MapViewOfValuesAsSingletonSets           : loaded 2 times (x 126B)
Class [Lorg.objectweb.asm.Symbol;                                                     : loaded 2 times (x 69B)
Class org.objectweb.asm.ClassVisitor                                                  : loaded 2 times (x 88B)
Class com.google.common.collect.UnmodifiableListIterator                              : loaded 2 times (x 95B)
Class com.google.common.base.Platform$JdkPatternCompiler                              : loaded 2 times (x 75B)
Class org.objectweb.asm.MethodTooLargeException                                       : loaded 2 times (x 83B)
Class [Lcom.google.common.cache.CacheBuilder$OneWeigher;                              : loaded 2 times (x 69B)
Class com.google.common.base.Suppliers                                                : loaded 2 times (x 71B)
Class org.gradle.internal.classloader.DefaultClassLoaderFactory                       : loaded 2 times (x 82B)
Class org.gradle.internal.classloader.ClassLoaderVisitor                              : loaded 2 times (x 76B)
Class [Lcom.google.common.collect.ImmutableMapEntry;                                  : loaded 2 times (x 69B)
Class org.gradle.api.internal.classpath.EffectiveClassPath                            : loaded 2 times (x 90B)
Class com.google.common.collect.ListMultimap                                          : loaded 2 times (x 70B)
Class com.google.common.collect.ImmutableEnumMap                                      : loaded 2 times (x 126B)
Class ijJvmDebugger1_4nk09ie7rajpf56fhqp8qjy4i                                        : loaded 2 times (x 171B)
Class com.google.common.collect.Sets$1                                                : loaded 2 times (x 139B)
Class org.objectweb.asm.AnnotationVisitor                                             : loaded 2 times (x 78B)
Class org.gradle.api.internal.DefaultClassPathProvider                                : loaded 2 times (x 76B)
Class com.google.common.collect.Sets$2                                                : loaded 2 times (x 139B)
Class [Lorg.gradle.api.internal.ClassPathProvider;                                    : loaded 2 times (x 69B)
Class org.gradle.api.internal.ClassPathProvider                                       : loaded 2 times (x 70B)
Class [Lorg.objectweb.asm.AnnotationVisitor;                                          : loaded 2 times (x 69B)
Class com.google.common.collect.Sets$3                                                : loaded 2 times (x 139B)
Class com.google.common.cache.LocalCache$LocalLoadingCache                            : loaded 2 times (x 134B)
Class org.gradle.internal.service.UnknownServiceException                             : loaded 2 times (x 83B)
Class com.google.common.collect.Sets$4                                                : loaded 2 times (x 139B)
Class org.objectweb.asm.ModuleVisitor                                                 : loaded 2 times (x 81B)
Class com.google.common.cache.LocalCache$Strength$1                                   : loaded 2 times (x 81B)
Class com.google.common.util.concurrent.SettableFuture                                : loaded 2 times (x 114B)
Class com.google.common.cache.LocalCache$Strength$2                                   : loaded 2 times (x 81B)
Class com.google.common.cache.LocalCache$Strength$3                                   : loaded 2 times (x 81B)
Class com.google.common.collect.MapDifference                                         : loaded 2 times (x 70B)
Class org.objectweb.asm.FieldWriter                                                   : loaded 2 times (x 78B)
Class com.google.common.cache.CacheBuilder$NullListener                               : loaded 2 times (x 82B)
Class org.gradle.internal.classpath.TransformedClassPath                              : loaded 2 times (x 96B)
Class org.gradle.internal.classloader.InstrumentingClassLoader                        : loaded 2 times (x 70B)
Class com.google.common.cache.CacheLoader$FunctionToCacheLoader                       : loaded 2 times (x 75B)
Class com.google.common.collect.Iterators$ArrayItr                                    : loaded 2 times (x 97B)
Class com.google.common.collect.ImmutableCollection$Builder                           : loaded 2 times (x 76B)
Class com.google.common.base.Joiner                                                   : loaded 2 times (x 79B)
Class com.google.common.base.MoreObjects                                              : loaded 2 times (x 71B)
Class com.google.common.base.Equivalence$Identity                                     : loaded 2 times (x 82B)
Class [Lorg.objectweb.asm.Type;                                                       : loaded 2 times (x 69B)
Class com.google.common.collect.UnmodifiableIterator                                  : loaded 2 times (x 80B)
Class org.gradle.internal.service.ServiceLocator                                      : loaded 2 times (x 70B)
Class com.google.common.base.Ascii                                                    : loaded 2 times (x 71B)
Class com.google.common.collect.SingletonImmutableBiMap                               : loaded 2 times (x 143B)
Class com.google.common.cache.LocalCache$1                                            : loaded 2 times (x 89B)
Class com.google.common.collect.Iterators$SingletonIterator                           : loaded 2 times (x 81B)
Class com.google.common.collect.AbstractMapEntry                                      : loaded 2 times (x 81B)
Class com.google.common.collect.Sets$ImprovedAbstractSet                              : loaded 2 times (x 135B)
Class com.google.common.collect.ImmutableList$Builder                                 : loaded 2 times (x 77B)
Class com.google.common.collect.AbstractMultimap                                      : loaded 2 times (x 123B)
Class com.google.common.cache.LocalCache$2                                            : loaded 2 times (x 142B)
Class com.google.common.collect.RegularImmutableAsList                                : loaded 2 times (x 217B)
Class com.google.common.util.concurrent.AbstractFuture$Trusted                        : loaded 2 times (x 70B)
Class com.google.common.collect.Iterators                                             : loaded 2 times (x 71B)
Class com.google.common.collect.Lists$StringAsImmutableList                           : loaded 2 times (x 207B)
Class com.google.common.util.concurrent.UncheckedExecutionException                   : loaded 2 times (x 82B)
Class org.gradle.kotlin.dsl.VersionCatalogAccessorsKt                                 : loaded 2 times (x 71B)
Class org.gradle.internal.InternalTransformer                                         : loaded 2 times (x 70B)
Class com.google.common.collect.AbstractMapBasedMultimap$KeySet$1                     : loaded 2 times (x 82B)
Class org.objectweb.asm.ClassWriter                                                   : loaded 2 times (x 106B)
Class com.google.common.cache.CacheLoader$UnsupportedLoadingOperationException        : loaded 2 times (x 82B)
Class com.google.common.base.CharMatcher$And                                          : loaded 2 times (x 112B)
Class org.gradle.internal.classloader.ClasspathUtil$1                                 : loaded 2 times (x 76B)
Class org.objectweb.asm.FieldVisitor                                                  : loaded 2 times (x 77B)
Class com.google.common.collect.IndexedImmutableSet                                   : loaded 2 times (x 152B)
Class com.google.common.collect.ImmutableMap$1                                        : loaded 2 times (x 81B)
Class com.google.common.collect.BiMap                                                 : loaded 2 times (x 70B)
Class org.gradle.api.internal.classpath.DefaultModuleRegistry$DefaultModule           : loaded 2 times (x 86B)
Class com.google.common.primitives.Ints                                               : loaded 2 times (x 71B)
Class com.google.common.collect.AbstractIterator                                      : loaded 2 times (x 82B)
Class com.google.common.collect.ObjectArrays                                          : loaded 2 times (x 71B)
Class com.google.common.math.MathPreconditions                                        : loaded 2 times (x 71B)
Class com.google.common.collect.Multiset                                              : loaded 2 times (x 70B)
Class com.google.common.collect.ArrayListMultimapGwtSerializationDependencies         : loaded 2 times (x 172B)
Class com.google.common.collect.AbstractIndexedListIterator                           : loaded 2 times (x 96B)
Class com.google.common.collect.ImmutableMapEntrySet                                  : loaded 2 times (x 152B)
Class org.gradle.api.internal.classpath.Module                                        : loaded 2 times (x 70B)
Class com.google.common.cache.Weigher                                                 : loaded 2 times (x 70B)
Class org.gradle.api.internal.classpath.UnknownModuleException                        : loaded 2 times (x 82B)
Class com.google.common.base.Stopwatch                                                : loaded 2 times (x 72B)
Class com.google.common.cache.LocalCache$Strength                                     : loaded 2 times (x 81B)
Class com.google.common.cache.Cache                                                   : loaded 2 times (x 70B)
Class com.google.common.util.concurrent.AbstractFuture$Cancellation                   : loaded 2 times (x 72B)
Class com.google.common.collect.ImmutableMap$Builder                                  : loaded 2 times (x 82B)
Class com.google.common.cache.RemovalListener                                         : loaded 2 times (x 70B)
Class org.gradle.api.internal.DefaultClassPathRegistry                                : loaded 2 times (x 76B)
Class com.google.common.primitives.IntsMethodsForWeb                                  : loaded 2 times (x 71B)
Class com.google.common.collect.Multimap                                              : loaded 2 times (x 70B)
Class org.gradle.api.internal.ClassPathRegistry                                       : loaded 2 times (x 70B)
Class org.gradle.internal.classpath.DefaultClassPath$ImmutableUniqueList              : loaded 2 times (x 199B)
Class com.google.common.collect.Platform                                              : loaded 2 times (x 71B)
Class com.google.common.cache.CacheBuilder                                            : loaded 2 times (x 72B)
Class com.google.common.collect.SingletonImmutableList                                : loaded 2 times (x 207B)
Class Settings_gradle$1                                                               : loaded 2 times (x 74B)
Class org.gradle.internal.classpath.ClassPath                                         : loaded 2 times (x 70B)
Class com.google.common.base.JdkPattern                                               : loaded 2 times (x 75B)
Class com.google.common.collect.ImmutableList$ReverseImmutableList                    : loaded 2 times (x 209B)
Class org.objectweb.asm.SymbolTable$Entry                                             : loaded 2 times (x 74B)
Class org.objectweb.asm.Edge                                                          : loaded 2 times (x 72B)
Class com.google.common.base.Suppliers$SupplierOfInstance                             : loaded 2 times (x 79B)
Class com.google.common.collect.Iterators$1                                           : loaded 2 times (x 81B)
Class ijJvmDebugger1_4nk09ie7rajpf56fhqp8qjy4i$_run_closure1$_closure2                : loaded 2 times (x 140B)
Class com.google.common.cache.LocalCache$ComputingValueReference                      : loaded 2 times (x 96B)
Class com.google.common.collect.SingletonImmutableSet                                 : loaded 2 times (x 146B)
Class com.google.common.collect.ImmutableMap$IteratorBasedImmutableMap                : loaded 2 times (x 126B)
Class com.google.common.cache.LocalCache$Segment                                      : loaded 2 times (x 154B)
Class ijJvmDebugger1_4nk09ie7rajpf56fhqp8qjy4i$_run_closure1                          : loaded 2 times (x 139B)
Class com.google.common.collect.AbstractListMultimap                                  : loaded 2 times (x 172B)
Class [Lorg.objectweb.asm.SymbolTable$Entry;                                          : loaded 2 times (x 69B)
Class com.google.common.cache.CacheLoader                                             : loaded 2 times (x 74B)
Class com.google.common.collect.Iterators$4                                           : loaded 2 times (x 82B)
Class com.google.common.collect.ImmutableBiMap                                        : loaded 2 times (x 143B)
Class org.gradle.internal.installation.GradleInstallation$1                           : loaded 2 times (x 75B)
Class org.gradle.api.internal.classpath.ModuleRegistry                                : loaded 2 times (x 70B)
Class com.google.common.collect.ImmutableSet$JdkBackedSetBuilderImpl                  : loaded 2 times (x 76B)
Class com.google.common.util.concurrent.internal.InternalFutureFailureAccess          : loaded 2 times (x 72B)
Class com.google.common.collect.Iterators$5                                           : loaded 2 times (x 82B)
Class com.google.common.cache.LocalCache$LocalManualCache$1                           : loaded 2 times (x 75B)
Class com.google.common.base.CharMatcher$ForPredicate                                 : loaded 2 times (x 112B)
Class com.google.common.base.CharMatcher$AnyOf                                        : loaded 2 times (x 112B)
Class com.google.common.collect.ImmutableCollection                                   : loaded 2 times (x 125B)
Class ijKotlinCoroutineJvmDebugInit1_5ro5ikkthzfd4ov1s0iwde684$_run_closure1          : loaded 2 times (x 139B)
Class org.gradle.api.internal.classpath.DefaultModuleRegistry                         : loaded 2 times (x 86B)
Class com.google.common.collect.Lists                                                 : loaded 2 times (x 71B)
Class com.google.common.util.concurrent.ListenableFuture                              : loaded 2 times (x 70B)
Class com.google.common.cache.ReferenceEntry                                          : loaded 2 times (x 70B)
Class com.google.common.base.Converter                                                : loaded 2 times (x 90B)
Class com.google.common.collect.ImmutableSet$CachingAsList                            : loaded 2 times (x 148B)
Class com.google.common.collect.AbstractMapBasedMultimap                              : loaded 2 times (x 139B)
Class com.google.common.util.concurrent.AbstractFuture                                : loaded 2 times (x 106B)
Class com.google.common.base.FunctionalEquivalence                                    : loaded 2 times (x 83B)
Class com.google.common.collect.Iterators$9                                           : loaded 2 times (x 81B)
Class com.google.common.collect.ImmutableAsList                                       : loaded 2 times (x 209B)
Class ijKotlinCoroutineJvmDebugInit1_5ro5ikkthzfd4ov1s0iwde684$_run_closure1$_closure2: loaded 2 times (x 139B)
Class org.objectweb.asm.RecordComponentVisitor                                        : loaded 2 times (x 77B)
Class com.google.common.cache.CacheLoader$SupplierToCacheLoader                       : loaded 2 times (x 75B)
Class org.gradle.internal.service.ServiceLookupException                              : loaded 2 times (x 82B)
Class [Lcom.google.common.cache.LocalCache$EntryFactory;                              : loaded 2 times (x 69B)
Class org.gradle.internal.classloader.ClassLoaderFactory                              : loaded 2 times (x 70B)
Class com.google.common.base.CommonPattern                                            : loaded 2 times (x 74B)
Class com.google.common.cache.LocalCache$LocalManualCache                             : loaded 2 times (x 99B)
Class com.google.common.base.CharMatcher$IsNot                                        : loaded 2 times (x 111B)
Class org.gradle.internal.service.CachingServiceLocator                               : loaded 2 times (x 82B)
Class com.google.common.collect.AbstractMapBasedMultimap$KeySet                       : loaded 2 times (x 137B)
Class com.google.common.math.IntMath                                                  : loaded 2 times (x 71B)
Class com.google.common.collect.ImmutableMapEntry                                     : loaded 2 times (x 85B)
Class com.google.common.base.Equivalence                                              : loaded 2 times (x 82B)
Class com.google.common.base.Function                                                 : loaded 2 times (x 70B)
Class com.google.common.collect.ImmutableMapEntry$NonTerminalImmutableMapEntry        : loaded 2 times (x 85B)
Class com.google.common.cache.CacheBuilder$OneWeigher                                 : loaded 2 times (x 82B)
Class com.google.common.collect.RegularImmutableList                                  : loaded 2 times (x 213B)
Class org.gradle.internal.classloader.ClasspathUtil                                   : loaded 2 times (x 71B)
Class com.google.common.util.concurrent.Uninterruptibles                              : loaded 2 times (x 71B)
Class com.google.common.util.concurrent.LazyLogger                                    : loaded 2 times (x 72B)
Class com.google.common.collect.Maps                                                  : loaded 2 times (x 71B)
Class org.gradle.api.specs.Spec                                                       : loaded 2 times (x 70B)
Class [Lcom.google.common.collect.ImmutableEntry;                                     : loaded 2 times (x 69B)
Class com.google.common.cache.LocalCache$LoadingValueReference                        : loaded 2 times (x 96B)
Class com.google.common.base.Platform                                                 : loaded 2 times (x 71B)
Class [Lorg.objectweb.asm.AnnotationWriter;                                           : loaded 2 times (x 69B)
Class com.google.common.collect.Maps$8                                                : loaded 2 times (x 82B)
Class com.google.common.collect.Sets$SetView                                          : loaded 2 times (x 138B)
Class com.google.common.cache.LocalCache$StrongValueReference                         : loaded 2 times (x 90B)
Class org.objectweb.asm.Type                                                          : loaded 2 times (x 72B)
Class org.gradle.internal.classloader.VisitableURLClassLoader$InstrumentingVisitableURLClassLoader: loaded 2 times (x 123B)
Class com.google.common.math.IntMath$1                                                : loaded 2 times (x 71B)
Class org.objectweb.asm.ByteVector                                                    : loaded 2 times (x 79B)
Class [Lcom.google.common.cache.CacheBuilder$NullListener;                            : loaded 2 times (x 69B)
Class org.gradle.internal.classloader.VisitableURLClassLoader$Spec                    : loaded 2 times (x 74B)
Class org.gradle.internal.classpath.DefaultClassPath                                  : loaded 2 times (x 90B)
Class org.objectweb.asm.Symbol                                                        : loaded 2 times (x 73B)
Class com.google.common.base.CharMatcher$BitSetMatcher                                : loaded 2 times (x 112B)
Class com.google.common.collect.RegularImmutableMap$Values                            : loaded 2 times (x 207B)
Class com.google.common.collect.ImmutableSet                                          : loaded 2 times (x 145B)
Class org.gradle.internal.classloader.ClassLoaderSpec                                 : loaded 2 times (x 71B)
Class org.objectweb.asm.AnnotationWriter                                              : loaded 2 times (x 79B)
Class com.google.common.cache.CacheStats                                              : loaded 2 times (x 71B)
Class org.objectweb.asm.RecordComponentWriter                                         : loaded 2 times (x 78B)
Class com.google.common.util.concurrent.AbstractFuture$Listener                       : loaded 2 times (x 72B)
Class com.google.common.base.CharMatcher$Or                                           : loaded 2 times (x 112B)
Class Settings_gradle$1$1                                                             : loaded 2 times (x 74B)
Class org.objectweb.asm.Attribute                                                     : loaded 2 times (x 77B)
Class com.google.common.base.Supplier                                                 : loaded 2 times (x 70B)
Class org.gradle.internal.classloader.VisitableURLClassLoader                         : loaded 2 times (x 117B)
Class Settings_gradle                                                                 : loaded 2 times (x 124B)
Class org.gradle.internal.Cast                                                        : loaded 2 times (x 71B)
Class org.gradle.api.Action                                                           : loaded 2 times (x 70B)
Class com.google.common.base.Strings                                                  : loaded 2 times (x 71B)
Class com.google.common.collect.Sets                                                  : loaded 2 times (x 71B)
Class org.objectweb.asm.Handler                                                       : loaded 2 times (x 72B)
Class com.google.common.base.Ticker                                                   : loaded 2 times (x 72B)
Class com.google.common.base.CharMatcher$FastMatcher                                  : loaded 2 times (x 111B)
Class ijKotlinCoroutineJvmDebugInit1_5ro5ikkthzfd4ov1s0iwde684                        : loaded 2 times (x 171B)
Class [Lcom.google.common.cache.LocalCache$Segment;                                   : loaded 2 times (x 69B)
Class [Lcom.google.common.cache.LocalCache$Strength;                                  : loaded 2 times (x 69B)
Class com.google.common.cache.CacheBuilder$1                                          : loaded 2 times (x 85B)
Class com.google.common.base.Predicate                                                : loaded 2 times (x 70B)
Class com.google.common.collect.ImmutableMap                                          : loaded 2 times (x 120B)
Class org.gradle.internal.classpath.DefaultClassPath$ImmutableUniqueList$Builder      : loaded 2 times (x 75B)
Class com.google.common.cache.LocalCache                                              : loaded 2 times (x 187B)
Class com.google.common.cache.CacheBuilder$2                                          : loaded 2 times (x 79B)
Class com.google.common.base.CharMatcher$NegatedFastMatcher                           : loaded 2 times (x 113B)
Class com.google.common.collect.ArrayListMultimap                                     : loaded 2 times (x 172B)
Class com.google.common.cache.CacheBuilder$3                                          : loaded 2 times (x 72B)
Class [Lcom.google.common.collect.AbstractMapEntry;                                   : loaded 2 times (x 69B)
Class com.google.common.collect.ImmutableEntry                                        : loaded 2 times (x 82B)
Class org.gradle.api.GradleException                                                  : loaded 2 times (x 82B)
Class com.google.common.collect.CollectPreconditions                                  : loaded 2 times (x 71B)
Class com.google.common.collect.SortedMapDifference                                   : loaded 2 times (x 70B)
Class com.google.common.cache.LocalCache$EntryFactory                                 : loaded 2 times (x 83B)
Class com.google.common.cache.LocalCache$AbstractReferenceEntry                       : loaded 2 times (x 107B)
Class org.gradle.internal.IoActions                                                   : loaded 2 times (x 71B)
Class org.objectweb.asm.SymbolTable                                                   : loaded 2 times (x 72B)
Class com.google.common.cache.CacheLoader$InvalidCacheLoadException                   : loaded 2 times (x 82B)
Class com.google.common.collect.ImmutableSet$RegularSetBuilderImpl                    : loaded 2 times (x 77B)
Class org.gradle.internal.classloader.SystemClassLoaderSpec                           : loaded 2 times (x 71B)
Class com.google.common.cache.LocalCache$StrongEntry                                  : loaded 2 times (x 108B)
Class com.google.common.util.concurrent.AbstractFuture$TrustedFuture                  : loaded 2 times (x 114B)
Class com.google.common.cache.LoadingCache                                            : loaded 2 times (x 70B)
Class org.objectweb.asm.MethodWriter                                                  : loaded 2 times (x 106B)
Class [Lcom.google.common.cache.Weigher;                                              : loaded 2 times (x 69B)
Class com.google.common.collect.RegularImmutableMap$BucketOverflowException           : loaded 2 times (x 82B)
Class com.google.common.collect.RegularImmutableBiMap                                 : loaded 2 times (x 149B)
Class com.google.common.cache.LocalCache$ValueReference                               : loaded 2 times (x 70B)
Class com.google.common.base.CharMatcher$Negated                                      : loaded 2 times (x 113B)
Class com.google.common.base.CharMatcher$Is                                           : loaded 2 times (x 111B)
Class com.google.common.base.PatternCompiler                                          : loaded 2 times (x 70B)
Class com.google.common.util.concurrent.AbstractFuture$Failure                        : loaded 2 times (x 72B)
Class com.google.common.base.Equivalence$Equals                                       : loaded 2 times (x 82B)
Class com.google.common.collect.Hashing                                               : loaded 2 times (x 71B)
Class com.google.common.base.Preconditions                                            : loaded 2 times (x 71B)
Class com.google.common.base.Joiner$1                                                 : loaded 2 times (x 80B)
Class org.objectweb.asm.Label                                                         : loaded 2 times (x 73B)
Class org.objectweb.asm.CurrentFrame                                                  : loaded 2 times (x 73B)
Class org.objectweb.asm.ClassTooLargeException                                        : loaded 2 times (x 83B)
Class com.google.common.base.CharMatcher                                              : loaded 2 times (x 111B)
Class com.google.common.collect.PeekingIterator                                       : loaded 2 times (x 70B)
Class com.google.common.base.Joiner$2                                                 : loaded 2 times (x 79B)
Class org.objectweb.asm.Frame                                                         : loaded 2 times (x 73B)
Class org.objectweb.asm.MethodVisitor                                                 : loaded 2 times (x 105B)
Class com.google.common.cache.LocalCache$EntryFactory$1                               : loaded 2 times (x 83B)
Class [Lcom.google.common.cache.RemovalListener;                                      : loaded 2 times (x 69B)
Class com.google.common.base.CharMatcher$1                                            : loaded 2 times (x 113B)
Class com.google.common.base.CharMatcher$NamedFastMatcher                             : loaded 2 times (x 112B)
Class com.google.common.cache.LocalCache$EntryFactory$2                               : loaded 2 times (x 83B)
Class org.gradle.api.internal.classpath.GlobalCacheRootsProvider                      : loaded 2 times (x 70B)
Class org.objectweb.asm.ModuleWriter                                                  : loaded 2 times (x 82B)
Class com.google.common.cache.LocalCache$EntryFactory$3                               : loaded 2 times (x 83B)
Class com.google.common.base.Ticker$1                                                 : loaded 2 times (x 72B)
Class com.google.common.collect.Maps$BiMapConverter                                   : loaded 2 times (x 90B)
Class com.google.common.collect.ImmutableMapEntrySet$RegularEntrySet                  : loaded 2 times (x 152B)
Class com.google.common.collect.ImmutableSet$Builder                                  : loaded 2 times (x 85B)
Class com.google.common.cache.LocalCache$EntryFactory$4                               : loaded 2 times (x 83B)
Class com.google.common.base.CharMatcher$InRange                                      : loaded 2 times (x 111B)
Class com.google.common.cache.LocalCache$EntryFactory$5                               : loaded 2 times (x 83B)
Class com.google.common.base.PairwiseEquivalence                                      : loaded 2 times (x 83B)
Class com.google.common.cache.LocalCache$EntryFactory$6                               : loaded 2 times (x 83B)
Class org.gradle.internal.installation.CurrentGradleInstallationLocator               : loaded 2 times (x 71B)
Class com.google.common.collect.Maps$KeySet                                           : loaded 2 times (x 137B)
Class com.google.common.collect.ImmutableSet$EmptySetBuilderImpl                      : loaded 2 times (x 76B)
Class com.google.common.cache.LocalCache$EntryFactory$7                               : loaded 2 times (x 83B)
Class com.google.common.collect.ImmutableList                                         : loaded 2 times (x 206B)
Class org.gradle.internal.service.DefaultServiceLocator                               : loaded 2 times (x 83B)
Class com.google.common.cache.LocalCache$EntryFactory$8                               : loaded 2 times (x 83B)
Class com.google.common.collect.ImmutableSet$SetBuilderImpl                           : loaded 2 times (x 76B)
Class org.gradle.internal.installation.CurrentGradleInstallation                      : loaded 2 times (x 73B)
Class com.google.common.cache.CacheLoader$1                                           : loaded 2 times (x 75B)
Class com.google.common.collect.ForwardingObject                                      : loaded 2 times (x 72B)
Class com.google.common.collect.ImmutableList$SubList                                 : loaded 2 times (x 209B)
Class org.gradle.util.internal.GUtil                                                  : loaded 2 times (x 71B)
Class com.google.common.cache.AbstractCache$StatsCounter                              : loaded 2 times (x 70B)
Class com.google.common.collect.Iterators$MergingIterator                             : loaded 2 times (x 81B)
Class com.google.common.collect.RegularImmutableSet                                   : loaded 2 times (x 149B)
Class org.gradle.internal.installation.GradleInstallation                             : loaded 2 times (x 75B)
Class com.google.common.collect.Iterables                                             : loaded 2 times (x 71B)

---------------  S Y S T E M  ---------------

OS:
 Windows 11 , 64 bit Build 26100 (10.0.26100.2454)
OS uptime: 8 days 20:49 hours
Hyper-V role detected

CPU: total 8 (initial active 8) (4 cores per cpu, 2 threads per core) family 6 model 142 stepping 12 microcode 0xde, cx8, cmov, fxsr, ht, mmx, 3dnowpref, sse, sse2, sse3, ssse3, sse4.1, sse4.2, popcnt, lzcnt, tsc, tscinvbit, avx, avx2, aes, erms, clmul, bmi1, bmi2, adx, fma, vzeroupper, clflush, clflushopt, hv, rdtscp, f16c
Processor Information for processor 0
  Max Mhz: 1896, Current Mhz: 1596, Mhz Limit: 1592
Processor Information for processor 1
  Max Mhz: 1896, Current Mhz: 1596, Mhz Limit: 1592
Processor Information for processor 2
  Max Mhz: 1896, Current Mhz: 1596, Mhz Limit: 1592
Processor Information for processor 3
  Max Mhz: 1896, Current Mhz: 1496, Mhz Limit: 1592
Processor Information for processor 4
  Max Mhz: 1896, Current Mhz: 1596, Mhz Limit: 1592
Processor Information for processor 5
  Max Mhz: 1896, Current Mhz: 1496, Mhz Limit: 1592
Processor Information for processor 6
  Max Mhz: 1896, Current Mhz: 1596, Mhz Limit: 1592
Processor Information for processor 7
  Max Mhz: 1896, Current Mhz: 1496, Mhz Limit: 1592

Memory: 4k page, system-wide physical 7970M (787M free)
TotalPageFile size 23508M (AvailPageFile size 325M)
current process WorkingSet (physical memory assigned to process): 670M, peak: 671M
current process commit charge ("private bytes"): 709M, peak: 1048M

vm_info: OpenJDK 64-Bit Server VM (21.0.9+-14649483-b1163.86) for windows-amd64 JRE (21.0.9+-14649483-b1163.86), built on 2025-12-30T22:08:35Z by "builder" with MS VC++ 16.10 / 16.11 (VS2019)

END.
