#
# There is insufficient memory for the Java Runtime Environment to continue.
# Native memory allocation (mmap) failed to map 98566144 bytes. Error detail: G1 virtual space
# Possible reasons:
#   The system is out of physical RAM or swap space
#   This process is running with CompressedOops enabled, and the Java Heap may be blocking the growth of the native heap
# Possible solutions:
#   Reduce memory load on the system
#   Increase physical memory or swap space
#   Check if swap backing store is full
#   Decrease Java heap size (-Xmx/-Xms)
#   Decrease number of Java threads
#   Decrease Java thread stack sizes (-Xss)
#   Set larger code cache with -XX:ReservedCodeCacheSize=
#   JVM is running with Unscaled Compressed Oops mode in which the Java heap is
#     placed in the first 4GB address space. The Java Heap base address is the
#     maximum limit for the native heap growth. Please use -XX:HeapBaseMinAddress
#     to set the Java Heap base and to place the Java Heap above 4GB virtual address.
# This output file may be truncated or incomplete.
#
#  Out of Memory Error (os_windows.cpp:3925), pid=16120, tid=16124
#
# JRE version: OpenJDK Runtime Environment (21.0.9) (build 21.0.9+-14649483-b1163.86)
# Java VM: OpenJDK 64-Bit Server VM (21.0.9+-14649483-b1163.86, mixed mode, tiered, compressed oops, compressed class ptrs, g1 gc, windows-amd64)
# No core dump will be written. Minidumps are not enabled by default on client versions of Windows
#

---------------  S U M M A R Y ------------

Command Line: --add-opens=java.base/java.lang=ALL-UNNAMED --add-opens=java.base/java.lang.invoke=ALL-UNNAMED --add-opens=java.base/java.util=ALL-UNNAMED --add-opens=java.prefs/java.util.prefs=ALL-UNNAMED --add-exports=jdk.compiler/com.sun.tools.javac.api=ALL-UNNAMED --add-exports=jdk.compiler/com.sun.tools.javac.util=ALL-UNNAMED --add-opens=java.base/java.util=ALL-UNNAMED --add-opens=java.prefs/java.util.prefs=ALL-UNNAMED --add-opens=java.base/java.nio.charset=ALL-UNNAMED --add-opens=java.base/java.net=ALL-UNNAMED --add-opens=java.base/java.util.concurrent=ALL-UNNAMED --add-opens=java.base/java.util.concurrent.atomic=ALL-UNNAMED --add-opens=java.xml/javax.xml.namespace=ALL-UNNAMED --add-opens=java.base/java.time=ALL-UNNAMED -Xmx2048m -Dfile.encoding=UTF-8 -Duser.country=US -Duser.language=en -Duser.variant -javaagent:C:\Users\Albaheth\.gradle\wrapper\dists\gradle-9.1.0-bin\9agqghryom9wkf8r80qlhnts3\gradle-9.1.0\lib\agents\gradle-instrumentation-agent-9.1.0.jar org.gradle.launcher.daemon.bootstrap.GradleDaemon 9.1.0

Host: Intel(R) Core(TM) i5-8365U CPU @ 1.60GHz, 8 cores, 7G,  Windows 11 , 64 bit Build 26100 (10.0.26100.2454)
Time: Mon Apr 27 13:44:29 2026 W. Central Africa Standard Time elapsed time: 106.515999 seconds (0d 0h 1m 46s)

---------------  T H R E A D  ---------------

Current thread (0x00000262666184d0):  VMThread "VM Thread"          [id=16124, stack(0x0000008e9e000000,0x0000008e9e100000) (1024K)]

Stack: [0x0000008e9e000000,0x0000008e9e100000]
Native frames: (J=compiled Java code, j=interpreted, Vv=VM code, C=native code)
V  [jvm.dll+0x6d6c99]
V  [jvm.dll+0x866b83]
V  [jvm.dll+0x86919e]
V  [jvm.dll+0x869883]
V  [jvm.dll+0x280776]
V  [jvm.dll+0x6d3555]
V  [jvm.dll+0x6c6bea]
V  [jvm.dll+0x3587fb]
V  [jvm.dll+0x360476]
V  [jvm.dll+0x3b2646]
V  [jvm.dll+0x3b2918]
V  [jvm.dll+0x32af0c]
V  [jvm.dll+0x32af97]
V  [jvm.dll+0x370e7c]
V  [jvm.dll+0x36f62e]
V  [jvm.dll+0x32a661]
V  [jvm.dll+0x36ed30]
V  [jvm.dll+0x86f608]
V  [jvm.dll+0x870984]
V  [jvm.dll+0x870ec0]
V  [jvm.dll+0x871153]
V  [jvm.dll+0x80f118]
V  [jvm.dll+0x6d54ed]
C  [ucrtbase.dll+0x14ea0]
C  [KERNEL32.DLL+0x2e8d7]
C  [ntdll.dll+0xdfbcc]

VM_Operation (0x0000008e9fffe730): G1CollectForAllocation, mode: safepoint, requested by thread 0x000002626d5d7a80


---------------  P R O C E S S  ---------------

Threads class SMR info:
_java_thread_list=0x000002627c943070, length=159, elements={
0x000002624ef2d820, 0x00000262667b8e60, 0x00000262667e05c0, 0x00000262667e4020,
0x0000026266807790, 0x00000262668081f0, 0x0000026266808c50, 0x00000262668096b0,
0x00000262667f85f0, 0x0000026266811d30, 0x0000026266ae0c70, 0x000002626c32d410,
0x000002626bb3d070, 0x000002626c180440, 0x000002626d4c07f0, 0x000002626d255580,
0x000002626d5d94c0, 0x000002626d5da1e0, 0x000002626d5da870, 0x000002626d5d8e30,
0x000002626d5d8110, 0x000002626d5daf00, 0x000002626d5d9b50, 0x000002626d5d7a80,
0x000002626c81b5a0, 0x000002626c818120, 0x000002626c81bc30, 0x000002626c8194d0,
0x000002626c8187b0, 0x000002626c81af10, 0x000002626c81cfe0, 0x000002626c81c2c0,
0x000002626c81a1f0, 0x000002626c819b60, 0x000002626c81d670, 0x000002626c81c950,
0x000002626c81dd00, 0x000002626c81e390, 0x000002626c81ea20, 0x000002626c81f740,
0x000002626e5c3700, 0x000002626e5c3d90, 0x000002626e5c4420, 0x000002626e5c5140,
0x000002626e5c5e60, 0x000002626e5c4ab0, 0x000002626e5c3070, 0x000002626e5c7f30,
0x000002626e5c6b80, 0x000002626e5c64f0, 0x000002626e5c7210, 0x000002626e5c78a0,
0x000002626e5c85c0, 0x000002626e5c8c50, 0x000002626e5c57d0, 0x000002626e5c92e0,
0x000002626e5c9970, 0x000002626e5ca000, 0x000002626e5ca690, 0x000002626e940720,
0x000002626e942160, 0x000002626e9427f0, 0x000002626e941ad0, 0x000002626e942e80,
0x000002626e943510, 0x000002626e940090, 0x000002626e943ba0, 0x000002626e944230,
0x000002626e940db0, 0x000002626e9448c0, 0x000002626e947020, 0x000002626e944f50,
0x000002626e9455e0, 0x000002626e945c70, 0x000002626e946300, 0x000002626e946990,
0x000002626f730610, 0x000002626f730ca0, 0x000002626f731330, 0x000002626f7319c0,
0x000002626f732050, 0x000002626f733400, 0x000002626b151cd0, 0x000002626b153710,
0x000002626b154ac0, 0x000002626b153080, 0x000002626b153da0, 0x000002626b151640,
0x000002626b155150, 0x000002626b1557e0, 0x000002626b155e70, 0x000002626b154430,
0x000002626b1529f0, 0x000002626f979b20, 0x000002626f977a50, 0x000002626f97c910,
0x000002626f97cfa0, 0x000002626f97b560, 0x000002626f97bbf0, 0x000002626f97d630,
0x000002626f97e350, 0x000002626b150fb0, 0x000002626b156500, 0x00000262761c8630,
0x00000262761c5ed0, 0x00000262761c6560, 0x00000262761c7280, 0x0000026276d550a0,
0x0000026276d57170, 0x0000026276d54380, 0x00000262761c30e0, 0x00000262761c6bf0,
0x00000262761c3770, 0x00000262761c7910, 0x00000262761c7fa0, 0x000002626b1585d0,
0x000002626b156b90, 0x000002626b157220, 0x000002626b1578b0, 0x000002626b157f40,
0x000002626f7326e0, 0x0000026276d56450, 0x0000026276d57e90, 0x0000026276d57800,
0x0000026276d56ae0, 0x0000026276d55dc0, 0x0000026276d54a10, 0x0000026276d58520,
0x0000026276d55730, 0x0000026276d59240, 0x0000026276d598d0, 0x0000026276d59f60,
0x0000026276e72d20, 0x00000262761c1d30, 0x00000262761c2a50, 0x00000262761c3e00,
0x0000026270650910, 0x0000026270650280, 0x0000026270652350, 0x0000026276e740d0,
0x0000026276e70c50, 0x0000026276e74760, 0x0000026276e74df0, 0x0000026270548650,
0x0000026270549370, 0x000002627c4353b0, 0x000002627c431f30, 0x000002627c4381a0,
0x000002627c436df0, 0x000002627c435a40, 0x000002627c439be0, 0x000002627c43a270,
0x000002627c43a900, 0x000002627c439550, 0x000002627c43af90, 0x000002627c437b10,
0x000002627c43c9d0, 0x000002627c43f7c0, 0x000002627c43d060
}
_to_delete_list=0x000002627892ade0, length=160, elements={
0x000002624ef2d820, 0x00000262667b8e60, 0x00000262667e05c0, 0x00000262667e4020,
0x0000026266807790, 0x00000262668081f0, 0x0000026266808c50, 0x00000262668096b0,
0x00000262667f85f0, 0x0000026266811d30, 0x0000026266ae0c70, 0x000002626c32d410,
0x000002626bb3d070, 0x000002626c180440, 0x000002626d4c07f0, 0x000002626d255580,
0x000002626d5d94c0, 0x000002626d5da1e0, 0x000002626d5da870, 0x000002626d5d8e30,
0x000002626d5d8110, 0x000002626d5daf00, 0x000002626d5d9b50, 0x000002626d5d7a80,
0x000002626c81b5a0, 0x000002626c818120, 0x000002626c81bc30, 0x000002626c8194d0,
0x000002626c8187b0, 0x000002626c81af10, 0x000002626c81cfe0, 0x000002626c81c2c0,
0x000002626c81a1f0, 0x000002626c819b60, 0x000002626c81d670, 0x000002626c81c950,
0x000002626c81dd00, 0x000002626c81e390, 0x000002626c81ea20, 0x000002626c81f740,
0x000002626e5c3700, 0x000002626e5c3d90, 0x000002626e5c4420, 0x000002626e5c5140,
0x000002626e5c5e60, 0x000002626e5c4ab0, 0x000002626e5c3070, 0x000002626e5c7f30,
0x000002626e5c6b80, 0x000002626e5c64f0, 0x000002626e5c7210, 0x000002626e5c78a0,
0x000002626e5c85c0, 0x000002626e5c8c50, 0x000002626e5c57d0, 0x000002626e5c92e0,
0x000002626e5c9970, 0x000002626e5ca000, 0x000002626e5ca690, 0x000002626e940720,
0x000002626e942160, 0x000002626e9427f0, 0x000002626e941ad0, 0x000002626e942e80,
0x000002626e943510, 0x000002626e940090, 0x000002626e943ba0, 0x000002626e944230,
0x000002626e940db0, 0x000002626e9448c0, 0x000002626e947020, 0x000002626e944f50,
0x000002626e9455e0, 0x000002626e945c70, 0x000002626e946300, 0x000002626e946990,
0x000002626f730610, 0x000002626f730ca0, 0x000002626f731330, 0x000002626f7319c0,
0x000002626f732050, 0x000002626f733400, 0x000002626b151cd0, 0x000002626b153710,
0x000002626b154ac0, 0x000002626b153080, 0x000002626b153da0, 0x000002626b151640,
0x000002626b155150, 0x000002626b1557e0, 0x000002626b155e70, 0x000002626b154430,
0x000002626b1529f0, 0x000002626f979b20, 0x000002626f977a50, 0x000002626f97c910,
0x000002626f97cfa0, 0x000002626f97b560, 0x000002626f97bbf0, 0x000002626f97d630,
0x000002626f97e350, 0x000002626b150fb0, 0x000002626b156500, 0x00000262761c8630,
0x00000262761c5ed0, 0x00000262761c6560, 0x00000262761c7280, 0x0000026276d550a0,
0x0000026276d57170, 0x0000026276d54380, 0x00000262761c30e0, 0x00000262761c6bf0,
0x00000262761c3770, 0x00000262761c7910, 0x00000262761c7fa0, 0x000002626b1585d0,
0x000002626b156b90, 0x000002626b157220, 0x000002626b1578b0, 0x000002626b157f40,
0x000002626f7326e0, 0x0000026276d56450, 0x0000026276d57e90, 0x0000026276d57800,
0x0000026276d56ae0, 0x0000026276d55dc0, 0x0000026276d54a10, 0x0000026276d58520,
0x0000026276d55730, 0x0000026276d59240, 0x0000026276d598d0, 0x0000026276d59f60,
0x0000026276e72d20, 0x00000262761c1d30, 0x00000262761c2a50, 0x00000262761c3e00,
0x0000026270650910, 0x0000026270650280, 0x0000026270652350, 0x0000026276e740d0,
0x0000026276e70c50, 0x0000026276e74760, 0x0000026276e74df0, 0x0000026270548650,
0x0000026270549370, 0x000002627c4353b0, 0x000002627c431f30, 0x000002627c4381a0,
0x000002627c436df0, 0x000002627c435a40, 0x000002627c439be0, 0x000002627c43a270,
0x0000026278aa8280, 0x000002627c43a900, 0x000002627c439550, 0x000002627c43af90,
0x000002627c437b10, 0x000002627c43c9d0, 0x000002627c43f7c0, 0x000002627c43d060
}

Java Threads: ( => current thread )
  0x000002624ef2d820 JavaThread "main"                              [_thread_blocked, id=17088, stack(0x0000008e9d900000,0x0000008e9da00000) (1024K)]
  0x00000262667b8e60 JavaThread "Common-Cleaner"             daemon [_thread_blocked, id=16324, stack(0x0000008e9e100000,0x0000008e9e200000) (1024K)]
  0x00000262667e05c0 JavaThread "Reference Handler"          daemon [_thread_blocked, id=8016, stack(0x0000008e9e200000,0x0000008e9e300000) (1024K)]
  0x00000262667e4020 JavaThread "Finalizer"                  daemon [_thread_blocked, id=25076, stack(0x0000008e9e300000,0x0000008e9e400000) (1024K)]
  0x0000026266807790 JavaThread "Signal Dispatcher"          daemon [_thread_blocked, id=18556, stack(0x0000008e9e400000,0x0000008e9e500000) (1024K)]
  0x00000262668081f0 JavaThread "Attach Listener"            daemon [_thread_blocked, id=8104, stack(0x0000008e9e500000,0x0000008e9e600000) (1024K)]
  0x0000026266808c50 JavaThread "Service Thread"             daemon [_thread_blocked, id=21192, stack(0x0000008e9e600000,0x0000008e9e700000) (1024K)]
  0x00000262668096b0 JavaThread "Monitor Deflation Thread"   daemon [_thread_blocked, id=24340, stack(0x0000008e9e700000,0x0000008e9e800000) (1024K)]
  0x00000262667f85f0 JavaThread "C2 CompilerThread0"         daemon [_thread_blocked, id=22492, stack(0x0000008e9e800000,0x0000008e9e900000) (1024K)]
  0x0000026266811d30 JavaThread "C1 CompilerThread0"         daemon [_thread_blocked, id=5304, stack(0x0000008e9e900000,0x0000008e9ea00000) (1024K)]
  0x0000026266ae0c70 JavaThread "Notification Thread"        daemon [_thread_blocked, id=12596, stack(0x0000008e9ea00000,0x0000008e9eb00000) (1024K)]
  0x000002626c32d410 JavaThread "Daemon health stats"               [_thread_blocked, id=16508, stack(0x0000008e9f000000,0x0000008e9f100000) (1024K)]
  0x000002626bb3d070 JavaThread "Incoming local TCP Connector on port 64684"        [_thread_in_native, id=25092, stack(0x0000008e9f100000,0x0000008e9f200000) (1024K)]
  0x000002626c180440 JavaThread "Daemon periodic checks"            [_thread_blocked, id=21580, stack(0x0000008e9f200000,0x0000008e9f300000) (1024K)]
  0x000002626d4c07f0 JavaThread "Daemon"                            [_thread_blocked, id=15592, stack(0x0000008e9f300000,0x0000008e9f400000) (1024K)]
  0x000002626d255580 JavaThread "Handler for socket connection from /127.0.0.1:64684 to /127.0.0.1:64685"        [_thread_in_native, id=20396, stack(0x0000008e9f400000,0x0000008e9f500000) (1024K)]
  0x000002626d5d94c0 JavaThread "Cancel handler"                    [_thread_blocked, id=20792, stack(0x0000008e9eb00000,0x0000008e9ec00000) (1024K)]
  0x000002626d5da1e0 JavaThread "Daemon worker"                     [_thread_blocked, id=11132, stack(0x0000008e9f800000,0x0000008e9f900000) (1024K)]
  0x000002626d5da870 JavaThread "Asynchronous log dispatcher for DefaultDaemonConnection: socket connection from /127.0.0.1:64684 to /127.0.0.1:64685"        [_thread_blocked, id=25132, stack(0x0000008e9f900000,0x0000008e9fa00000) (1024K)]
  0x000002626d5d8e30 JavaThread "Stdin handler"                     [_thread_blocked, id=6680, stack(0x0000008e9fa00000,0x0000008e9fb00000) (1024K)]
  0x000002626d5d8110 JavaThread "Daemon client event forwarder"        [_thread_blocked, id=19380, stack(0x0000008e9fb00000,0x0000008e9fc00000) (1024K)]
  0x000002626d5daf00 JavaThread "Cache worker for journal cache (C:\Users\Albaheth\.gradle\caches\journal-1)"        [_thread_blocked, id=17252, stack(0x0000008e9fd00000,0x0000008e9fe00000) (1024K)]
  0x000002626d5d9b50 JavaThread "File lock request listener"        [_thread_blocked, id=25008, stack(0x0000008e9fe00000,0x0000008e9ff00000) (1024K)]
  0x000002626d5d7a80 JavaThread "Cache worker for file hash cache (C:\Users\Albaheth\.gradle\caches\9.1.0\fileHashes)"        [_thread_blocked, id=5800, stack(0x0000008e9ff00000,0x0000008ea0000000) (1024K)]
  0x000002626c81b5a0 JavaThread "Cache worker for file hash cache (C:\Users\Albaheth\AndroidStudioProjects\Maktaba\.gradle\9.1.0\fileHashes)"        [_thread_blocked, id=22268, stack(0x0000008ea0000000,0x0000008ea0100000) (1024K)]
  0x000002626c818120 JavaThread "Cache worker for Build Output Cleanup Cache (C:\Users\Albaheth\AndroidStudioProjects\Maktaba\.gradle\buildOutputCleanup)"        [_thread_blocked, id=21872, stack(0x0000008ea0100000,0x0000008ea0200000) (1024K)]
  0x000002626c81bc30 JavaThread "File watcher server"        daemon [_thread_blocked, id=10132, stack(0x0000008ea0200000,0x0000008ea0300000) (1024K)]
  0x000002626c8194d0 JavaThread "File watcher consumer"      daemon [_thread_blocked, id=17008, stack(0x0000008ea0300000,0x0000008ea0400000) (1024K)]
  0x000002626c8187b0 JavaThread "Cache worker for checksums cache (C:\Users\Albaheth\AndroidStudioProjects\Maktaba\.gradle\9.1.0\checksums)"        [_thread_blocked, id=17592, stack(0x0000008ea0400000,0x0000008ea0500000) (1024K)]
  0x000002626c81af10 JavaThread "Cache worker for file content cache (C:\Users\Albaheth\.gradle\caches\9.1.0\fileContent)"        [_thread_blocked, id=18232, stack(0x0000008ea0500000,0x0000008ea0600000) (1024K)]
  0x000002626c81cfe0 JavaThread "Cache worker for cache directory md-supplier (C:\Users\Albaheth\.gradle\caches\9.1.0\md-supplier)"        [_thread_blocked, id=21568, stack(0x0000008ea0600000,0x0000008ea0700000) (1024K)]
  0x000002626c81c2c0 JavaThread "Cache worker for cache directory md-rule (C:\Users\Albaheth\.gradle\caches\9.1.0\md-rule)"        [_thread_blocked, id=10980, stack(0x0000008ea0700000,0x0000008ea0800000) (1024K)]
  0x000002626c81a1f0 JavaThread "jar transforms"                    [_thread_blocked, id=3540, stack(0x0000008ea0800000,0x0000008ea0900000) (1024K)]
  0x000002626c819b60 JavaThread "jar transforms Thread 2"           [_thread_blocked, id=17680, stack(0x0000008ea0900000,0x0000008ea0a00000) (1024K)]
  0x000002626c81d670 JavaThread "jar transforms Thread 3"           [_thread_blocked, id=10236, stack(0x0000008ea0a00000,0x0000008ea0b00000) (1024K)]
  0x000002626c81c950 JavaThread "Unconstrained build operations"        [_thread_blocked, id=16368, stack(0x0000008ea0b00000,0x0000008ea0c00000) (1024K)]
  0x000002626c81dd00 JavaThread "Unconstrained build operations Thread 2"        [_thread_blocked, id=12376, stack(0x0000008ea0c00000,0x0000008ea0d00000) (1024K)]
  0x000002626c81e390 JavaThread "Unconstrained build operations Thread 3"        [_thread_blocked, id=5604, stack(0x0000008ea0d00000,0x0000008ea0e00000) (1024K)]
  0x000002626c81ea20 JavaThread "Unconstrained build operations Thread 4"        [_thread_blocked, id=21260, stack(0x0000008ea0e00000,0x0000008ea0f00000) (1024K)]
  0x000002626c81f740 JavaThread "Unconstrained build operations Thread 5"        [_thread_blocked, id=20492, stack(0x0000008ea0f00000,0x0000008ea1000000) (1024K)]
  0x000002626e5c3700 JavaThread "Unconstrained build operations Thread 6"        [_thread_blocked, id=21880, stack(0x0000008ea1000000,0x0000008ea1100000) (1024K)]
  0x000002626e5c3d90 JavaThread "Unconstrained build operations Thread 7"        [_thread_blocked, id=17604, stack(0x0000008ea1100000,0x0000008ea1200000) (1024K)]
  0x000002626e5c4420 JavaThread "Unconstrained build operations Thread 8"        [_thread_blocked, id=15704, stack(0x0000008ea1200000,0x0000008ea1300000) (1024K)]
  0x000002626e5c5140 JavaThread "Unconstrained build operations Thread 9"        [_thread_blocked, id=21696, stack(0x0000008ea1300000,0x0000008ea1400000) (1024K)]
  0x000002626e5c5e60 JavaThread "Unconstrained build operations Thread 10"        [_thread_blocked, id=24232, stack(0x0000008ea1400000,0x0000008ea1500000) (1024K)]
  0x000002626e5c4ab0 JavaThread "Unconstrained build operations Thread 11"        [_thread_blocked, id=5796, stack(0x0000008ea1500000,0x0000008ea1600000) (1024K)]
  0x000002626e5c3070 JavaThread "Unconstrained build operations Thread 12"        [_thread_blocked, id=19276, stack(0x0000008ea1600000,0x0000008ea1700000) (1024K)]
  0x000002626e5c7f30 JavaThread "Unconstrained build operations Thread 13"        [_thread_blocked, id=2112, stack(0x0000008ea1700000,0x0000008ea1800000) (1024K)]
  0x000002626e5c6b80 JavaThread "Unconstrained build operations Thread 14"        [_thread_blocked, id=14192, stack(0x0000008ea1800000,0x0000008ea1900000) (1024K)]
  0x000002626e5c64f0 JavaThread "jar transforms Thread 4"           [_thread_blocked, id=22896, stack(0x0000008ea1900000,0x0000008ea1a00000) (1024K)]
  0x000002626e5c7210 JavaThread "jar transforms Thread 5"           [_thread_blocked, id=16356, stack(0x0000008ea1a00000,0x0000008ea1b00000) (1024K)]
  0x000002626e5c78a0 JavaThread "Unconstrained build operations Thread 15"        [_thread_blocked, id=25120, stack(0x0000008ea1b00000,0x0000008ea1c00000) (1024K)]
  0x000002626e5c85c0 JavaThread "Unconstrained build operations Thread 16"        [_thread_blocked, id=10876, stack(0x0000008ea1c00000,0x0000008ea1d00000) (1024K)]
  0x000002626e5c8c50 JavaThread "Unconstrained build operations Thread 17"        [_thread_blocked, id=15720, stack(0x0000008ea1d00000,0x0000008ea1e00000) (1024K)]
  0x000002626e5c57d0 JavaThread "Unconstrained build operations Thread 18"        [_thread_blocked, id=2696, stack(0x0000008ea1e00000,0x0000008ea1f00000) (1024K)]
  0x000002626e5c92e0 JavaThread "Unconstrained build operations Thread 19"        [_thread_blocked, id=11560, stack(0x0000008ea1f00000,0x0000008ea2000000) (1024K)]
  0x000002626e5c9970 JavaThread "Unconstrained build operations Thread 20"        [_thread_blocked, id=10744, stack(0x0000008ea2000000,0x0000008ea2100000) (1024K)]
  0x000002626e5ca000 JavaThread "Unconstrained build operations Thread 21"        [_thread_blocked, id=3012, stack(0x0000008ea2100000,0x0000008ea2200000) (1024K)]
  0x000002626e5ca690 JavaThread "jar transforms Thread 6"           [_thread_blocked, id=19304, stack(0x0000008ea2200000,0x0000008ea2300000) (1024K)]
  0x000002626e940720 JavaThread "jar transforms Thread 7"           [_thread_blocked, id=16848, stack(0x0000008ea2300000,0x0000008ea2400000) (1024K)]
  0x000002626e942160 JavaThread "jar transforms Thread 8"           [_thread_blocked, id=18992, stack(0x0000008ea2400000,0x0000008ea2500000) (1024K)]
  0x000002626e9427f0 JavaThread "Unconstrained build operations Thread 22"        [_thread_blocked, id=6080, stack(0x0000008ea2500000,0x0000008ea2600000) (1024K)]
  0x000002626e941ad0 JavaThread "Unconstrained build operations Thread 23"        [_thread_blocked, id=1092, stack(0x0000008ea2600000,0x0000008ea2700000) (1024K)]
  0x000002626e942e80 JavaThread "Unconstrained build operations Thread 24"        [_thread_blocked, id=19332, stack(0x0000008ea2700000,0x0000008ea2800000) (1024K)]
  0x000002626e943510 JavaThread "Unconstrained build operations Thread 25"        [_thread_blocked, id=17132, stack(0x0000008ea2800000,0x0000008ea2900000) (1024K)]
  0x000002626e940090 JavaThread "Unconstrained build operations Thread 26"        [_thread_blocked, id=700, stack(0x0000008ea2900000,0x0000008ea2a00000) (1024K)]
  0x000002626e943ba0 JavaThread "Unconstrained build operations Thread 27"        [_thread_blocked, id=17004, stack(0x0000008ea2a00000,0x0000008ea2b00000) (1024K)]
  0x000002626e944230 JavaThread "Unconstrained build operations Thread 28"        [_thread_blocked, id=25064, stack(0x0000008ea2b00000,0x0000008ea2c00000) (1024K)]
  0x000002626e940db0 JavaThread "Unconstrained build operations Thread 29"        [_thread_blocked, id=10684, stack(0x0000008ea2c00000,0x0000008ea2d00000) (1024K)]
  0x000002626e9448c0 JavaThread "Unconstrained build operations Thread 30"        [_thread_blocked, id=8640, stack(0x0000008ea2d00000,0x0000008ea2e00000) (1024K)]
  0x000002626e947020 JavaThread "Unconstrained build operations Thread 31"        [_thread_blocked, id=15240, stack(0x0000008ea2e00000,0x0000008ea2f00000) (1024K)]
  0x000002626e944f50 JavaThread "Unconstrained build operations Thread 32"        [_thread_blocked, id=6720, stack(0x0000008ea2f00000,0x0000008ea3000000) (1024K)]
  0x000002626e9455e0 JavaThread "Unconstrained build operations Thread 33"        [_thread_blocked, id=3168, stack(0x0000008ea3000000,0x0000008ea3100000) (1024K)]
  0x000002626e945c70 JavaThread "Unconstrained build operations Thread 34"        [_thread_blocked, id=18616, stack(0x0000008ea3100000,0x0000008ea3200000) (1024K)]
  0x000002626e946300 JavaThread "Unconstrained build operations Thread 35"        [_thread_blocked, id=2528, stack(0x0000008ea3200000,0x0000008ea3300000) (1024K)]
  0x000002626e946990 JavaThread "Unconstrained build operations Thread 36"        [_thread_blocked, id=7940, stack(0x0000008ea3300000,0x0000008ea3400000) (1024K)]
  0x000002626f730610 JavaThread "Unconstrained build operations Thread 37"        [_thread_blocked, id=21820, stack(0x0000008ea3400000,0x0000008ea3500000) (1024K)]
  0x000002626f730ca0 JavaThread "Unconstrained build operations Thread 38"        [_thread_blocked, id=16692, stack(0x0000008ea3500000,0x0000008ea3600000) (1024K)]
  0x000002626f731330 JavaThread "Unconstrained build operations Thread 39"        [_thread_blocked, id=7964, stack(0x0000008ea3600000,0x0000008ea3700000) (1024K)]
  0x000002626f7319c0 JavaThread "Unconstrained build operations Thread 40"        [_thread_blocked, id=22656, stack(0x0000008ea3700000,0x0000008ea3800000) (1024K)]
  0x000002626f732050 JavaThread "Unconstrained build operations Thread 41"        [_thread_blocked, id=10120, stack(0x0000008ea3800000,0x0000008ea3900000) (1024K)]
  0x000002626f733400 JavaThread "Unconstrained build operations Thread 42"        [_thread_blocked, id=22572, stack(0x0000008ea3900000,0x0000008ea3a00000) (1024K)]
  0x000002626b151cd0 JavaThread "Unconstrained build operations Thread 43"        [_thread_blocked, id=16684, stack(0x0000008ea3a00000,0x0000008ea3b00000) (1024K)]
  0x000002626b153710 JavaThread "Unconstrained build operations Thread 44"        [_thread_blocked, id=12372, stack(0x0000008ea3b00000,0x0000008ea3c00000) (1024K)]
  0x000002626b154ac0 JavaThread "Unconstrained build operations Thread 45"        [_thread_blocked, id=23160, stack(0x0000008ea3c00000,0x0000008ea3d00000) (1024K)]
  0x000002626b153080 JavaThread "Unconstrained build operations Thread 46"        [_thread_blocked, id=23704, stack(0x0000008ea3d00000,0x0000008ea3e00000) (1024K)]
  0x000002626b153da0 JavaThread "Unconstrained build operations Thread 47"        [_thread_blocked, id=20972, stack(0x0000008ea3e00000,0x0000008ea3f00000) (1024K)]
  0x000002626b151640 JavaThread "Unconstrained build operations Thread 48"        [_thread_blocked, id=20852, stack(0x0000008ea3f00000,0x0000008ea4000000) (1024K)]
  0x000002626b155150 JavaThread "Unconstrained build operations Thread 49"        [_thread_blocked, id=19328, stack(0x0000008ea4000000,0x0000008ea4100000) (1024K)]
  0x000002626b1557e0 JavaThread "Unconstrained build operations Thread 50"        [_thread_blocked, id=10484, stack(0x0000008ea4100000,0x0000008ea4200000) (1024K)]
  0x000002626b155e70 JavaThread "Unconstrained build operations Thread 51"        [_thread_blocked, id=16292, stack(0x0000008ea4200000,0x0000008ea4300000) (1024K)]
  0x000002626b154430 JavaThread "build event listener"              [_thread_blocked, id=10404, stack(0x0000008ea4300000,0x0000008ea4400000) (1024K)]
  0x000002626b1529f0 JavaThread "Memory manager"                    [_thread_blocked, id=12208, stack(0x0000008ea4400000,0x0000008ea4500000) (1024K)]
  0x000002626f979b20 JavaThread "build event listener"              [_thread_blocked, id=10552, stack(0x0000008ea4500000,0x0000008ea4600000) (1024K)]
  0x000002626f977a50 JavaThread "included builds"                   [_thread_blocked, id=14960, stack(0x0000008ea4700000,0x0000008ea4800000) (1024K)]
  0x000002626f97c910 JavaThread "Execution worker"                  [_thread_blocked, id=5224, stack(0x0000008ea4800000,0x0000008ea4900000) (1024K)]
  0x000002626f97cfa0 JavaThread "Execution worker Thread 2"         [_thread_blocked, id=7332, stack(0x0000008ea4900000,0x0000008ea4a00000) (1024K)]
  0x000002626f97b560 JavaThread "Execution worker Thread 3"         [_thread_blocked, id=19484, stack(0x0000008ea4a00000,0x0000008ea4b00000) (1024K)]
  0x000002626f97bbf0 JavaThread "Execution worker Thread 4"         [_thread_blocked, id=10308, stack(0x0000008ea4b00000,0x0000008ea4c00000) (1024K)]
  0x000002626f97d630 JavaThread "Execution worker Thread 5"         [_thread_blocked, id=21952, stack(0x0000008ea4c00000,0x0000008ea4d00000) (1024K)]
  0x000002626f97e350 JavaThread "Execution worker Thread 6"         [_thread_blocked, id=24344, stack(0x0000008ea4d00000,0x0000008ea4e00000) (1024K)]
  0x000002626b150fb0 JavaThread "Execution worker Thread 7"         [_thread_blocked, id=24456, stack(0x0000008ea4e00000,0x0000008ea4f00000) (1024K)]
  0x000002626b156500 JavaThread "Cache worker for execution history cache (C:\Users\Albaheth\AndroidStudioProjects\Maktaba\.gradle\9.1.0\executionHistory)"        [_thread_blocked, id=10564, stack(0x0000008ea4f00000,0x0000008ea5000000) (1024K)]
  0x00000262761c8630 JavaThread "Unconstrained build operations Thread 52"        [_thread_blocked, id=18756, stack(0x0000008ea5000000,0x0000008ea5100000) (1024K)]
  0x00000262761c5ed0 JavaThread "Unconstrained build operations Thread 53"        [_thread_blocked, id=10224, stack(0x0000008ea5100000,0x0000008ea5200000) (1024K)]
  0x00000262761c6560 JavaThread "Unconstrained build operations Thread 54"        [_thread_blocked, id=16344, stack(0x0000008ea5200000,0x0000008ea5300000) (1024K)]
  0x00000262761c7280 JavaThread "Unconstrained build operations Thread 55"        [_thread_blocked, id=7092, stack(0x0000008ea5300000,0x0000008ea5400000) (1024K)]
  0x0000026276d550a0 JavaThread "Unconstrained build operations Thread 56"        [_thread_blocked, id=25020, stack(0x0000008ea5400000,0x0000008ea5500000) (1024K)]
  0x0000026276d57170 JavaThread "Unconstrained build operations Thread 57"        [_thread_blocked, id=25324, stack(0x0000008ea5500000,0x0000008ea5600000) (1024K)]
  0x0000026276d54380 JavaThread "Unconstrained build operations Thread 58"        [_thread_blocked, id=12832, stack(0x0000008ea5600000,0x0000008ea5700000) (1024K)]
  0x00000262761c30e0 JavaThread "Unconstrained build operations Thread 59"        [_thread_blocked, id=16548, stack(0x0000008ea5700000,0x0000008ea5800000) (1024K)]
  0x00000262761c6bf0 JavaThread "Unconstrained build operations Thread 60"        [_thread_blocked, id=18384, stack(0x0000008ea5800000,0x0000008ea5900000) (1024K)]
  0x00000262761c3770 JavaThread "Unconstrained build operations Thread 61"        [_thread_blocked, id=16032, stack(0x0000008ea5900000,0x0000008ea5a00000) (1024K)]
  0x00000262761c7910 JavaThread "Unconstrained build operations Thread 62"        [_thread_blocked, id=20500, stack(0x0000008ea5a00000,0x0000008ea5b00000) (1024K)]
  0x00000262761c7fa0 JavaThread "Unconstrained build operations Thread 63"        [_thread_blocked, id=14128, stack(0x0000008ea5b00000,0x0000008ea5c00000) (1024K)]
  0x000002626b1585d0 JavaThread "Unconstrained build operations Thread 64"        [_thread_blocked, id=15120, stack(0x0000008ea5c00000,0x0000008ea5d00000) (1024K)]
  0x000002626b156b90 JavaThread "Unconstrained build operations Thread 65"        [_thread_blocked, id=18252, stack(0x0000008ea5d00000,0x0000008ea5e00000) (1024K)]
  0x000002626b157220 JavaThread "Unconstrained build operations Thread 66"        [_thread_blocked, id=2912, stack(0x0000008ea5e00000,0x0000008ea5f00000) (1024K)]
  0x000002626b1578b0 JavaThread "Unconstrained build operations Thread 67"        [_thread_blocked, id=21188, stack(0x0000008ea5f00000,0x0000008ea6000000) (1024K)]
  0x000002626b157f40 JavaThread "Unconstrained build operations Thread 68"        [_thread_blocked, id=23824, stack(0x0000008ea6000000,0x0000008ea6100000) (1024K)]
  0x000002626f7326e0 JavaThread "Unconstrained build operations Thread 69"        [_thread_blocked, id=15864, stack(0x0000008ea6100000,0x0000008ea6200000) (1024K)]
  0x0000026276d56450 JavaThread "Unconstrained build operations Thread 70"        [_thread_blocked, id=19788, stack(0x0000008ea6200000,0x0000008ea6300000) (1024K)]
  0x0000026276d57e90 JavaThread "Unconstrained build operations Thread 71"        [_thread_blocked, id=3464, stack(0x0000008ea6300000,0x0000008ea6400000) (1024K)]
  0x0000026276d57800 JavaThread "Unconstrained build operations Thread 72"        [_thread_blocked, id=24988, stack(0x0000008ea6400000,0x0000008ea6500000) (1024K)]
  0x0000026276d56ae0 JavaThread "Unconstrained build operations Thread 73"        [_thread_blocked, id=21352, stack(0x0000008ea6500000,0x0000008ea6600000) (1024K)]
  0x0000026276d55dc0 JavaThread "Unconstrained build operations Thread 74"        [_thread_blocked, id=8216, stack(0x0000008ea6600000,0x0000008ea6700000) (1024K)]
  0x0000026276d54a10 JavaThread "Unconstrained build operations Thread 75"        [_thread_blocked, id=11664, stack(0x0000008ea6700000,0x0000008ea6800000) (1024K)]
  0x0000026276d58520 JavaThread "Unconstrained build operations Thread 76"        [_thread_blocked, id=14944, stack(0x0000008ea6800000,0x0000008ea6900000) (1024K)]
  0x0000026276d55730 JavaThread "Unconstrained build operations Thread 77"        [_thread_blocked, id=21668, stack(0x0000008ea6900000,0x0000008ea6a00000) (1024K)]
  0x0000026276d59240 JavaThread "Unconstrained build operations Thread 78"        [_thread_blocked, id=14588, stack(0x0000008ea6a00000,0x0000008ea6b00000) (1024K)]
  0x0000026276d598d0 JavaThread "Unconstrained build operations Thread 79"        [_thread_blocked, id=16936, stack(0x0000008ea6b00000,0x0000008ea6c00000) (1024K)]
  0x0000026276d59f60 JavaThread "Unconstrained build operations Thread 80"        [_thread_blocked, id=24028, stack(0x0000008ea6c00000,0x0000008ea6d00000) (1024K)]
  0x0000026276e72d20 JavaThread "WorkerExecutor Queue"              [_thread_blocked, id=23580, stack(0x0000008ea6d00000,0x0000008ea6e00000) (1024K)]
  0x00000262761c1d30 JavaThread "DefaultDispatcher-worker-1" daemon [_thread_blocked, id=3800, stack(0x0000008ea4600000,0x0000008ea4700000) (1024K)]
  0x00000262761c2a50 JavaThread "DefaultDispatcher-worker-2" daemon [_thread_blocked, id=18536, stack(0x0000008ea6e00000,0x0000008ea6f00000) (1024K)]
  0x00000262761c3e00 JavaThread "DefaultDispatcher-worker-3" daemon [_thread_blocked, id=11200, stack(0x0000008ea6f00000,0x0000008ea7000000) (1024K)]
  0x0000026270650910 JavaThread "WorkerExecutor Queue Thread 2"        [_thread_blocked, id=24608, stack(0x0000008ea7100000,0x0000008ea7200000) (1024K)]
  0x0000026270650280 JavaThread "Periodic tasks thread"      daemon [_thread_blocked, id=8664, stack(0x0000008ea7200000,0x0000008ea7300000) (1024K)]
  0x0000026270652350 JavaThread "ApplicationImpl pooled thread 1"        [_thread_blocked, id=8208, stack(0x0000008ea7300000,0x0000008ea7400000) (1024K)]
  0x0000026276e740d0 JavaThread "WorkerExecutor Queue Thread 3"        [_thread_blocked, id=20964, stack(0x0000008ea7500000,0x0000008ea7600000) (1024K)]
  0x0000026276e70c50 JavaThread "pool-4-thread-1"                   [_thread_blocked, id=15912, stack(0x0000008ea7600000,0x0000008ea7700000) (1024K)]
  0x0000026276e74760 JavaThread "stderr"                            [_thread_in_native, id=14800, stack(0x0000008ea7700000,0x0000008ea7800000) (1024K)]
  0x0000026276e74df0 JavaThread "stdout"                            [_thread_in_native, id=10352, stack(0x0000008ea7800000,0x0000008ea7900000) (1024K)]
  0x0000026270548650 JavaThread "Java2D Disposer"            daemon [_thread_blocked, id=22888, stack(0x0000008ea7a00000,0x0000008ea7b00000) (1024K)]
  0x0000026270549370 JavaThread "AWT-Windows"                daemon [_thread_in_native, id=22956, stack(0x0000008ea7c00000,0x0000008ea7d00000) (1024K)]
  0x000002627c4353b0 JavaThread "WorkerExecutor Queue Thread 4"        [_thread_blocked, id=18952, stack(0x0000008ea7b00000,0x0000008ea7c00000) (1024K)]
  0x000002627c431f30 JavaThread "RMI Scheduler(0)"           daemon [_thread_blocked, id=18776, stack(0x0000008ea7000000,0x0000008ea7100000) (1024K)]
  0x000002627c4381a0 JavaThread "RMI GC Daemon"              daemon [_thread_blocked, id=17508, stack(0x0000008ea7f00000,0x0000008ea8000000) (1024K)]
  0x000002627c436df0 JavaThread "RMI TCP Accept-0"           daemon [_thread_in_native, id=10376, stack(0x0000008ea8000000,0x0000008ea8100000) (1024K)]
  0x000002627c435a40 JavaThread "RMI Reaper"                        [_thread_blocked, id=5300, stack(0x0000008ea8100000,0x0000008ea8200000) (1024K)]
  0x000002627c439be0 JavaThread "RMI TCP Connection(2)-127.0.0.1" daemon [_thread_in_native, id=7312, stack(0x0000008ea8300000,0x0000008ea8400000) (1024K)]
  0x000002627c43a270 JavaThread "Cache worker for Java compile cache (C:\Users\Albaheth\.gradle\caches\9.1.0\javaCompile)"        [_thread_blocked, id=23848, stack(0x0000008e9d600000,0x0000008e9d700000) (1024K)]
  0x000002627c43a900 JavaThread "Build operations"                  [_thread_blocked, id=17964, stack(0x0000008ea7e00000,0x0000008ea7f00000) (1024K)]
  0x000002627c439550 JavaThread "Build operations Thread 2"         [_thread_blocked, id=19476, stack(0x0000008ea8200000,0x0000008ea8300000) (1024K)]
  0x000002627c43af90 JavaThread "Build operations Thread 3"         [_thread_blocked, id=7008, stack(0x0000008ea8400000,0x0000008ea8500000) (1024K)]
  0x000002627c437b10 JavaThread "Build operations Thread 4"         [_thread_blocked, id=10324, stack(0x0000008e9d800000,0x0000008e9d900000) (1024K)]
  0x000002627c43c9d0 JavaThread "Build operations Thread 5"         [_thread_blocked, id=11832, stack(0x0000008ea8500000,0x0000008ea8600000) (1024K)]
  0x000002627c43f7c0 JavaThread "Build operations Thread 6"         [_thread_blocked, id=17756, stack(0x0000008ea8600000,0x0000008ea8700000) (1024K)]
  0x000002627c43d060 JavaThread "Build operations Thread 7"         [_thread_blocked, id=25520, stack(0x0000008ea8700000,0x0000008ea8800000) (1024K)]
Total: 159

Other Threads:
=>0x00000262666184d0 VMThread "VM Thread"                           [id=16124, stack(0x0000008e9e000000,0x0000008e9e100000) (1024K)]
  0x00000262665b6d80 WatcherThread "VM Periodic Task Thread"        [id=22228, stack(0x0000008e9df00000,0x0000008e9e000000) (1024K)]
  0x000002624ef86320 WorkerThread "GC Thread#0"                     [id=24180, stack(0x0000008e9da00000,0x0000008e9db00000) (1024K)]
  0x0000026266af4d50 WorkerThread "GC Thread#1"                     [id=17640, stack(0x0000008e9ec00000,0x0000008e9ed00000) (1024K)]
  0x000002626b4c1fe0 WorkerThread "GC Thread#2"                     [id=8588, stack(0x0000008e9ed00000,0x0000008e9ee00000) (1024K)]
  0x000002626b4e2960 WorkerThread "GC Thread#3"                     [id=24848, stack(0x0000008e9ee00000,0x0000008e9ef00000) (1024K)]
  0x000002626bde18c0 WorkerThread "GC Thread#4"                     [id=3976, stack(0x0000008e9ef00000,0x0000008e9f000000) (1024K)]
  0x000002626d234590 WorkerThread "GC Thread#5"                     [id=7348, stack(0x0000008e9f500000,0x0000008e9f600000) (1024K)]
  0x000002626d235ef0 WorkerThread "GC Thread#6"                     [id=24284, stack(0x0000008e9f600000,0x0000008e9f700000) (1024K)]
  0x000002626d235070 WorkerThread "GC Thread#7"                     [id=24632, stack(0x0000008e9f700000,0x0000008e9f800000) (1024K)]
  0x000002624ef97f50 ConcurrentGCThread "G1 Main Marker"            [id=17288, stack(0x0000008e9db00000,0x0000008e9dc00000) (1024K)]
  0x000002624ef99000 WorkerThread "G1 Conc#0"                       [id=1848, stack(0x0000008e9dc00000,0x0000008e9dd00000) (1024K)]
  0x000002626d235410 WorkerThread "G1 Conc#1"                       [id=17444, stack(0x0000008e9fc00000,0x0000008e9fd00000) (1024K)]
  0x000002624efeeb30 ConcurrentGCThread "G1 Refine#0"               [id=25160, stack(0x0000008e9dd00000,0x0000008e9de00000) (1024K)]
  0x00000262664886f0 ConcurrentGCThread "G1 Service"                [id=24044, stack(0x0000008e9de00000,0x0000008e9df00000) (1024K)]
Total: 15

Threads with active compile tasks:
C2 CompilerThread0  106591 30429   !   4       java.nio.file.FileTreeWalker::next (144 bytes)
Total: 1

VM state: at safepoint (normal execution)

VM Mutex/Monitor currently owned by a thread:  ([mutex/lock_event])
[0x00007ffb3bcc8690] Threads_lock - owner thread: 0x00000262666184d0
[0x00007ffb3bcc8790] Heap_lock - owner thread: 0x000002626d5d7a80

Heap address: 0x0000000080000000, size: 2048 MB, Compressed Oops mode: 32-bit

CDS archive(s) not mapped
Compressed class space mapped at: 0x0000000100000000-0x0000000140000000, reserved size: 1073741824
Narrow klass base: 0x0000000000000000, Narrow klass shift: 3, Narrow klass range: 0x140000000

GC Precious Log:
 CardTable entry size: 512
 Card Set container configuration: InlinePtr #cards 5 size 8 Array Of Cards #cards 12 size 40 Howl #buckets 4 coarsen threshold 1843 Howl Bitmap #cards 512 size 80 coarsen threshold 460 Card regions per heap region 1 cards per card region 2048
 CPUs: 8 total, 8 available
 Memory: 7970M
 Large Page Support: Disabled
 NUMA Support: Disabled
 Compressed Oops: Enabled (32-bit)
 Heap Region Size: 1M
 Heap Min Capacity: 8M
 Heap Initial Capacity: 126M
 Heap Max Capacity: 2G
 Pre-touch: Disabled
 Parallel Workers: 8
 Concurrent Workers: 2
 Concurrent Refinement Workers: 8
 Periodic GC: Disabled

Heap:
 garbage-first heap   total 472064K, used 221826K [0x0000000080000000, 0x0000000100000000)
  region size 1024K, 4 young (4096K), 4 survivors (4096K)
 Metaspace       used 205720K, committed 208384K, reserved 1245184K
  class space    used 26892K, committed 28160K, reserved 1048576K

Heap Regions: E=young(eden), S=young(survivor), O=old, HS=humongous(starts), HC=humongous(continues), CS=collection set, F=free, TAMS=top-at-mark-start, PB=parsable bottom
|   0|0x0000000080000000, 0x0000000080100000, 0x0000000080100000|100%|HS|  |TAMS 0x0000000080100000| PB 0x0000000080000000| Complete 
|   1|0x0000000080100000, 0x0000000080200000, 0x0000000080200000|100%|HC|  |TAMS 0x0000000080200000| PB 0x0000000080100000| Complete 
|   2|0x0000000080200000, 0x0000000080300000, 0x0000000080300000|100%|HC|  |TAMS 0x0000000080300000| PB 0x0000000080200000| Complete 
|   3|0x0000000080300000, 0x0000000080400000, 0x0000000080400000|100%| O|  |TAMS 0x0000000080400000| PB 0x0000000080300000| Untracked 
|   4|0x0000000080400000, 0x0000000080500000, 0x0000000080500000|100%| O|  |TAMS 0x0000000080500000| PB 0x0000000080400000| Untracked 
|   5|0x0000000080500000, 0x0000000080600000, 0x0000000080600000|100%|HS|  |TAMS 0x0000000080600000| PB 0x0000000080500000| Complete 
|   6|0x0000000080600000, 0x0000000080700000, 0x0000000080700000|100%| O|  |TAMS 0x0000000080700000| PB 0x0000000080600000| Untracked 
|   7|0x0000000080700000, 0x0000000080800000, 0x0000000080800000|100%| O|  |TAMS 0x0000000080800000| PB 0x0000000080700000| Untracked 
|   8|0x0000000080800000, 0x0000000080900000, 0x0000000080900000|100%| O|  |TAMS 0x0000000080900000| PB 0x0000000080800000| Updating 
|   9|0x0000000080900000, 0x0000000080a00000, 0x0000000080a00000|100%| O|  |TAMS 0x0000000080a00000| PB 0x0000000080900000| Untracked 
|  10|0x0000000080a00000, 0x0000000080b00000, 0x0000000080b00000|100%| O|  |TAMS 0x0000000080b00000| PB 0x0000000080a00000| Untracked 
|  11|0x0000000080b00000, 0x0000000080c00000, 0x0000000080c00000|100%| O|  |TAMS 0x0000000080c00000| PB 0x0000000080b00000| Untracked 
|  12|0x0000000080c00000, 0x0000000080d00000, 0x0000000080d00000|100%| O|  |TAMS 0x0000000080d00000| PB 0x0000000080c00000| Untracked 
|  13|0x0000000080d00000, 0x0000000080e00000, 0x0000000080e00000|100%| O|  |TAMS 0x0000000080e00000| PB 0x0000000080d00000| Untracked 
|  14|0x0000000080e00000, 0x0000000080f00000, 0x0000000080f00000|100%| O|  |TAMS 0x0000000080f00000| PB 0x0000000080e00000| Untracked 
|  15|0x0000000080f00000, 0x0000000081000000, 0x0000000081000000|100%| O|  |TAMS 0x0000000081000000| PB 0x0000000080f00000| Untracked 
|  16|0x0000000081000000, 0x0000000081100000, 0x0000000081100000|100%| O|  |TAMS 0x0000000081100000| PB 0x0000000081000000| Untracked 
|  17|0x0000000081100000, 0x0000000081200000, 0x0000000081200000|100%| O|  |TAMS 0x0000000081200000| PB 0x0000000081100000| Untracked 
|  18|0x0000000081200000, 0x0000000081300000, 0x0000000081300000|100%| O|  |TAMS 0x0000000081300000| PB 0x0000000081200000| Updating 
|  19|0x0000000081300000, 0x0000000081400000, 0x0000000081400000|100%| O|  |TAMS 0x0000000081400000| PB 0x0000000081300000| Untracked 
|  20|0x0000000081400000, 0x0000000081500000, 0x0000000081500000|100%| O|  |TAMS 0x0000000081500000| PB 0x0000000081400000| Updating 
|  21|0x0000000081500000, 0x0000000081600000, 0x0000000081600000|100%| O|  |TAMS 0x0000000081600000| PB 0x0000000081500000| Untracked 
|  22|0x0000000081600000, 0x0000000081700000, 0x0000000081700000|100%| O|  |TAMS 0x0000000081700000| PB 0x0000000081600000| Untracked 
|  23|0x0000000081700000, 0x0000000081800000, 0x0000000081800000|100%| O|  |TAMS 0x0000000081800000| PB 0x0000000081700000| Untracked 
|  24|0x0000000081800000, 0x0000000081900000, 0x0000000081900000|100%| O|  |TAMS 0x0000000081900000| PB 0x0000000081800000| Untracked 
|  25|0x0000000081900000, 0x0000000081a00000, 0x0000000081a00000|100%| O|  |TAMS 0x0000000081a00000| PB 0x0000000081900000| Untracked 
|  26|0x0000000081a00000, 0x0000000081b00000, 0x0000000081b00000|100%| O|  |TAMS 0x0000000081b00000| PB 0x0000000081a00000| Untracked 
|  27|0x0000000081b00000, 0x0000000081c00000, 0x0000000081c00000|100%| O|  |TAMS 0x0000000081c00000| PB 0x0000000081b00000| Untracked 
|  28|0x0000000081c00000, 0x0000000081d00000, 0x0000000081d00000|100%| O|  |TAMS 0x0000000081d00000| PB 0x0000000081c00000| Untracked 
|  29|0x0000000081d00000, 0x0000000081e00000, 0x0000000081e00000|100%| O|  |TAMS 0x0000000081e00000| PB 0x0000000081d00000| Untracked 
|  30|0x0000000081e00000, 0x0000000081f00000, 0x0000000081f00000|100%| O|  |TAMS 0x0000000081f00000| PB 0x0000000081e00000| Updating 
|  31|0x0000000081f00000, 0x0000000082000000, 0x0000000082000000|100%| O|  |TAMS 0x0000000082000000| PB 0x0000000081f00000| Untracked 
|  32|0x0000000082000000, 0x0000000082100000, 0x0000000082100000|100%|HS|  |TAMS 0x0000000082100000| PB 0x0000000082000000| Complete 
|  33|0x0000000082100000, 0x0000000082200000, 0x0000000082200000|100%| O|  |TAMS 0x0000000082200000| PB 0x0000000082100000| Untracked 
|  34|0x0000000082200000, 0x0000000082300000, 0x0000000082300000|100%| O|  |TAMS 0x0000000082300000| PB 0x0000000082200000| Untracked 
|  35|0x0000000082300000, 0x0000000082400000, 0x0000000082400000|100%| O|  |TAMS 0x0000000082400000| PB 0x0000000082300000| Untracked 
|  36|0x0000000082400000, 0x0000000082500000, 0x0000000082500000|100%| O|  |TAMS 0x0000000082500000| PB 0x0000000082400000| Untracked 
|  37|0x0000000082500000, 0x0000000082600000, 0x0000000082600000|100%|HS|  |TAMS 0x0000000082600000| PB 0x0000000082500000| Complete 
|  38|0x0000000082600000, 0x0000000082700000, 0x0000000082700000|100%|HC|  |TAMS 0x0000000082700000| PB 0x0000000082600000| Complete 
|  39|0x0000000082700000, 0x0000000082800000, 0x0000000082800000|100%| O|  |TAMS 0x0000000082800000| PB 0x0000000082700000| Untracked 
|  40|0x0000000082800000, 0x0000000082900000, 0x0000000082900000|100%| O|  |TAMS 0x0000000082900000| PB 0x0000000082800000| Updating 
|  41|0x0000000082900000, 0x0000000082a00000, 0x0000000082a00000|100%| O|  |TAMS 0x0000000082900000| PB 0x0000000082900000| Untracked 
|  42|0x0000000082a00000, 0x0000000082b00000, 0x0000000082b00000|100%| O|  |TAMS 0x0000000082b00000| PB 0x0000000082b00000| Untracked 
|  43|0x0000000082b00000, 0x0000000082c00000, 0x0000000082c00000|100%|HS|  |TAMS 0x0000000082c00000| PB 0x0000000082b00000| Complete 
|  44|0x0000000082c00000, 0x0000000082d00000, 0x0000000082d00000|100%| O|  |TAMS 0x0000000082d00000| PB 0x0000000082d00000| Untracked 
|  45|0x0000000082d00000, 0x0000000082e00000, 0x0000000082e00000|100%| O|  |TAMS 0x0000000082e00000| PB 0x0000000082e00000| Updating 
|  46|0x0000000082e00000, 0x0000000082f00000, 0x0000000082f00000|100%| O|  |TAMS 0x0000000082f00000| PB 0x0000000082f00000| Untracked 
|  47|0x0000000082f00000, 0x0000000083000000, 0x0000000083000000|100%|HS|  |TAMS 0x0000000083000000| PB 0x0000000082f00000| Complete 
|  48|0x0000000083000000, 0x0000000083100000, 0x0000000083100000|100%| O|  |TAMS 0x0000000083100000| PB 0x0000000083100000| Untracked 
|  49|0x0000000083100000, 0x0000000083200000, 0x0000000083200000|100%| O|  |TAMS 0x0000000083200000| PB 0x0000000083200000| Updating 
|  50|0x0000000083200000, 0x0000000083300000, 0x0000000083300000|100%| O|  |TAMS 0x0000000083300000| PB 0x0000000083300000| Updating 
|  51|0x0000000083300000, 0x0000000083400000, 0x0000000083400000|100%| O|  |TAMS 0x0000000083400000| PB 0x0000000083400000| Untracked 
|  52|0x0000000083400000, 0x0000000083500000, 0x0000000083500000|100%| O|  |TAMS 0x0000000083500000| PB 0x0000000083500000| Untracked 
|  53|0x0000000083500000, 0x0000000083600000, 0x0000000083600000|100%|HS|  |TAMS 0x0000000083600000| PB 0x0000000083500000| Complete 
|  54|0x0000000083600000, 0x0000000083700000, 0x0000000083700000|100%|HS|  |TAMS 0x0000000083700000| PB 0x0000000083600000| Complete 
|  55|0x0000000083700000, 0x0000000083800000, 0x0000000083800000|100%|HS|  |TAMS 0x0000000083800000| PB 0x0000000083700000| Complete 
|  56|0x0000000083800000, 0x0000000083900000, 0x0000000083900000|100%|HC|  |TAMS 0x0000000083900000| PB 0x0000000083800000| Complete 
|  57|0x0000000083900000, 0x0000000083a00000, 0x0000000083a00000|100%|HS|  |TAMS 0x0000000083a00000| PB 0x0000000083900000| Complete 
|  58|0x0000000083a00000, 0x0000000083b00000, 0x0000000083b00000|100%| O|  |TAMS 0x0000000083b00000| PB 0x0000000083b00000| Untracked 
|  59|0x0000000083b00000, 0x0000000083c00000, 0x0000000083c00000|100%| O|  |TAMS 0x0000000083c00000| PB 0x0000000083c00000| Untracked 
|  60|0x0000000083c00000, 0x0000000083d00000, 0x0000000083d00000|100%| O|  |TAMS 0x0000000083d00000| PB 0x0000000083d00000| Untracked 
|  61|0x0000000083d00000, 0x0000000083e00000, 0x0000000083e00000|100%|HS|  |TAMS 0x0000000083e00000| PB 0x0000000083d00000| Complete 
|  62|0x0000000083e00000, 0x0000000083f00000, 0x0000000083f00000|100%| O|  |TAMS 0x0000000083f00000| PB 0x0000000083f00000| Untracked 
|  63|0x0000000083f00000, 0x0000000084000000, 0x0000000084000000|100%|HS|  |TAMS 0x0000000084000000| PB 0x0000000083f00000| Complete 
|  64|0x0000000084000000, 0x0000000084100000, 0x0000000084100000|100%|HC|  |TAMS 0x0000000084100000| PB 0x0000000084000000| Complete 
|  65|0x0000000084100000, 0x0000000084200000, 0x0000000084200000|100%| O|  |TAMS 0x0000000084200000| PB 0x0000000084200000| Untracked 
|  66|0x0000000084200000, 0x0000000084300000, 0x0000000084300000|100%| O|  |TAMS 0x0000000084300000| PB 0x0000000084300000| Updating 
|  67|0x0000000084300000, 0x0000000084400000, 0x0000000084400000|100%| O|  |TAMS 0x0000000084400000| PB 0x0000000084400000| Untracked 
|  68|0x0000000084400000, 0x0000000084500000, 0x0000000084500000|100%| O|  |TAMS 0x0000000084500000| PB 0x0000000084500000| Untracked 
|  69|0x0000000084500000, 0x0000000084600000, 0x0000000084600000|100%| O|  |TAMS 0x0000000084600000| PB 0x0000000084600000| Untracked 
|  70|0x0000000084600000, 0x0000000084700000, 0x0000000084700000|100%| O|  |TAMS 0x0000000084700000| PB 0x0000000084700000| Updating 
|  71|0x0000000084700000, 0x0000000084800000, 0x0000000084800000|100%| O|  |TAMS 0x0000000084800000| PB 0x0000000084800000| Untracked 
|  72|0x0000000084800000, 0x0000000084900000, 0x0000000084900000|100%| O|  |TAMS 0x0000000084900000| PB 0x0000000084900000| Untracked 
|  73|0x0000000084900000, 0x0000000084a00000, 0x0000000084a00000|100%| O|  |TAMS 0x0000000084a00000| PB 0x0000000084a00000| Untracked 
|  74|0x0000000084a00000, 0x0000000084b00000, 0x0000000084b00000|100%| O|  |TAMS 0x0000000084b00000| PB 0x0000000084b00000| Untracked 
|  75|0x0000000084b00000, 0x0000000084c00000, 0x0000000084c00000|100%| O|  |TAMS 0x0000000084c00000| PB 0x0000000084c00000| Untracked 
|  76|0x0000000084c00000, 0x0000000084d00000, 0x0000000084d00000|100%| O|  |TAMS 0x0000000084d00000| PB 0x0000000084d00000| Untracked 
|  77|0x0000000084d00000, 0x0000000084e00000, 0x0000000084e00000|100%| O|  |TAMS 0x0000000084e00000| PB 0x0000000084e00000| Updating 
|  78|0x0000000084e00000, 0x0000000084f00000, 0x0000000084f00000|100%| O|  |TAMS 0x0000000084f00000| PB 0x0000000084f00000| Untracked 
|  79|0x0000000084f00000, 0x0000000085000000, 0x0000000085000000|100%| O|  |TAMS 0x0000000085000000| PB 0x0000000085000000| Untracked 
|  80|0x0000000085000000, 0x0000000085100000, 0x0000000085100000|100%| O|  |TAMS 0x0000000085100000| PB 0x0000000085100000| Updating 
|  81|0x0000000085100000, 0x0000000085200000, 0x0000000085200000|100%| O|  |TAMS 0x0000000085200000| PB 0x0000000085200000| Updating 
|  82|0x0000000085200000, 0x0000000085300000, 0x0000000085300000|100%| O|  |TAMS 0x0000000085300000| PB 0x0000000085300000| Untracked 
|  83|0x0000000085300000, 0x0000000085400000, 0x0000000085400000|100%| O|  |TAMS 0x0000000085400000| PB 0x0000000085400000| Untracked 
|  84|0x0000000085400000, 0x0000000085500000, 0x0000000085500000|100%| O|  |TAMS 0x0000000085500000| PB 0x0000000085500000| Untracked 
|  85|0x0000000085500000, 0x0000000085600000, 0x0000000085600000|100%| O|  |TAMS 0x0000000085600000| PB 0x0000000085600000| Untracked 
|  86|0x0000000085600000, 0x0000000085700000, 0x0000000085700000|100%| O|  |TAMS 0x0000000085700000| PB 0x0000000085700000| Untracked 
|  87|0x0000000085700000, 0x0000000085800000, 0x0000000085800000|100%| O|  |TAMS 0x0000000085800000| PB 0x0000000085800000| Untracked 
|  88|0x0000000085800000, 0x0000000085900000, 0x0000000085900000|100%| O|  |TAMS 0x0000000085900000| PB 0x0000000085900000| Untracked 
|  89|0x0000000085900000, 0x0000000085a00000, 0x0000000085a00000|100%| O|  |TAMS 0x0000000085a00000| PB 0x0000000085a00000| Untracked 
|  90|0x0000000085a00000, 0x0000000085b00000, 0x0000000085b00000|100%| O|  |TAMS 0x0000000085b00000| PB 0x0000000085b00000| Untracked 
|  91|0x0000000085b00000, 0x0000000085c00000, 0x0000000085c00000|100%| O|  |TAMS 0x0000000085c00000| PB 0x0000000085c00000| Updating 
|  92|0x0000000085c00000, 0x0000000085d00000, 0x0000000085d00000|100%| O|  |TAMS 0x0000000085d00000| PB 0x0000000085d00000| Untracked 
|  93|0x0000000085d00000, 0x0000000085e00000, 0x0000000085e00000|100%| O|  |TAMS 0x0000000085e00000| PB 0x0000000085e00000| Untracked 
|  94|0x0000000085e00000, 0x0000000085f00000, 0x0000000085f00000|100%| O|  |TAMS 0x0000000085f00000| PB 0x0000000085f00000| Untracked 
|  95|0x0000000085f00000, 0x0000000086000000, 0x0000000086000000|100%| O|  |TAMS 0x0000000086000000| PB 0x0000000086000000| Untracked 
|  96|0x0000000086000000, 0x0000000086100000, 0x0000000086100000|100%| O|  |TAMS 0x0000000086100000| PB 0x0000000086100000| Untracked 
|  97|0x0000000086100000, 0x0000000086200000, 0x0000000086200000|100%| O|  |TAMS 0x0000000086200000| PB 0x0000000086200000| Untracked 
|  98|0x0000000086200000, 0x0000000086300000, 0x0000000086300000|100%| O|  |TAMS 0x0000000086300000| PB 0x0000000086300000| Untracked 
|  99|0x0000000086300000, 0x0000000086400000, 0x0000000086400000|100%| O|  |TAMS 0x0000000086400000| PB 0x0000000086400000| Untracked 
| 100|0x0000000086400000, 0x0000000086500000, 0x0000000086500000|100%| O|  |TAMS 0x0000000086500000| PB 0x0000000086500000| Untracked 
| 101|0x0000000086500000, 0x0000000086600000, 0x0000000086600000|100%| O|  |TAMS 0x0000000086600000| PB 0x0000000086600000| Untracked 
| 102|0x0000000086600000, 0x0000000086700000, 0x0000000086700000|100%| O|  |TAMS 0x0000000086700000| PB 0x0000000086700000| Untracked 
| 103|0x0000000086700000, 0x0000000086800000, 0x0000000086800000|100%| O|  |TAMS 0x0000000086800000| PB 0x0000000086800000| Untracked 
| 104|0x0000000086800000, 0x0000000086900000, 0x0000000086900000|100%| O|  |TAMS 0x0000000086900000| PB 0x0000000086900000| Untracked 
| 105|0x0000000086900000, 0x0000000086a00000, 0x0000000086a00000|100%| O|  |TAMS 0x0000000086a00000| PB 0x0000000086a00000| Untracked 
| 106|0x0000000086a00000, 0x0000000086b00000, 0x0000000086b00000|100%| O|  |TAMS 0x0000000086b00000| PB 0x0000000086b00000| Untracked 
| 107|0x0000000086b00000, 0x0000000086c00000, 0x0000000086c00000|100%| O|  |TAMS 0x0000000086c00000| PB 0x0000000086c00000| Untracked 
| 108|0x0000000086c00000, 0x0000000086d00000, 0x0000000086d00000|100%| O|  |TAMS 0x0000000086d00000| PB 0x0000000086d00000| Untracked 
| 109|0x0000000086d00000, 0x0000000086e00000, 0x0000000086e00000|100%| O|  |TAMS 0x0000000086e00000| PB 0x0000000086e00000| Untracked 
| 110|0x0000000086e00000, 0x0000000086f00000, 0x0000000086f00000|100%| O|  |TAMS 0x0000000086f00000| PB 0x0000000086f00000| Untracked 
| 111|0x0000000086f00000, 0x0000000087000000, 0x0000000087000000|100%| O|  |TAMS 0x0000000087000000| PB 0x0000000087000000| Untracked 
| 112|0x0000000087000000, 0x0000000087100000, 0x0000000087100000|100%| O|  |TAMS 0x0000000087100000| PB 0x0000000087100000| Untracked 
| 113|0x0000000087100000, 0x0000000087200000, 0x0000000087200000|100%| O|  |TAMS 0x0000000087200000| PB 0x0000000087200000| Untracked 
| 114|0x0000000087200000, 0x0000000087300000, 0x0000000087300000|100%| O|  |TAMS 0x0000000087300000| PB 0x0000000087300000| Updating 
| 115|0x0000000087300000, 0x0000000087400000, 0x0000000087400000|100%| O|  |TAMS 0x0000000087400000| PB 0x0000000087400000| Updating 
| 116|0x0000000087400000, 0x0000000087500000, 0x0000000087500000|100%| O|  |TAMS 0x0000000087500000| PB 0x0000000087500000| Untracked 
| 117|0x0000000087500000, 0x0000000087600000, 0x0000000087600000|100%| O|  |TAMS 0x0000000087600000| PB 0x0000000087600000| Updating 
| 118|0x0000000087600000, 0x0000000087700000, 0x0000000087700000|100%| O|  |TAMS 0x0000000087700000| PB 0x0000000087700000| Updating 
| 119|0x0000000087700000, 0x0000000087800000, 0x0000000087800000|100%| O|  |TAMS 0x0000000087800000| PB 0x0000000087800000| Untracked 
| 120|0x0000000087800000, 0x0000000087900000, 0x0000000087900000|100%| O|  |TAMS 0x0000000087900000| PB 0x0000000087900000| Untracked 
| 121|0x0000000087900000, 0x0000000087a00000, 0x0000000087a00000|100%| O|  |TAMS 0x0000000087a00000| PB 0x0000000087a00000| Untracked 
| 122|0x0000000087a00000, 0x0000000087b00000, 0x0000000087b00000|100%| O|  |TAMS 0x0000000087b00000| PB 0x0000000087b00000| Untracked 
| 123|0x0000000087b00000, 0x0000000087c00000, 0x0000000087c00000|100%|HS|  |TAMS 0x0000000087c00000| PB 0x0000000087b00000| Complete 
| 124|0x0000000087c00000, 0x0000000087d00000, 0x0000000087d00000|100%|HC|  |TAMS 0x0000000087d00000| PB 0x0000000087c00000| Complete 
| 125|0x0000000087d00000, 0x0000000087e00000, 0x0000000087e00000|100%|HC|  |TAMS 0x0000000087e00000| PB 0x0000000087d00000| Complete 
| 126|0x0000000087e00000, 0x0000000087f00000, 0x0000000087f00000|100%|HC|  |TAMS 0x0000000087f00000| PB 0x0000000087e00000| Complete 
| 127|0x0000000087f00000, 0x0000000088000000, 0x0000000088000000|100%|HC|  |TAMS 0x0000000088000000| PB 0x0000000087f00000| Complete 
| 128|0x0000000088000000, 0x0000000088100000, 0x0000000088100000|100%| O|  |TAMS 0x0000000088100000| PB 0x0000000088100000| Untracked 
| 129|0x0000000088100000, 0x0000000088200000, 0x0000000088200000|100%| O|  |TAMS 0x0000000088200000| PB 0x0000000088200000| Updating 
| 130|0x0000000088200000, 0x0000000088300000, 0x0000000088300000|100%| O|  |TAMS 0x0000000088300000| PB 0x0000000088300000| Updating 
| 131|0x0000000088300000, 0x0000000088400000, 0x0000000088400000|100%| O|  |TAMS 0x0000000088400000| PB 0x0000000088400000| Updating 
| 132|0x0000000088400000, 0x0000000088500000, 0x0000000088500000|100%| O|  |TAMS 0x0000000088500000| PB 0x0000000088500000| Updating 
| 133|0x0000000088500000, 0x0000000088600000, 0x0000000088600000|100%| O|  |TAMS 0x0000000088600000| PB 0x0000000088600000| Updating 
| 134|0x0000000088600000, 0x0000000088700000, 0x0000000088700000|100%| O|  |TAMS 0x0000000088700000| PB 0x0000000088700000| Untracked 
| 135|0x0000000088700000, 0x0000000088800000, 0x0000000088800000|100%| O|  |TAMS 0x0000000088800000| PB 0x0000000088800000| Untracked 
| 136|0x0000000088800000, 0x0000000088900000, 0x0000000088900000|100%| O|  |TAMS 0x0000000088900000| PB 0x0000000088900000| Updating 
| 137|0x0000000088900000, 0x0000000088a00000, 0x0000000088a00000|100%| O|  |TAMS 0x0000000088a00000| PB 0x0000000088a00000| Updating 
| 138|0x0000000088a00000, 0x0000000088b00000, 0x0000000088b00000|100%| O|  |TAMS 0x0000000088b00000| PB 0x0000000088b00000| Updating 
| 139|0x0000000088b00000, 0x0000000088c00000, 0x0000000088c00000|100%| O|  |TAMS 0x0000000088c00000| PB 0x0000000088c00000| Updating 
| 140|0x0000000088c00000, 0x0000000088d00000, 0x0000000088d00000|100%| O|  |TAMS 0x0000000088d00000| PB 0x0000000088d00000| Updating 
| 141|0x0000000088d00000, 0x0000000088e00000, 0x0000000088e00000|100%| O|  |TAMS 0x0000000088e00000| PB 0x0000000088e00000| Untracked 
| 142|0x0000000088e00000, 0x0000000088f00000, 0x0000000088f00000|100%| O|  |TAMS 0x0000000088e00000| PB 0x0000000088e00000| Untracked 
| 143|0x0000000088f00000, 0x0000000089000000, 0x0000000089000000|100%| O|  |TAMS 0x0000000089000000| PB 0x0000000089000000| Updating 
| 144|0x0000000089000000, 0x0000000089100000, 0x0000000089100000|100%| O|  |TAMS 0x0000000089100000| PB 0x0000000089100000| Untracked 
| 145|0x0000000089100000, 0x0000000089200000, 0x0000000089200000|100%| O|  |TAMS 0x0000000089200000| PB 0x0000000089200000| Untracked 
| 146|0x0000000089200000, 0x0000000089300000, 0x0000000089300000|100%| O|  |TAMS 0x0000000089300000| PB 0x0000000089300000| Updating 
| 147|0x0000000089300000, 0x0000000089400000, 0x0000000089400000|100%| O|  |TAMS 0x0000000089300000| PB 0x0000000089300000| Untracked 
| 148|0x0000000089400000, 0x0000000089500000, 0x0000000089500000|100%| O|  |TAMS 0x0000000089500000| PB 0x0000000089500000| Updating 
| 149|0x0000000089500000, 0x0000000089600000, 0x0000000089600000|100%| O|  |TAMS 0x0000000089600000| PB 0x0000000089600000| Untracked 
| 150|0x0000000089600000, 0x0000000089700000, 0x0000000089700000|100%| O|  |TAMS 0x0000000089700000| PB 0x0000000089700000| Untracked 
| 151|0x0000000089700000, 0x0000000089800000, 0x0000000089800000|100%| O|  |TAMS 0x0000000089800000| PB 0x0000000089800000| Untracked 
| 152|0x0000000089800000, 0x0000000089900000, 0x0000000089900000|100%| O|  |TAMS 0x0000000089900000| PB 0x0000000089900000| Updating 
| 153|0x0000000089900000, 0x0000000089a00000, 0x0000000089a00000|100%| O|  |TAMS 0x0000000089a00000| PB 0x0000000089a00000| Updating 
| 154|0x0000000089a00000, 0x0000000089b00000, 0x0000000089b00000|100%| O|  |TAMS 0x0000000089b00000| PB 0x0000000089b00000| Updating 
| 155|0x0000000089b00000, 0x0000000089c00000, 0x0000000089c00000|100%| O|  |TAMS 0x0000000089c00000| PB 0x0000000089c00000| Updating 
| 156|0x0000000089c00000, 0x0000000089d00000, 0x0000000089d00000|100%| O|  |TAMS 0x0000000089d00000| PB 0x0000000089d00000| Updating 
| 157|0x0000000089d00000, 0x0000000089e00000, 0x0000000089e00000|100%| O|  |TAMS 0x0000000089e00000| PB 0x0000000089e00000| Untracked 
| 158|0x0000000089e00000, 0x0000000089f00000, 0x0000000089f00000|100%| O|  |TAMS 0x0000000089f00000| PB 0x0000000089f00000| Updating 
| 159|0x0000000089f00000, 0x000000008a000000, 0x000000008a000000|100%| O|  |TAMS 0x000000008a000000| PB 0x000000008a000000| Updating 
| 160|0x000000008a000000, 0x000000008a100000, 0x000000008a100000|100%| O|  |TAMS 0x000000008a100000| PB 0x000000008a100000| Untracked 
| 161|0x000000008a100000, 0x000000008a200000, 0x000000008a200000|100%| O|  |TAMS 0x000000008a200000| PB 0x000000008a200000| Untracked 
| 162|0x000000008a200000, 0x000000008a300000, 0x000000008a300000|100%| O|  |TAMS 0x000000008a300000| PB 0x000000008a300000| Untracked 
| 163|0x000000008a300000, 0x000000008a400000, 0x000000008a400000|100%| O|  |TAMS 0x000000008a300000| PB 0x000000008a300000| Untracked 
| 164|0x000000008a400000, 0x000000008a500000, 0x000000008a500000|100%| O|  |TAMS 0x000000008a400000| PB 0x000000008a400000| Untracked 
| 165|0x000000008a500000, 0x000000008a600000, 0x000000008a600000|100%| O|  |TAMS 0x000000008a500000| PB 0x000000008a500000| Untracked 
| 166|0x000000008a600000, 0x000000008a700000, 0x000000008a700000|100%| O|  |TAMS 0x000000008a600000| PB 0x000000008a600000| Untracked 
| 167|0x000000008a700000, 0x000000008a800000, 0x000000008a800000|100%|HS|  |TAMS 0x000000008a800000| PB 0x000000008a700000| Complete 
| 168|0x000000008a800000, 0x000000008a900000, 0x000000008a900000|100%|HC|  |TAMS 0x000000008a900000| PB 0x000000008a800000| Complete 
| 169|0x000000008a900000, 0x000000008aa00000, 0x000000008aa00000|100%|HS|  |TAMS 0x000000008aa00000| PB 0x000000008a900000| Complete 
| 170|0x000000008aa00000, 0x000000008ab00000, 0x000000008ab00000|100%|HC|  |TAMS 0x000000008ab00000| PB 0x000000008aa00000| Complete 
| 171|0x000000008ab00000, 0x000000008ac00000, 0x000000008ac00000|100%| O|  |TAMS 0x000000008ac00000| PB 0x000000008ac00000| Updating 
| 172|0x000000008ac00000, 0x000000008ad00000, 0x000000008ad00000|100%| O|  |TAMS 0x000000008ad00000| PB 0x000000008ad00000| Updating 
| 173|0x000000008ad00000, 0x000000008ae00000, 0x000000008ae00000|100%| O|  |TAMS 0x000000008ae00000| PB 0x000000008ae00000| Untracked 
| 174|0x000000008ae00000, 0x000000008af00000, 0x000000008af00000|100%| O|  |TAMS 0x000000008af00000| PB 0x000000008af00000| Updating 
| 175|0x000000008af00000, 0x000000008b000000, 0x000000008b000000|100%| O|  |TAMS 0x000000008af30600| PB 0x000000008af30600| Untracked 
| 176|0x000000008b000000, 0x000000008b100000, 0x000000008b100000|100%| O|  |TAMS 0x000000008b000000| PB 0x000000008b000000| Untracked 
| 177|0x000000008b100000, 0x000000008b200000, 0x000000008b200000|100%| O|  |TAMS 0x000000008b200000| PB 0x000000008b200000| Untracked 
| 178|0x000000008b200000, 0x000000008b300000, 0x000000008b300000|100%| O|  |TAMS 0x000000008b300000| PB 0x000000008b300000| Updating 
| 179|0x000000008b300000, 0x000000008b400000, 0x000000008b400000|100%| O|  |TAMS 0x000000008b400000| PB 0x000000008b400000| Updating 
| 180|0x000000008b400000, 0x000000008b500000, 0x000000008b500000|100%| O|  |TAMS 0x000000008b500000| PB 0x000000008b500000| Updating 
| 181|0x000000008b500000, 0x000000008b600000, 0x000000008b600000|100%| O|  |TAMS 0x000000008b600000| PB 0x000000008b600000| Updating 
| 182|0x000000008b600000, 0x000000008b700000, 0x000000008b700000|100%| O|  |TAMS 0x000000008b700000| PB 0x000000008b700000| Updating 
| 183|0x000000008b700000, 0x000000008b800000, 0x000000008b800000|100%| O|  |TAMS 0x000000008b700000| PB 0x000000008b700000| Untracked 
| 184|0x000000008b800000, 0x000000008b900000, 0x000000008b900000|100%| O|  |TAMS 0x000000008b900000| PB 0x000000008b900000| Updating 
| 185|0x000000008b900000, 0x000000008ba00000, 0x000000008ba00000|100%| O|  |TAMS 0x000000008ba00000| PB 0x000000008ba00000| Updating 
| 186|0x000000008ba00000, 0x000000008bb00000, 0x000000008bb00000|100%| O|  |TAMS 0x000000008bb00000| PB 0x000000008bb00000| Updating 
| 187|0x000000008bb00000, 0x000000008bc00000, 0x000000008bc00000|100%| O|  |TAMS 0x000000008bc00000| PB 0x000000008bc00000| Updating 
| 188|0x000000008bc00000, 0x000000008bd00000, 0x000000008bd00000|100%| O|  |TAMS 0x000000008bd00000| PB 0x000000008bd00000| Updating 
| 189|0x000000008bd00000, 0x000000008be00000, 0x000000008be00000|100%| O|  |TAMS 0x000000008be00000| PB 0x000000008be00000| Updating 
| 190|0x000000008be00000, 0x000000008bf00000, 0x000000008bf00000|100%| O|  |TAMS 0x000000008bf00000| PB 0x000000008bf00000| Updating 
| 191|0x000000008bf00000, 0x000000008c000000, 0x000000008c000000|100%| O|  |TAMS 0x000000008c000000| PB 0x000000008c000000| Untracked 
| 192|0x000000008c000000, 0x000000008c100000, 0x000000008c100000|100%| O|  |TAMS 0x000000008c100000| PB 0x000000008c100000| Updating 
| 193|0x000000008c100000, 0x000000008c200000, 0x000000008c200000|100%| O|  |TAMS 0x000000008c100000| PB 0x000000008c100000| Untracked 
| 194|0x000000008c200000, 0x000000008c300000, 0x000000008c300000|100%| O|  |TAMS 0x000000008c200000| PB 0x000000008c200000| Untracked 
| 195|0x000000008c300000, 0x000000008c400000, 0x000000008c400000|100%| O|  |TAMS 0x000000008c300000| PB 0x000000008c300000| Untracked 
| 196|0x000000008c400000, 0x000000008c500000, 0x000000008c500000|100%| O|  |TAMS 0x000000008c500000| PB 0x000000008c500000| Updating 
| 197|0x000000008c500000, 0x000000008c600000, 0x000000008c600000|100%| O|  |TAMS 0x000000008c500000| PB 0x000000008c500000| Untracked 
| 198|0x000000008c600000, 0x000000008c700000, 0x000000008c700000|100%| O|  |TAMS 0x000000008c600000| PB 0x000000008c600000| Untracked 
| 199|0x000000008c700000, 0x000000008c800000, 0x000000008c800000|100%| O|  |TAMS 0x000000008c700000| PB 0x000000008c700000| Untracked 
| 200|0x000000008c800000, 0x000000008c900000, 0x000000008c900000|100%| O|  |TAMS 0x000000008c800000| PB 0x000000008c800000| Untracked 
| 201|0x000000008c900000, 0x000000008c980000, 0x000000008ca00000| 50%| O|  |TAMS 0x000000008c900000| PB 0x000000008c900000| Updating 
| 202|0x000000008ca00000, 0x000000008ca00000, 0x000000008cb00000|  0%| F|  |TAMS 0x000000008ca00000| PB 0x000000008ca00000| Untracked 
| 203|0x000000008cb00000, 0x000000008cb00000, 0x000000008cc00000|  0%| F|  |TAMS 0x000000008cb00000| PB 0x000000008cb00000| Untracked 
| 204|0x000000008cc00000, 0x000000008cc00000, 0x000000008cd00000|  0%| F|  |TAMS 0x000000008cc00000| PB 0x000000008cc00000| Untracked 
| 205|0x000000008cd00000, 0x000000008cd00000, 0x000000008ce00000|  0%| F|  |TAMS 0x000000008cd00000| PB 0x000000008cd00000| Untracked 
| 206|0x000000008ce00000, 0x000000008ce00000, 0x000000008cf00000|  0%| F|  |TAMS 0x000000008ce00000| PB 0x000000008ce00000| Untracked 
| 207|0x000000008cf00000, 0x000000008cf00000, 0x000000008d000000|  0%| F|  |TAMS 0x000000008cf00000| PB 0x000000008cf00000| Untracked 
| 208|0x000000008d000000, 0x000000008d000000, 0x000000008d100000|  0%| F|  |TAMS 0x000000008d000000| PB 0x000000008d000000| Untracked 
| 209|0x000000008d100000, 0x000000008d200000, 0x000000008d200000|100%| O|  |TAMS 0x000000008d200000| PB 0x000000008d200000| Updating 
| 210|0x000000008d200000, 0x000000008d300000, 0x000000008d300000|100%| O|  |TAMS 0x000000008d300000| PB 0x000000008d300000| Updating 
| 211|0x000000008d300000, 0x000000008d400000, 0x000000008d400000|100%| O|  |TAMS 0x000000008d400000| PB 0x000000008d400000| Updating 
| 212|0x000000008d400000, 0x000000008d400000, 0x000000008d500000|  0%| F|  |TAMS 0x000000008d400000| PB 0x000000008d400000| Untracked 
| 213|0x000000008d500000, 0x000000008d500000, 0x000000008d600000|  0%| F|  |TAMS 0x000000008d500000| PB 0x000000008d500000| Untracked 
| 214|0x000000008d600000, 0x000000008d600000, 0x000000008d700000|  0%| F|  |TAMS 0x000000008d600000| PB 0x000000008d600000| Untracked 
| 215|0x000000008d700000, 0x000000008d700000, 0x000000008d800000|  0%| F|  |TAMS 0x000000008d700000| PB 0x000000008d700000| Untracked 
| 216|0x000000008d800000, 0x000000008d800000, 0x000000008d900000|  0%| F|  |TAMS 0x000000008d800000| PB 0x000000008d800000| Untracked 
| 217|0x000000008d900000, 0x000000008d900000, 0x000000008da00000|  0%| F|  |TAMS 0x000000008d900000| PB 0x000000008d900000| Untracked 
| 218|0x000000008da00000, 0x000000008da00000, 0x000000008db00000|  0%| F|  |TAMS 0x000000008da00000| PB 0x000000008da00000| Untracked 
| 219|0x000000008db00000, 0x000000008db00000, 0x000000008dc00000|  0%| F|  |TAMS 0x000000008db00000| PB 0x000000008db00000| Untracked 
| 220|0x000000008dc00000, 0x000000008dc00000, 0x000000008dd00000|  0%| F|  |TAMS 0x000000008dc00000| PB 0x000000008dc00000| Untracked 
| 221|0x000000008dd00000, 0x000000008dd00000, 0x000000008de00000|  0%| F|  |TAMS 0x000000008dd00000| PB 0x000000008dd00000| Untracked 
| 222|0x000000008de00000, 0x000000008de00000, 0x000000008df00000|  0%| F|  |TAMS 0x000000008de00000| PB 0x000000008de00000| Untracked 
| 223|0x000000008df00000, 0x000000008df00000, 0x000000008e000000|  0%| F|  |TAMS 0x000000008df00000| PB 0x000000008df00000| Untracked 
| 224|0x000000008e000000, 0x000000008e000000, 0x000000008e100000|  0%| F|  |TAMS 0x000000008e000000| PB 0x000000008e000000| Untracked 
| 225|0x000000008e100000, 0x000000008e100000, 0x000000008e200000|  0%| F|  |TAMS 0x000000008e100000| PB 0x000000008e100000| Untracked 
| 226|0x000000008e200000, 0x000000008e200000, 0x000000008e300000|  0%| F|  |TAMS 0x000000008e200000| PB 0x000000008e200000| Untracked 
| 227|0x000000008e300000, 0x000000008e300000, 0x000000008e400000|  0%| F|  |TAMS 0x000000008e300000| PB 0x000000008e300000| Untracked 
| 228|0x000000008e400000, 0x000000008e400000, 0x000000008e500000|  0%| F|  |TAMS 0x000000008e400000| PB 0x000000008e400000| Untracked 
| 229|0x000000008e500000, 0x000000008e500000, 0x000000008e600000|  0%| F|  |TAMS 0x000000008e500000| PB 0x000000008e500000| Untracked 
| 230|0x000000008e600000, 0x000000008e600000, 0x000000008e700000|  0%| F|  |TAMS 0x000000008e600000| PB 0x000000008e600000| Untracked 
| 231|0x000000008e700000, 0x000000008e800000, 0x000000008e800000|100%| O|  |TAMS 0x000000008e800000| PB 0x000000008e800000| Updating 
| 232|0x000000008e800000, 0x000000008e800000, 0x000000008e900000|  0%| F|  |TAMS 0x000000008e800000| PB 0x000000008e800000| Untracked 
| 233|0x000000008e900000, 0x000000008ea00000, 0x000000008ea00000|100%| O|  |TAMS 0x000000008ea00000| PB 0x000000008ea00000| Updating 
| 234|0x000000008ea00000, 0x000000008ea00000, 0x000000008eb00000|  0%| F|  |TAMS 0x000000008ea00000| PB 0x000000008ea00000| Untracked 
| 235|0x000000008eb00000, 0x000000008eb00000, 0x000000008ec00000|  0%| F|  |TAMS 0x000000008eb00000| PB 0x000000008eb00000| Untracked 
| 236|0x000000008ec00000, 0x000000008ec00000, 0x000000008ed00000|  0%| F|  |TAMS 0x000000008ec00000| PB 0x000000008ec00000| Untracked 
| 237|0x000000008ed00000, 0x000000008ed00000, 0x000000008ee00000|  0%| F|  |TAMS 0x000000008ed00000| PB 0x000000008ed00000| Untracked 
| 238|0x000000008ee00000, 0x000000008ee00000, 0x000000008ef00000|  0%| F|  |TAMS 0x000000008ee00000| PB 0x000000008ee00000| Untracked 
| 239|0x000000008ef00000, 0x000000008ef00000, 0x000000008f000000|  0%| F|  |TAMS 0x000000008ef00000| PB 0x000000008ef00000| Untracked 
| 240|0x000000008f000000, 0x000000008f000000, 0x000000008f100000|  0%| F|  |TAMS 0x000000008f000000| PB 0x000000008f000000| Untracked 
| 241|0x000000008f100000, 0x000000008f100000, 0x000000008f200000|  0%| F|  |TAMS 0x000000008f100000| PB 0x000000008f100000| Untracked 
| 242|0x000000008f200000, 0x000000008f200000, 0x000000008f300000|  0%| F|  |TAMS 0x000000008f200000| PB 0x000000008f200000| Untracked 
| 243|0x000000008f300000, 0x000000008f300000, 0x000000008f400000|  0%| F|  |TAMS 0x000000008f300000| PB 0x000000008f300000| Untracked 
| 244|0x000000008f400000, 0x000000008f400000, 0x000000008f500000|  0%| F|  |TAMS 0x000000008f400000| PB 0x000000008f400000| Untracked 
| 245|0x000000008f500000, 0x000000008f500000, 0x000000008f600000|  0%| F|  |TAMS 0x000000008f500000| PB 0x000000008f500000| Untracked 
| 246|0x000000008f600000, 0x000000008f600000, 0x000000008f700000|  0%| F|  |TAMS 0x000000008f600000| PB 0x000000008f600000| Untracked 
| 247|0x000000008f700000, 0x000000008f800000, 0x000000008f800000|100%| O|  |TAMS 0x000000008f800000| PB 0x000000008f800000| Updating 
| 248|0x000000008f800000, 0x000000008f800000, 0x000000008f900000|  0%| F|  |TAMS 0x000000008f800000| PB 0x000000008f800000| Untracked 
| 249|0x000000008f900000, 0x000000008f900000, 0x000000008fa00000|  0%| F|  |TAMS 0x000000008f900000| PB 0x000000008f900000| Untracked 
| 250|0x000000008fa00000, 0x000000008fa00000, 0x000000008fb00000|  0%| F|  |TAMS 0x000000008fa00000| PB 0x000000008fa00000| Untracked 
| 251|0x000000008fb00000, 0x000000008fb00000, 0x000000008fc00000|  0%| F|  |TAMS 0x000000008fb00000| PB 0x000000008fb00000| Untracked 
| 252|0x000000008fc00000, 0x000000008fc00000, 0x000000008fd00000|  0%| F|  |TAMS 0x000000008fc00000| PB 0x000000008fc00000| Untracked 
| 253|0x000000008fd00000, 0x000000008fd20a30, 0x000000008fe00000| 12%| S|CS|TAMS 0x000000008fd00000| PB 0x000000008fd00000| Complete 
| 254|0x000000008fe00000, 0x000000008ff00000, 0x000000008ff00000|100%| S|CS|TAMS 0x000000008fe00000| PB 0x000000008fe00000| Complete 
| 255|0x000000008ff00000, 0x0000000090000000, 0x0000000090000000|100%| S|CS|TAMS 0x000000008ff00000| PB 0x000000008ff00000| Complete 
| 256|0x0000000090000000, 0x0000000090100000, 0x0000000090100000|100%| S|CS|TAMS 0x0000000090000000| PB 0x0000000090000000| Complete 
| 257|0x0000000090100000, 0x0000000090100000, 0x0000000090200000|  0%| F|  |TAMS 0x0000000090100000| PB 0x0000000090100000| Untracked 
| 258|0x0000000090200000, 0x0000000090200000, 0x0000000090300000|  0%| F|  |TAMS 0x0000000090200000| PB 0x0000000090200000| Untracked 
| 259|0x0000000090300000, 0x0000000090300000, 0x0000000090400000|  0%| F|  |TAMS 0x0000000090300000| PB 0x0000000090300000| Untracked 
| 260|0x0000000090400000, 0x0000000090400000, 0x0000000090500000|  0%| F|  |TAMS 0x0000000090400000| PB 0x0000000090400000| Untracked 
| 261|0x0000000090500000, 0x0000000090500000, 0x0000000090600000|  0%| F|  |TAMS 0x0000000090500000| PB 0x0000000090500000| Untracked 
| 262|0x0000000090600000, 0x0000000090600000, 0x0000000090700000|  0%| F|  |TAMS 0x0000000090600000| PB 0x0000000090600000| Untracked 
| 263|0x0000000090700000, 0x0000000090700000, 0x0000000090800000|  0%| F|  |TAMS 0x0000000090700000| PB 0x0000000090700000| Untracked 
| 264|0x0000000090800000, 0x0000000090800000, 0x0000000090900000|  0%| F|  |TAMS 0x0000000090800000| PB 0x0000000090800000| Untracked 
| 265|0x0000000090900000, 0x0000000090900000, 0x0000000090a00000|  0%| F|  |TAMS 0x0000000090900000| PB 0x0000000090900000| Untracked 
| 266|0x0000000090a00000, 0x0000000090a00000, 0x0000000090b00000|  0%| F|  |TAMS 0x0000000090a00000| PB 0x0000000090a00000| Untracked 
| 267|0x0000000090b00000, 0x0000000090b00000, 0x0000000090c00000|  0%| F|  |TAMS 0x0000000090b00000| PB 0x0000000090b00000| Untracked 
| 268|0x0000000090c00000, 0x0000000090c00000, 0x0000000090d00000|  0%| F|  |TAMS 0x0000000090c00000| PB 0x0000000090c00000| Untracked 
| 269|0x0000000090d00000, 0x0000000090d00000, 0x0000000090e00000|  0%| F|  |TAMS 0x0000000090d00000| PB 0x0000000090d00000| Untracked 
| 270|0x0000000090e00000, 0x0000000090e00000, 0x0000000090f00000|  0%| F|  |TAMS 0x0000000090e00000| PB 0x0000000090e00000| Untracked 
| 271|0x0000000090f00000, 0x0000000090f00000, 0x0000000091000000|  0%| F|  |TAMS 0x0000000090f00000| PB 0x0000000090f00000| Untracked 
| 272|0x0000000091000000, 0x0000000091000000, 0x0000000091100000|  0%| F|  |TAMS 0x0000000091000000| PB 0x0000000091000000| Untracked 
| 273|0x0000000091100000, 0x0000000091100000, 0x0000000091200000|  0%| F|  |TAMS 0x0000000091100000| PB 0x0000000091100000| Untracked 
| 274|0x0000000091200000, 0x0000000091200000, 0x0000000091300000|  0%| F|  |TAMS 0x0000000091200000| PB 0x0000000091200000| Untracked 
| 275|0x0000000091300000, 0x0000000091300000, 0x0000000091400000|  0%| F|  |TAMS 0x0000000091300000| PB 0x0000000091300000| Untracked 
| 276|0x0000000091400000, 0x0000000091400000, 0x0000000091500000|  0%| F|  |TAMS 0x0000000091400000| PB 0x0000000091400000| Untracked 
| 277|0x0000000091500000, 0x0000000091500000, 0x0000000091600000|  0%| F|  |TAMS 0x0000000091500000| PB 0x0000000091500000| Untracked 
| 278|0x0000000091600000, 0x0000000091600000, 0x0000000091700000|  0%| F|  |TAMS 0x0000000091600000| PB 0x0000000091600000| Untracked 
| 279|0x0000000091700000, 0x0000000091700000, 0x0000000091800000|  0%| F|  |TAMS 0x0000000091700000| PB 0x0000000091700000| Untracked 
| 280|0x0000000091800000, 0x0000000091800000, 0x0000000091900000|  0%| F|  |TAMS 0x0000000091800000| PB 0x0000000091800000| Untracked 
| 281|0x0000000091900000, 0x0000000091900000, 0x0000000091a00000|  0%| F|  |TAMS 0x0000000091900000| PB 0x0000000091900000| Untracked 
| 282|0x0000000091a00000, 0x0000000091a00000, 0x0000000091b00000|  0%| F|  |TAMS 0x0000000091a00000| PB 0x0000000091a00000| Untracked 
| 283|0x0000000091b00000, 0x0000000091b00000, 0x0000000091c00000|  0%| F|  |TAMS 0x0000000091b00000| PB 0x0000000091b00000| Untracked 
| 284|0x0000000091c00000, 0x0000000091c00000, 0x0000000091d00000|  0%| F|  |TAMS 0x0000000091c00000| PB 0x0000000091c00000| Untracked 
| 285|0x0000000091d00000, 0x0000000091d00000, 0x0000000091e00000|  0%| F|  |TAMS 0x0000000091d00000| PB 0x0000000091d00000| Untracked 
| 286|0x0000000091e00000, 0x0000000091e00000, 0x0000000091f00000|  0%| F|  |TAMS 0x0000000091e00000| PB 0x0000000091e00000| Untracked 
| 287|0x0000000091f00000, 0x0000000091f00000, 0x0000000092000000|  0%| F|  |TAMS 0x0000000091f00000| PB 0x0000000091f00000| Untracked 
| 288|0x0000000092000000, 0x0000000092000000, 0x0000000092100000|  0%| F|  |TAMS 0x0000000092000000| PB 0x0000000092000000| Untracked 
| 289|0x0000000092100000, 0x0000000092100000, 0x0000000092200000|  0%| F|  |TAMS 0x0000000092100000| PB 0x0000000092100000| Untracked 
| 290|0x0000000092200000, 0x0000000092200000, 0x0000000092300000|  0%| F|  |TAMS 0x0000000092200000| PB 0x0000000092200000| Untracked 
| 291|0x0000000092300000, 0x0000000092300000, 0x0000000092400000|  0%| F|  |TAMS 0x0000000092300000| PB 0x0000000092300000| Untracked 
| 292|0x0000000092400000, 0x0000000092400000, 0x0000000092500000|  0%| F|  |TAMS 0x0000000092400000| PB 0x0000000092400000| Untracked 
| 293|0x0000000092500000, 0x0000000092500000, 0x0000000092600000|  0%| F|  |TAMS 0x0000000092500000| PB 0x0000000092500000| Untracked 
| 294|0x0000000092600000, 0x0000000092600000, 0x0000000092700000|  0%| F|  |TAMS 0x0000000092600000| PB 0x0000000092600000| Untracked 
| 295|0x0000000092700000, 0x0000000092700000, 0x0000000092800000|  0%| F|  |TAMS 0x0000000092700000| PB 0x0000000092700000| Untracked 
| 296|0x0000000092800000, 0x0000000092800000, 0x0000000092900000|  0%| F|  |TAMS 0x0000000092800000| PB 0x0000000092800000| Untracked 
| 297|0x0000000092900000, 0x0000000092900000, 0x0000000092a00000|  0%| F|  |TAMS 0x0000000092900000| PB 0x0000000092900000| Untracked 
| 298|0x0000000092a00000, 0x0000000092a00000, 0x0000000092b00000|  0%| F|  |TAMS 0x0000000092a00000| PB 0x0000000092a00000| Untracked 
| 299|0x0000000092b00000, 0x0000000092b00000, 0x0000000092c00000|  0%| F|  |TAMS 0x0000000092b00000| PB 0x0000000092b00000| Untracked 
| 300|0x0000000092c00000, 0x0000000092c00000, 0x0000000092d00000|  0%| F|  |TAMS 0x0000000092c00000| PB 0x0000000092c00000| Untracked 
| 301|0x0000000092d00000, 0x0000000092d00000, 0x0000000092e00000|  0%| F|  |TAMS 0x0000000092d00000| PB 0x0000000092d00000| Untracked 
| 302|0x0000000092e00000, 0x0000000092e00000, 0x0000000092f00000|  0%| F|  |TAMS 0x0000000092e00000| PB 0x0000000092e00000| Untracked 
| 303|0x0000000092f00000, 0x0000000092f00000, 0x0000000093000000|  0%| F|  |TAMS 0x0000000092f00000| PB 0x0000000092f00000| Untracked 
| 304|0x0000000093000000, 0x0000000093000000, 0x0000000093100000|  0%| F|  |TAMS 0x0000000093000000| PB 0x0000000093000000| Untracked 
| 305|0x0000000093100000, 0x0000000093100000, 0x0000000093200000|  0%| F|  |TAMS 0x0000000093100000| PB 0x0000000093100000| Untracked 
| 306|0x0000000093200000, 0x0000000093200000, 0x0000000093300000|  0%| F|  |TAMS 0x0000000093200000| PB 0x0000000093200000| Untracked 
| 307|0x0000000093300000, 0x0000000093300000, 0x0000000093400000|  0%| F|  |TAMS 0x0000000093300000| PB 0x0000000093300000| Untracked 
| 308|0x0000000093400000, 0x0000000093400000, 0x0000000093500000|  0%| F|  |TAMS 0x0000000093400000| PB 0x0000000093400000| Untracked 
| 309|0x0000000093500000, 0x0000000093500000, 0x0000000093600000|  0%| F|  |TAMS 0x0000000093500000| PB 0x0000000093500000| Untracked 
| 310|0x0000000093600000, 0x0000000093600000, 0x0000000093700000|  0%| F|  |TAMS 0x0000000093600000| PB 0x0000000093600000| Untracked 
| 311|0x0000000093700000, 0x0000000093700000, 0x0000000093800000|  0%| F|  |TAMS 0x0000000093700000| PB 0x0000000093700000| Untracked 
| 312|0x0000000093800000, 0x0000000093800000, 0x0000000093900000|  0%| F|  |TAMS 0x0000000093800000| PB 0x0000000093800000| Untracked 
| 313|0x0000000093900000, 0x0000000093900000, 0x0000000093a00000|  0%| F|  |TAMS 0x0000000093900000| PB 0x0000000093900000| Untracked 
| 314|0x0000000093a00000, 0x0000000093a00000, 0x0000000093b00000|  0%| F|  |TAMS 0x0000000093a00000| PB 0x0000000093a00000| Untracked 
| 315|0x0000000093b00000, 0x0000000093b00000, 0x0000000093c00000|  0%| F|  |TAMS 0x0000000093b00000| PB 0x0000000093b00000| Untracked 
| 316|0x0000000093c00000, 0x0000000093c00000, 0x0000000093d00000|  0%| F|  |TAMS 0x0000000093c00000| PB 0x0000000093c00000| Untracked 
| 317|0x0000000093d00000, 0x0000000093d00000, 0x0000000093e00000|  0%| F|  |TAMS 0x0000000093d00000| PB 0x0000000093d00000| Untracked 
| 318|0x0000000093e00000, 0x0000000093e00000, 0x0000000093f00000|  0%| F|  |TAMS 0x0000000093e00000| PB 0x0000000093e00000| Untracked 
| 319|0x0000000093f00000, 0x0000000093f00000, 0x0000000094000000|  0%| F|  |TAMS 0x0000000093f00000| PB 0x0000000093f00000| Untracked 
| 320|0x0000000094000000, 0x0000000094000000, 0x0000000094100000|  0%| F|  |TAMS 0x0000000094000000| PB 0x0000000094000000| Untracked 
| 321|0x0000000094100000, 0x0000000094100000, 0x0000000094200000|  0%| F|  |TAMS 0x0000000094100000| PB 0x0000000094100000| Untracked 
| 322|0x0000000094200000, 0x0000000094200000, 0x0000000094300000|  0%| F|  |TAMS 0x0000000094200000| PB 0x0000000094200000| Untracked 
| 323|0x0000000094300000, 0x0000000094300000, 0x0000000094400000|  0%| F|  |TAMS 0x0000000094300000| PB 0x0000000094300000| Untracked 
| 324|0x0000000094400000, 0x0000000094400000, 0x0000000094500000|  0%| F|  |TAMS 0x0000000094400000| PB 0x0000000094400000| Untracked 
| 325|0x0000000094500000, 0x0000000094500000, 0x0000000094600000|  0%| F|  |TAMS 0x0000000094500000| PB 0x0000000094500000| Untracked 
| 326|0x0000000094600000, 0x0000000094600000, 0x0000000094700000|  0%| F|  |TAMS 0x0000000094600000| PB 0x0000000094600000| Untracked 
| 327|0x0000000094700000, 0x0000000094700000, 0x0000000094800000|  0%| F|  |TAMS 0x0000000094700000| PB 0x0000000094700000| Untracked 
| 328|0x0000000094800000, 0x0000000094800000, 0x0000000094900000|  0%| F|  |TAMS 0x0000000094800000| PB 0x0000000094800000| Untracked 
| 329|0x0000000094900000, 0x0000000094900000, 0x0000000094a00000|  0%| F|  |TAMS 0x0000000094900000| PB 0x0000000094900000| Untracked 
| 330|0x0000000094a00000, 0x0000000094a00000, 0x0000000094b00000|  0%| F|  |TAMS 0x0000000094a00000| PB 0x0000000094a00000| Untracked 
| 331|0x0000000094b00000, 0x0000000094b00000, 0x0000000094c00000|  0%| F|  |TAMS 0x0000000094b00000| PB 0x0000000094b00000| Untracked 
| 332|0x0000000094c00000, 0x0000000094c00000, 0x0000000094d00000|  0%| F|  |TAMS 0x0000000094c00000| PB 0x0000000094c00000| Untracked 
| 333|0x0000000094d00000, 0x0000000094d00000, 0x0000000094e00000|  0%| F|  |TAMS 0x0000000094d00000| PB 0x0000000094d00000| Untracked 
| 334|0x0000000094e00000, 0x0000000094e00000, 0x0000000094f00000|  0%| F|  |TAMS 0x0000000094e00000| PB 0x0000000094e00000| Untracked 
| 335|0x0000000094f00000, 0x0000000094f00000, 0x0000000095000000|  0%| F|  |TAMS 0x0000000094f00000| PB 0x0000000094f00000| Untracked 
| 336|0x0000000095000000, 0x0000000095000000, 0x0000000095100000|  0%| F|  |TAMS 0x0000000095000000| PB 0x0000000095000000| Untracked 
| 337|0x0000000095100000, 0x0000000095100000, 0x0000000095200000|  0%| F|  |TAMS 0x0000000095100000| PB 0x0000000095100000| Untracked 
| 338|0x0000000095200000, 0x0000000095200000, 0x0000000095300000|  0%| F|  |TAMS 0x0000000095200000| PB 0x0000000095200000| Untracked 
| 339|0x0000000095300000, 0x0000000095300000, 0x0000000095400000|  0%| F|  |TAMS 0x0000000095300000| PB 0x0000000095300000| Untracked 
| 340|0x0000000095400000, 0x0000000095400000, 0x0000000095500000|  0%| F|  |TAMS 0x0000000095400000| PB 0x0000000095400000| Untracked 
| 341|0x0000000095500000, 0x0000000095500000, 0x0000000095600000|  0%| F|  |TAMS 0x0000000095500000| PB 0x0000000095500000| Untracked 
| 342|0x0000000095600000, 0x0000000095600000, 0x0000000095700000|  0%| F|  |TAMS 0x0000000095600000| PB 0x0000000095600000| Untracked 
| 343|0x0000000095700000, 0x0000000095700000, 0x0000000095800000|  0%| F|  |TAMS 0x0000000095700000| PB 0x0000000095700000| Untracked 
| 344|0x0000000095800000, 0x0000000095800000, 0x0000000095900000|  0%| F|  |TAMS 0x0000000095800000| PB 0x0000000095800000| Untracked 
| 345|0x0000000095900000, 0x0000000095900000, 0x0000000095a00000|  0%| F|  |TAMS 0x0000000095900000| PB 0x0000000095900000| Untracked 
| 346|0x0000000095a00000, 0x0000000095a00000, 0x0000000095b00000|  0%| F|  |TAMS 0x0000000095a00000| PB 0x0000000095a00000| Untracked 
| 347|0x0000000095b00000, 0x0000000095b00000, 0x0000000095c00000|  0%| F|  |TAMS 0x0000000095b00000| PB 0x0000000095b00000| Untracked 
| 348|0x0000000095c00000, 0x0000000095c00000, 0x0000000095d00000|  0%| F|  |TAMS 0x0000000095c00000| PB 0x0000000095c00000| Untracked 
| 349|0x0000000095d00000, 0x0000000095d00000, 0x0000000095e00000|  0%| F|  |TAMS 0x0000000095d00000| PB 0x0000000095d00000| Untracked 
| 350|0x0000000095e00000, 0x0000000095e00000, 0x0000000095f00000|  0%| F|  |TAMS 0x0000000095e00000| PB 0x0000000095e00000| Untracked 
| 351|0x0000000095f00000, 0x0000000095f00000, 0x0000000096000000|  0%| F|  |TAMS 0x0000000095f00000| PB 0x0000000095f00000| Untracked 
| 352|0x0000000096000000, 0x0000000096000000, 0x0000000096100000|  0%| F|  |TAMS 0x0000000096000000| PB 0x0000000096000000| Untracked 
| 353|0x0000000096100000, 0x0000000096100000, 0x0000000096200000|  0%| F|  |TAMS 0x0000000096100000| PB 0x0000000096100000| Untracked 
| 354|0x0000000096200000, 0x0000000096200000, 0x0000000096300000|  0%| F|  |TAMS 0x0000000096200000| PB 0x0000000096200000| Untracked 
| 355|0x0000000096300000, 0x0000000096300000, 0x0000000096400000|  0%| F|  |TAMS 0x0000000096300000| PB 0x0000000096300000| Untracked 
| 356|0x0000000096400000, 0x0000000096400000, 0x0000000096500000|  0%| F|  |TAMS 0x0000000096400000| PB 0x0000000096400000| Untracked 
| 357|0x0000000096500000, 0x0000000096500000, 0x0000000096600000|  0%| F|  |TAMS 0x0000000096500000| PB 0x0000000096500000| Untracked 
| 358|0x0000000096600000, 0x0000000096600000, 0x0000000096700000|  0%| F|  |TAMS 0x0000000096600000| PB 0x0000000096600000| Untracked 
| 359|0x0000000096700000, 0x0000000096700000, 0x0000000096800000|  0%| F|  |TAMS 0x0000000096700000| PB 0x0000000096700000| Untracked 
| 360|0x0000000096800000, 0x0000000096800000, 0x0000000096900000|  0%| F|  |TAMS 0x0000000096800000| PB 0x0000000096800000| Untracked 
| 361|0x0000000096900000, 0x0000000096900000, 0x0000000096a00000|  0%| F|  |TAMS 0x0000000096900000| PB 0x0000000096900000| Untracked 
| 362|0x0000000096a00000, 0x0000000096a00000, 0x0000000096b00000|  0%| F|  |TAMS 0x0000000096a00000| PB 0x0000000096a00000| Untracked 
| 363|0x0000000096b00000, 0x0000000096b00000, 0x0000000096c00000|  0%| F|  |TAMS 0x0000000096b00000| PB 0x0000000096b00000| Untracked 
| 364|0x0000000096c00000, 0x0000000096c00000, 0x0000000096d00000|  0%| F|  |TAMS 0x0000000096c00000| PB 0x0000000096c00000| Untracked 
| 365|0x0000000096d00000, 0x0000000096d00000, 0x0000000096e00000|  0%| F|  |TAMS 0x0000000096d00000| PB 0x0000000096d00000| Untracked 
| 366|0x0000000096e00000, 0x0000000096e00000, 0x0000000096f00000|  0%| F|  |TAMS 0x0000000096e00000| PB 0x0000000096e00000| Untracked 
| 367|0x0000000096f00000, 0x0000000096f00000, 0x0000000097000000|  0%| F|  |TAMS 0x0000000096f00000| PB 0x0000000096f00000| Untracked 
| 368|0x0000000097000000, 0x0000000097000000, 0x0000000097100000|  0%| F|  |TAMS 0x0000000097000000| PB 0x0000000097000000| Untracked 
| 369|0x0000000097100000, 0x0000000097100000, 0x0000000097200000|  0%| F|  |TAMS 0x0000000097100000| PB 0x0000000097100000| Untracked 
| 370|0x0000000097200000, 0x0000000097200000, 0x0000000097300000|  0%| F|  |TAMS 0x0000000097200000| PB 0x0000000097200000| Untracked 
| 371|0x0000000097300000, 0x0000000097300000, 0x0000000097400000|  0%| F|  |TAMS 0x0000000097300000| PB 0x0000000097300000| Untracked 
| 372|0x0000000097400000, 0x0000000097400000, 0x0000000097500000|  0%| F|  |TAMS 0x0000000097400000| PB 0x0000000097400000| Untracked 
| 373|0x0000000097500000, 0x0000000097500000, 0x0000000097600000|  0%| F|  |TAMS 0x0000000097500000| PB 0x0000000097500000| Untracked 
| 374|0x0000000097600000, 0x0000000097600000, 0x0000000097700000|  0%| F|  |TAMS 0x0000000097600000| PB 0x0000000097600000| Untracked 
| 375|0x0000000097700000, 0x0000000097700000, 0x0000000097800000|  0%| F|  |TAMS 0x0000000097700000| PB 0x0000000097700000| Untracked 
| 376|0x0000000097800000, 0x0000000097800000, 0x0000000097900000|  0%| F|  |TAMS 0x0000000097800000| PB 0x0000000097800000| Untracked 
| 377|0x0000000097900000, 0x0000000097900000, 0x0000000097a00000|  0%| F|  |TAMS 0x0000000097900000| PB 0x0000000097900000| Untracked 
| 378|0x0000000097a00000, 0x0000000097a00000, 0x0000000097b00000|  0%| F|  |TAMS 0x0000000097a00000| PB 0x0000000097a00000| Untracked 
| 379|0x0000000097b00000, 0x0000000097b00000, 0x0000000097c00000|  0%| F|  |TAMS 0x0000000097b00000| PB 0x0000000097b00000| Untracked 
| 474|0x000000009da00000, 0x000000009da00000, 0x000000009db00000|  0%| F|  |TAMS 0x000000009da00000| PB 0x000000009da00000| Untracked 
| 475|0x000000009db00000, 0x000000009db00000, 0x000000009dc00000|  0%| F|  |TAMS 0x000000009db00000| PB 0x000000009db00000| Untracked 
| 476|0x000000009dc00000, 0x000000009dc00000, 0x000000009dd00000|  0%| F|  |TAMS 0x000000009dc00000| PB 0x000000009dc00000| Untracked 
| 477|0x000000009dd00000, 0x000000009dd00000, 0x000000009de00000|  0%| F|  |TAMS 0x000000009dd00000| PB 0x000000009dd00000| Untracked 
| 478|0x000000009de00000, 0x000000009de00000, 0x000000009df00000|  0%| F|  |TAMS 0x000000009de00000| PB 0x000000009de00000| Untracked 
| 479|0x000000009df00000, 0x000000009df00000, 0x000000009e000000|  0%| F|  |TAMS 0x000000009df00000| PB 0x000000009df00000| Untracked 
| 480|0x000000009e000000, 0x000000009e000000, 0x000000009e100000|  0%| F|  |TAMS 0x000000009e000000| PB 0x000000009e000000| Untracked 
| 481|0x000000009e100000, 0x000000009e100000, 0x000000009e200000|  0%| F|  |TAMS 0x000000009e100000| PB 0x000000009e100000| Untracked 
| 482|0x000000009e200000, 0x000000009e200000, 0x000000009e300000|  0%| F|  |TAMS 0x000000009e200000| PB 0x000000009e200000| Untracked 
| 483|0x000000009e300000, 0x000000009e300000, 0x000000009e400000|  0%| F|  |TAMS 0x000000009e300000| PB 0x000000009e300000| Untracked 
| 484|0x000000009e400000, 0x000000009e400000, 0x000000009e500000|  0%| F|  |TAMS 0x000000009e400000| PB 0x000000009e400000| Untracked 
| 485|0x000000009e500000, 0x000000009e500000, 0x000000009e600000|  0%| F|  |TAMS 0x000000009e500000| PB 0x000000009e500000| Untracked 
| 486|0x000000009e600000, 0x000000009e600000, 0x000000009e700000|  0%| F|  |TAMS 0x000000009e600000| PB 0x000000009e600000| Untracked 
| 487|0x000000009e700000, 0x000000009e700000, 0x000000009e800000|  0%| F|  |TAMS 0x000000009e700000| PB 0x000000009e700000| Untracked 
| 488|0x000000009e800000, 0x000000009e800000, 0x000000009e900000|  0%| F|  |TAMS 0x000000009e800000| PB 0x000000009e800000| Untracked 
| 489|0x000000009e900000, 0x000000009e900000, 0x000000009ea00000|  0%| F|  |TAMS 0x000000009e900000| PB 0x000000009e900000| Untracked 
| 490|0x000000009ea00000, 0x000000009ea00000, 0x000000009eb00000|  0%| F|  |TAMS 0x000000009ea00000| PB 0x000000009ea00000| Untracked 
| 491|0x000000009eb00000, 0x000000009eb00000, 0x000000009ec00000|  0%| F|  |TAMS 0x000000009eb00000| PB 0x000000009eb00000| Untracked 
| 492|0x000000009ec00000, 0x000000009ec00000, 0x000000009ed00000|  0%| F|  |TAMS 0x000000009ec00000| PB 0x000000009ec00000| Untracked 
| 493|0x000000009ed00000, 0x000000009ed00000, 0x000000009ee00000|  0%| F|  |TAMS 0x000000009ed00000| PB 0x000000009ed00000| Untracked 
| 494|0x000000009ee00000, 0x000000009ee00000, 0x000000009ef00000|  0%| F|  |TAMS 0x000000009ee00000| PB 0x000000009ee00000| Untracked 
| 495|0x000000009ef00000, 0x000000009ef00000, 0x000000009f000000|  0%| F|  |TAMS 0x000000009ef00000| PB 0x000000009ef00000| Untracked 
| 496|0x000000009f000000, 0x000000009f000000, 0x000000009f100000|  0%| F|  |TAMS 0x000000009f000000| PB 0x000000009f000000| Untracked 
| 497|0x000000009f100000, 0x000000009f100000, 0x000000009f200000|  0%| F|  |TAMS 0x000000009f100000| PB 0x000000009f100000| Untracked 
| 498|0x000000009f200000, 0x000000009f200000, 0x000000009f300000|  0%| F|  |TAMS 0x000000009f200000| PB 0x000000009f200000| Untracked 
| 499|0x000000009f300000, 0x000000009f300000, 0x000000009f400000|  0%| F|  |TAMS 0x000000009f300000| PB 0x000000009f300000| Untracked 
| 500|0x000000009f400000, 0x000000009f400000, 0x000000009f500000|  0%| F|  |TAMS 0x000000009f400000| PB 0x000000009f400000| Untracked 
| 501|0x000000009f500000, 0x000000009f500000, 0x000000009f600000|  0%| F|  |TAMS 0x000000009f500000| PB 0x000000009f500000| Untracked 
| 502|0x000000009f600000, 0x000000009f600000, 0x000000009f700000|  0%| F|  |TAMS 0x000000009f600000| PB 0x000000009f600000| Untracked 
| 503|0x000000009f700000, 0x000000009f700000, 0x000000009f800000|  0%| F|  |TAMS 0x000000009f700000| PB 0x000000009f700000| Untracked 
| 504|0x000000009f800000, 0x000000009f800000, 0x000000009f900000|  0%| F|  |TAMS 0x000000009f800000| PB 0x000000009f800000| Untracked 
| 505|0x000000009f900000, 0x000000009f900000, 0x000000009fa00000|  0%| F|  |TAMS 0x000000009f900000| PB 0x000000009f900000| Untracked 
| 506|0x000000009fa00000, 0x000000009fa00000, 0x000000009fb00000|  0%| F|  |TAMS 0x000000009fa00000| PB 0x000000009fa00000| Untracked 
| 507|0x000000009fb00000, 0x000000009fb00000, 0x000000009fc00000|  0%| F|  |TAMS 0x000000009fb00000| PB 0x000000009fb00000| Untracked 
| 508|0x000000009fc00000, 0x000000009fc00000, 0x000000009fd00000|  0%| F|  |TAMS 0x000000009fc00000| PB 0x000000009fc00000| Untracked 
| 509|0x000000009fd00000, 0x000000009fd00000, 0x000000009fe00000|  0%| F|  |TAMS 0x000000009fd00000| PB 0x000000009fd00000| Untracked 
| 510|0x000000009fe00000, 0x000000009fe00000, 0x000000009ff00000|  0%| F|  |TAMS 0x000000009fe00000| PB 0x000000009fe00000| Untracked 
| 511|0x000000009ff00000, 0x000000009ff00000, 0x00000000a0000000|  0%| F|  |TAMS 0x000000009ff00000| PB 0x000000009ff00000| Untracked 
| 512|0x00000000a0000000, 0x00000000a0000000, 0x00000000a0100000|  0%| F|  |TAMS 0x00000000a0000000| PB 0x00000000a0000000| Untracked 
| 513|0x00000000a0100000, 0x00000000a0100000, 0x00000000a0200000|  0%| F|  |TAMS 0x00000000a0100000| PB 0x00000000a0100000| Untracked 
| 514|0x00000000a0200000, 0x00000000a0200000, 0x00000000a0300000|  0%| F|  |TAMS 0x00000000a0200000| PB 0x00000000a0200000| Untracked 
| 515|0x00000000a0300000, 0x00000000a0300000, 0x00000000a0400000|  0%| F|  |TAMS 0x00000000a0300000| PB 0x00000000a0300000| Untracked 
| 516|0x00000000a0400000, 0x00000000a0400000, 0x00000000a0500000|  0%| F|  |TAMS 0x00000000a0400000| PB 0x00000000a0400000| Untracked 
| 517|0x00000000a0500000, 0x00000000a0500000, 0x00000000a0600000|  0%| F|  |TAMS 0x00000000a0500000| PB 0x00000000a0500000| Untracked 
| 518|0x00000000a0600000, 0x00000000a0600000, 0x00000000a0700000|  0%| F|  |TAMS 0x00000000a0600000| PB 0x00000000a0600000| Untracked 
| 519|0x00000000a0700000, 0x00000000a0700000, 0x00000000a0800000|  0%| F|  |TAMS 0x00000000a0700000| PB 0x00000000a0700000| Untracked 
| 520|0x00000000a0800000, 0x00000000a0800000, 0x00000000a0900000|  0%| F|  |TAMS 0x00000000a0800000| PB 0x00000000a0800000| Untracked 
| 521|0x00000000a0900000, 0x00000000a0900000, 0x00000000a0a00000|  0%| F|  |TAMS 0x00000000a0900000| PB 0x00000000a0900000| Untracked 
| 522|0x00000000a0a00000, 0x00000000a0a00000, 0x00000000a0b00000|  0%| F|  |TAMS 0x00000000a0a00000| PB 0x00000000a0a00000| Untracked 
| 523|0x00000000a0b00000, 0x00000000a0b00000, 0x00000000a0c00000|  0%| F|  |TAMS 0x00000000a0b00000| PB 0x00000000a0b00000| Untracked 
| 524|0x00000000a0c00000, 0x00000000a0c00000, 0x00000000a0d00000|  0%| F|  |TAMS 0x00000000a0c00000| PB 0x00000000a0c00000| Untracked 
| 525|0x00000000a0d00000, 0x00000000a0d00000, 0x00000000a0e00000|  0%| F|  |TAMS 0x00000000a0d00000| PB 0x00000000a0d00000| Untracked 
| 526|0x00000000a0e00000, 0x00000000a0e00000, 0x00000000a0f00000|  0%| F|  |TAMS 0x00000000a0e00000| PB 0x00000000a0e00000| Untracked 
| 527|0x00000000a0f00000, 0x00000000a0f00000, 0x00000000a1000000|  0%| F|  |TAMS 0x00000000a0f00000| PB 0x00000000a0f00000| Untracked 
| 528|0x00000000a1000000, 0x00000000a1000000, 0x00000000a1100000|  0%| F|  |TAMS 0x00000000a1000000| PB 0x00000000a1000000| Untracked 
| 529|0x00000000a1100000, 0x00000000a1100000, 0x00000000a1200000|  0%| F|  |TAMS 0x00000000a1100000| PB 0x00000000a1100000| Untracked 
| 530|0x00000000a1200000, 0x00000000a1200000, 0x00000000a1300000|  0%| F|  |TAMS 0x00000000a1200000| PB 0x00000000a1200000| Untracked 
| 531|0x00000000a1300000, 0x00000000a1300000, 0x00000000a1400000|  0%| F|  |TAMS 0x00000000a1300000| PB 0x00000000a1300000| Untracked 
| 532|0x00000000a1400000, 0x00000000a1400000, 0x00000000a1500000|  0%| F|  |TAMS 0x00000000a1400000| PB 0x00000000a1400000| Untracked 
| 533|0x00000000a1500000, 0x00000000a1500000, 0x00000000a1600000|  0%| F|  |TAMS 0x00000000a1500000| PB 0x00000000a1500000| Untracked 
| 534|0x00000000a1600000, 0x00000000a1600000, 0x00000000a1700000|  0%| F|  |TAMS 0x00000000a1600000| PB 0x00000000a1600000| Untracked 
| 535|0x00000000a1700000, 0x00000000a1700000, 0x00000000a1800000|  0%| F|  |TAMS 0x00000000a1700000| PB 0x00000000a1700000| Untracked 
| 536|0x00000000a1800000, 0x00000000a1800000, 0x00000000a1900000|  0%| F|  |TAMS 0x00000000a1800000| PB 0x00000000a1800000| Untracked 
| 537|0x00000000a1900000, 0x00000000a1900000, 0x00000000a1a00000|  0%| F|  |TAMS 0x00000000a1900000| PB 0x00000000a1900000| Untracked 
| 538|0x00000000a1a00000, 0x00000000a1a00000, 0x00000000a1b00000|  0%| F|  |TAMS 0x00000000a1a00000| PB 0x00000000a1a00000| Untracked 
| 539|0x00000000a1b00000, 0x00000000a1b00000, 0x00000000a1c00000|  0%| F|  |TAMS 0x00000000a1b00000| PB 0x00000000a1b00000| Untracked 
| 540|0x00000000a1c00000, 0x00000000a1c00000, 0x00000000a1d00000|  0%| F|  |TAMS 0x00000000a1c00000| PB 0x00000000a1c00000| Untracked 
| 541|0x00000000a1d00000, 0x00000000a1d00000, 0x00000000a1e00000|  0%| F|  |TAMS 0x00000000a1d00000| PB 0x00000000a1d00000| Untracked 
|2035|0x00000000ff300000, 0x00000000ff400000, 0x00000000ff400000|100%| O|  |TAMS 0x00000000ff400000| PB 0x00000000ff300000| Updating 
|2036|0x00000000ff400000, 0x00000000ff400000, 0x00000000ff500000|  0%| F|  |TAMS 0x00000000ff400000| PB 0x00000000ff400000| Untracked 
|2037|0x00000000ff500000, 0x00000000ff600000, 0x00000000ff600000|100%| O|  |TAMS 0x00000000ff600000| PB 0x00000000ff500000| Untracked 
|2038|0x00000000ff600000, 0x00000000ff600000, 0x00000000ff700000|  0%| F|  |TAMS 0x00000000ff600000| PB 0x00000000ff600000| Untracked 
|2039|0x00000000ff700000, 0x00000000ff700000, 0x00000000ff800000|  0%| F|  |TAMS 0x00000000ff700000| PB 0x00000000ff700000| Untracked 
|2040|0x00000000ff800000, 0x00000000ff900000, 0x00000000ff900000|100%| O|  |TAMS 0x00000000ff900000| PB 0x00000000ff800000| Updating 
|2041|0x00000000ff900000, 0x00000000ffa00000, 0x00000000ffa00000|100%| O|  |TAMS 0x00000000ffa00000| PB 0x00000000ff900000| Untracked 
|2042|0x00000000ffa00000, 0x00000000ffb00000, 0x00000000ffb00000|100%| O|  |TAMS 0x00000000ffb00000| PB 0x00000000ffa00000| Untracked 
|2043|0x00000000ffb00000, 0x00000000ffb00000, 0x00000000ffc00000|  0%| F|  |TAMS 0x00000000ffb00000| PB 0x00000000ffb00000| Untracked 
|2044|0x00000000ffc00000, 0x00000000ffc00000, 0x00000000ffd00000|  0%| F|  |TAMS 0x00000000ffc00000| PB 0x00000000ffc00000| Untracked 
|2045|0x00000000ffd00000, 0x00000000ffd00000, 0x00000000ffe00000|  0%| F|  |TAMS 0x00000000ffd00000| PB 0x00000000ffd00000| Untracked 
|2046|0x00000000ffe00000, 0x00000000ffe00000, 0x00000000fff00000|  0%| F|  |TAMS 0x00000000ffe00000| PB 0x00000000ffe00000| Untracked 
|2047|0x00000000fff00000, 0x0000000100000000, 0x0000000100000000|100%| O|  |TAMS 0x0000000100000000| PB 0x00000000fff00000| Untracked 

Card table byte_map: [0x00000262617c0000,0x0000026261bc0000] _byte_map_base: 0x00000262613c0000

Marking Bits: (CMBitMap*) 0x000002624ef86830
 Bits: [0x0000026261bc0000, 0x0000026263bc0000)

Polling page: 0x000002624cd80000

Metaspace:

Usage:
  Non-class:    174.64 MB used.
      Class:     26.26 MB used.
       Both:    200.90 MB used.

Virtual space:
  Non-class space:      192.00 MB reserved,     176.00 MB ( 92%) committed,  3 nodes.
      Class space:        1.00 GB reserved,      27.50 MB (  3%) committed,  1 nodes.
             Both:        1.19 GB reserved,     203.50 MB ( 17%) committed. 

Chunk freelists:
   Non-Class:  15.39 MB
       Class:  4.51 MB
        Both:  19.90 MB

MaxMetaspaceSize: unlimited
CompressedClassSpaceSize: 1.00 GB
Initial GC threshold: 21.00 MB
Current GC threshold: 339.19 MB
CDS: off
 - commit_granule_bytes: 65536.
 - commit_granule_words: 8192.
 - virtual_space_node_default_size: 8388608.
 - enlarge_chunks_in_place: 1.
 - use_allocation_guard: 0.


Internal statistics:

num_allocs_failed_limit: 9.
num_arena_births: 5232.
num_arena_deaths: 2.
num_vsnodes_births: 4.
num_vsnodes_deaths: 0.
num_space_committed: 3344.
num_space_uncommitted: 44.
num_chunks_returned_to_freelist: 323.
num_chunks_taken_from_freelist: 14086.
num_chunk_merges: 100.
num_chunk_splits: 9633.
num_chunks_enlarged: 6545.
num_inconsistent_stats: 0.

CodeHeap 'non-profiled nmethods': size=120000Kb used=15352Kb max_used=16022Kb free=104648Kb
 bounds [0x0000026259b60000, 0x000002625ab10000, 0x0000026261090000]
CodeHeap 'profiled nmethods': size=120000Kb used=51459Kb max_used=55875Kb free=68540Kb
 bounds [0x0000026252090000, 0x0000026255730000, 0x00000262595c0000]
CodeHeap 'non-nmethods': size=5760Kb used=2333Kb max_used=2435Kb free=3426Kb
 bounds [0x00000262595c0000, 0x0000026259840000, 0x0000026259b60000]
CodeCache: size=245760Kb, used=69144Kb, max_used=74332Kb, free=176614Kb
 total_blobs=22877, nmethods=21696, adapters=1083, full_count=0
Compilation: enabled, stopped_count=0, restarted_count=0

Compilation events (20 events):
Event: 104.974 Thread 0x0000026266811d30 nmethod 30420 0x0000026252fbff90 code [0x0000026252fc02a0, 0x0000026252fc1698]
Event: 104.974 Thread 0x0000026266811d30 30421   !   3       java.util.concurrent.LinkedBlockingQueue::offer (131 bytes)
Event: 104.974 Thread 0x00000262667f85f0 30422       4       org.gradle.internal.operations.DefaultBuildOperationRunner$CallableBuildOperationWorker::execute (10 bytes)
Event: 104.975 Thread 0x0000026278aa8280 30423       4       org.gradle.internal.operations.DefaultBuildOperationRunner::call (24 bytes)
Event: 104.976 Thread 0x0000026266811d30 nmethod 30421 0x000002625499c490 code [0x000002625499c880, 0x000002625499e488]
Event: 104.977 Thread 0x00000262667f85f0 nmethod 30422 0x000002625aaffa10 code [0x000002625aaffbc0, 0x000002625aaffe58]
Event: 104.977 Thread 0x00000262667f85f0 30424       4       com.google.common.collect.ImmutableSortedMap::fromEntries (353 bytes)
Event: 104.980 Thread 0x0000026278aa8280 nmethod 30423 0x000002625ab00010 code [0x000002625ab001e0, 0x000002625ab00528]
Event: 104.981 Thread 0x0000026278aa8280 30425       4       org.gradle.internal.execution.steps.BuildOperationStep::operation (20 bytes)
Event: 104.987 Thread 0x0000026278aa8280 nmethod 30425 0x000002625ab00910 code [0x000002625ab00b00, 0x000002625ab00f20]
Event: 104.987 Thread 0x0000026278aa8280 30427       4       org.gradle.internal.Deferrable::map (10 bytes)
Event: 104.988 Thread 0x0000026278aa8280 nmethod 30427 0x000002625ab01390 code [0x000002625ab01520, 0x000002625ab01620]
Event: 104.988 Thread 0x0000026278aa8280 30426       4       org.gradle.internal.Deferrable$1::getCompleted (23 bytes)
Event: 104.994 Thread 0x0000026266811d30 30428   !   3       sun.nio.ch.FileLockTable::remove (162 bytes)
Event: 104.995 Thread 0x0000026266811d30 nmethod 30428 0x0000026252fbee10 code [0x0000026252fbf060, 0x0000026252fbfbc8]
Event: 104.998 Thread 0x0000026278aa8280 nmethod 30426 0x000002625ab01710 code [0x000002625ab01920, 0x000002625ab01e30]
Event: 105.041 Thread 0x00000262667f85f0 nmethod 30424 0x000002625ab02410 code [0x000002625ab02760, 0x000002625ab047f0]
Event: 105.126 Thread 0x00000262667f85f0 30429   !   4       java.nio.file.FileTreeWalker::next (144 bytes)
Event: 105.137 Thread 0x0000026266811d30 30432   !   3       java.io.IoOverNioFileSystem::createFileExclusively0 (174 bytes)
Event: 105.140 Thread 0x0000026266811d30 nmethod 30432 0x0000026252b59090 code [0x0000026252b59580, 0x0000026252b5bd70]

GC Heap History (20 events):
Event: 61.257 GC heap after
{Heap after GC invocations=90 (full 0):
 garbage-first heap   total 472064K, used 247296K [0x0000000080000000, 0x0000000100000000)
  region size 1024K, 27 young (27648K), 27 survivors (27648K)
 Metaspace       used 183893K, committed 186432K, reserved 1245184K
  class space    used 24374K, committed 25600K, reserved 1048576K
}
Event: 66.262 GC heap before
{Heap before GC invocations=90 (full 0):
 garbage-first heap   total 472064K, used 407040K [0x0000000080000000, 0x0000000100000000)
  region size 1024K, 184 young (188416K), 27 survivors (27648K)
 Metaspace       used 191700K, committed 194304K, reserved 1245184K
  class space    used 25217K, committed 26496K, reserved 1048576K
}
Event: 66.331 GC heap after
{Heap after GC invocations=91 (full 0):
 garbage-first heap   total 472064K, used 265728K [0x0000000080000000, 0x0000000100000000)
  region size 1024K, 17 young (17408K), 17 survivors (17408K)
 Metaspace       used 191700K, committed 194304K, reserved 1245184K
  class space    used 25217K, committed 26496K, reserved 1048576K
}
Event: 68.520 GC heap before
{Heap before GC invocations=91 (full 0):
 garbage-first heap   total 472064K, used 334336K [0x0000000080000000, 0x0000000100000000)
  region size 1024K, 86 young (88064K), 17 survivors (17408K)
 Metaspace       used 196042K, committed 198656K, reserved 1245184K
  class space    used 25810K, committed 27072K, reserved 1048576K
}
Event: 68.552 GC heap after
{Heap after GC invocations=92 (full 0):
 garbage-first heap   total 472064K, used 277866K [0x0000000080000000, 0x0000000100000000)
  region size 1024K, 12 young (12288K), 12 survivors (12288K)
 Metaspace       used 196042K, committed 198656K, reserved 1245184K
  class space    used 25810K, committed 27072K, reserved 1048576K
}
Event: 73.489 GC heap before
{Heap before GC invocations=93 (full 0):
 garbage-first heap   total 472064K, used 421226K [0x0000000080000000, 0x0000000100000000)
  region size 1024K, 152 young (155648K), 12 survivors (12288K)
 Metaspace       used 199735K, committed 202304K, reserved 1245184K
  class space    used 26154K, committed 27392K, reserved 1048576K
}
Event: 73.630 GC heap after
{Heap after GC invocations=94 (full 0):
 garbage-first heap   total 472064K, used 295365K [0x0000000080000000, 0x0000000100000000)
  region size 1024K, 19 young (19456K), 19 survivors (19456K)
 Metaspace       used 199735K, committed 202304K, reserved 1245184K
  class space    used 26154K, committed 27392K, reserved 1048576K
}
Event: 74.072 GC heap before
{Heap before GC invocations=94 (full 0):
 garbage-first heap   total 472064K, used 423365K [0x0000000080000000, 0x0000000100000000)
  region size 1024K, 145 young (148480K), 19 survivors (19456K)
 Metaspace       used 199735K, committed 202304K, reserved 1245184K
  class space    used 26154K, committed 27392K, reserved 1048576K
}
Event: 74.099 GC heap after
{Heap after GC invocations=95 (full 0):
 garbage-first heap   total 472064K, used 296277K [0x0000000080000000, 0x0000000100000000)
  region size 1024K, 3 young (3072K), 3 survivors (3072K)
 Metaspace       used 199735K, committed 202304K, reserved 1245184K
  class space    used 26154K, committed 27392K, reserved 1048576K
}
Event: 74.392 GC heap before
{Heap before GC invocations=95 (full 0):
 garbage-first heap   total 472064K, used 430421K [0x0000000080000000, 0x0000000100000000)
  region size 1024K, 134 young (137216K), 3 survivors (3072K)
 Metaspace       used 199735K, committed 202304K, reserved 1245184K
  class space    used 26154K, committed 27392K, reserved 1048576K
}
Event: 74.399 GC heap after
{Heap after GC invocations=96 (full 0):
 garbage-first heap   total 472064K, used 296223K [0x0000000080000000, 0x0000000100000000)
  region size 1024K, 3 young (3072K), 3 survivors (3072K)
 Metaspace       used 199735K, committed 202304K, reserved 1245184K
  class space    used 26154K, committed 27392K, reserved 1048576K
}
Event: 75.368 GC heap before
{Heap before GC invocations=97 (full 0):
 garbage-first heap   total 472064K, used 376607K [0x0000000080000000, 0x0000000100000000)
  region size 1024K, 139 young (142336K), 3 survivors (3072K)
 Metaspace       used 191362K, committed 196480K, reserved 1245184K
  class space    used 25074K, committed 26880K, reserved 1048576K
}
Event: 75.376 GC heap after
{Heap after GC invocations=98 (full 0):
 garbage-first heap   total 472064K, used 238666K [0x0000000080000000, 0x0000000100000000)
  region size 1024K, 4 young (4096K), 4 survivors (4096K)
 Metaspace       used 191362K, committed 196480K, reserved 1245184K
  class space    used 25074K, committed 26880K, reserved 1048576K
}
Event: 103.140 GC heap before
{Heap before GC invocations=98 (full 0):
 garbage-first heap   total 472064K, used 439370K [0x0000000080000000, 0x0000000100000000)
  region size 1024K, 189 young (193536K), 4 survivors (4096K)
 Metaspace       used 203772K, committed 206464K, reserved 1245184K
  class space    used 26661K, committed 27968K, reserved 1048576K
}
Event: 103.191 GC heap after
{Heap after GC invocations=99 (full 0):
 garbage-first heap   total 472064K, used 223054K [0x0000000080000000, 0x0000000100000000)
  region size 1024K, 24 young (24576K), 24 survivors (24576K)
 Metaspace       used 203772K, committed 206464K, reserved 1245184K
  class space    used 26661K, committed 27968K, reserved 1048576K
}
Event: 104.599 GC heap before
{Heap before GC invocations=99 (full 0):
 garbage-first heap   total 472064K, used 415566K [0x0000000080000000, 0x0000000100000000)
  region size 1024K, 213 young (218112K), 24 survivors (24576K)
 Metaspace       used 205712K, committed 208384K, reserved 1245184K
  class space    used 26892K, committed 28160K, reserved 1048576K
}
Event: 104.660 GC heap after
{Heap after GC invocations=100 (full 0):
 garbage-first heap   total 472064K, used 218369K [0x0000000080000000, 0x0000000100000000)
  region size 1024K, 18 young (18432K), 18 survivors (18432K)
 Metaspace       used 205712K, committed 208384K, reserved 1245184K
  class space    used 26892K, committed 28160K, reserved 1048576K
}
Event: 104.868 GC heap before
{Heap before GC invocations=100 (full 0):
 garbage-first heap   total 472064K, used 412929K [0x0000000080000000, 0x0000000100000000)
  region size 1024K, 209 young (214016K), 18 survivors (18432K)
 Metaspace       used 205713K, committed 208384K, reserved 1245184K
  class space    used 26892K, committed 28160K, reserved 1048576K
}
Event: 104.894 GC heap after
{Heap after GC invocations=101 (full 0):
 garbage-first heap   total 472064K, used 222501K [0x0000000080000000, 0x0000000100000000)
  region size 1024K, 4 young (4096K), 4 survivors (4096K)
 Metaspace       used 205713K, committed 208384K, reserved 1245184K
  class space    used 26892K, committed 28160K, reserved 1048576K
}
Event: 105.203 GC heap before
{Heap before GC invocations=101 (full 0):
 garbage-first heap   total 472064K, used 425253K [0x0000000080000000, 0x0000000100000000)
  region size 1024K, 202 young (206848K), 4 survivors (4096K)
 Metaspace       used 205720K, committed 208384K, reserved 1245184K
  class space    used 26892K, committed 28160K, reserved 1048576K
}

Dll operation events (3 events):
Event: 0.019 Loaded shared library C:\Program Files\Android\Android Studio\jbr\bin\java.dll
Event: 0.032 Loaded shared library C:\Program Files\Android\Android Studio\jbr\bin\zip.dll
Event: 1.311 Loaded shared library C:\Program Files\Android\Android Studio\jbr\bin\verify.dll

Deoptimization events (20 events):
Event: 104.497 Thread 0x000002626f97cfa0 Uncommon trap: trap_request=0xffffff45 fr.pc=0x0000026259e8f5c0 relative=0x0000000000000260
Event: 104.497 Thread 0x000002626f97cfa0 Uncommon trap: reason=unstable_if action=reinterpret pc=0x0000026259e8f5c0 method=org.gradle.internal.snapshot.VfsRelativePath.lengthOfCommonPrefix(Ljava/lang/String;Lorg/gradle/internal/snapshot/CaseSensitivity;)I @ 165 c2
Event: 104.497 Thread 0x000002626f97cfa0 DEOPT PACKING pc=0x0000026259e8f5c0 sp=0x0000008ea49fb420
Event: 104.497 Thread 0x000002626f97cfa0 DEOPT UNPACKING pc=0x00000262596143a2 sp=0x0000008ea49fb3b0 mode 2
Event: 104.499 Thread 0x000002626f97cfa0 Uncommon trap: trap_request=0xffffffc6 fr.pc=0x000002625a2dfe24 relative=0x00000000000000e4
Event: 104.499 Thread 0x000002626f97cfa0 Uncommon trap: reason=bimorphic_or_optimized_type_check action=maybe_recompile pc=0x000002625a2dfe24 method=com.google.common.collect.ImmutableSet.equals(Ljava/lang/Object;)Z @ 15 c2
Event: 104.499 Thread 0x000002626f97cfa0 DEOPT PACKING pc=0x000002625a2dfe24 sp=0x0000008ea49fcdc0
Event: 104.499 Thread 0x000002626f97cfa0 DEOPT UNPACKING pc=0x00000262596143a2 sp=0x0000008ea49fcd60 mode 2
Event: 104.848 Thread 0x000002626e5c9970 Uncommon trap: trap_request=0xffffff45 fr.pc=0x000002625a2efe04 relative=0x0000000000002544
Event: 104.848 Thread 0x000002626e5c9970 Uncommon trap: reason=unstable_if action=reinterpret pc=0x000002625a2efe04 method=java.util.concurrent.ConcurrentHashMap.get(Ljava/lang/Object;)Ljava/lang/Object; @ 152 c2
Event: 104.848 Thread 0x000002626e5c9970 DEOPT PACKING pc=0x000002625a2efe04 sp=0x0000008ea20fd220
Event: 104.848 Thread 0x000002626e5c9970 DEOPT UNPACKING pc=0x00000262596143a2 sp=0x0000008ea20fd168 mode 2
Event: 104.848 Thread 0x000002626e5c9970 Uncommon trap: trap_request=0xffffff45 fr.pc=0x000002625a3f76e8 relative=0x0000000000000888
Event: 104.848 Thread 0x000002626e5c9970 Uncommon trap: reason=unstable_if action=reinterpret pc=0x000002625a3f76e8 method=java.util.concurrent.ConcurrentHashMap.get(Ljava/lang/Object;)Ljava/lang/Object; @ 152 c2
Event: 104.848 Thread 0x000002626e5c9970 DEOPT PACKING pc=0x000002625a3f76e8 sp=0x0000008ea20fd240
Event: 104.848 Thread 0x000002626e5c9970 DEOPT UNPACKING pc=0x00000262596143a2 sp=0x0000008ea20fd160 mode 2
Event: 104.849 Thread 0x000002626e5c9970 Uncommon trap: trap_request=0xffffff45 fr.pc=0x0000026259d739dc relative=0x00000000000002fc
Event: 104.849 Thread 0x000002626e5c9970 Uncommon trap: reason=unstable_if action=reinterpret pc=0x0000026259d739dc method=java.util.concurrent.ConcurrentHashMap.get(Ljava/lang/Object;)Ljava/lang/Object; @ 152 c2
Event: 104.849 Thread 0x000002626e5c9970 DEOPT PACKING pc=0x0000026259d739dc sp=0x0000008ea20fd1c0
Event: 104.849 Thread 0x000002626e5c9970 DEOPT UNPACKING pc=0x00000262596143a2 sp=0x0000008ea20fd138 mode 2

Classes loaded (20 events):
Event: 102.143 Loading class java/nio/file/SimpleFileVisitor
Event: 102.143 Loading class java/nio/file/SimpleFileVisitor done
Event: 102.144 Loading class java/nio/file/DirectoryIteratorException
Event: 102.144 Loading class java/nio/file/DirectoryIteratorException done
Event: 102.613 Loading class java/nio/file/Files$2
Event: 102.614 Loading class java/nio/file/Files$2 done
Event: 103.191 Loading class sun/rmi/transport/DGCClient$EndpointEntry$CleanRequest
Event: 103.192 Loading class sun/rmi/transport/DGCClient$EndpointEntry$CleanRequest done
Event: 103.335 Loading class java/text/BreakIterator
Event: 103.336 Loading class java/text/BreakIterator done
Event: 103.348 Loading class java/util/regex/Pattern$Pos
Event: 103.348 Loading class java/util/regex/Pattern$Pos done
Event: 103.355 Loading class java/util/function/ToIntBiFunction
Event: 103.356 Loading class java/util/function/ToIntBiFunction done
Event: 103.360 Loading class java/nio/file/Path$1
Event: 103.360 Loading class java/nio/file/Path$1 done
Event: 103.741 Loading class java/util/EnumMap$Values
Event: 103.741 Loading class java/util/EnumMap$Values done
Event: 103.741 Loading class java/util/EnumMap$ValueIterator
Event: 103.741 Loading class java/util/EnumMap$ValueIterator done

Classes unloaded (20 events):
Event: 74.782 Thread 0x00000262666184d0 Unloading class 0x0000000101133ce8 'dagger/hilt/processor/internal/BaseProcessingStep'
Event: 74.782 Thread 0x00000262666184d0 Unloading class 0x0000000101133ab8 'dagger/spi/internal/shaded/androidx/room3/compiler/processing/XProcessingStep'
Event: 74.782 Thread 0x00000262666184d0 Unloading class 0x00000001011337f0 'dagger/hilt/processor/internal/uninstallmodules/KspUninstallModulesProcessor'
Event: 74.782 Thread 0x00000262666184d0 Unloading class 0x0000000101133528 'dagger/hilt/processor/internal/KspBaseProcessingStepProcessor'
Event: 74.782 Thread 0x00000262666184d0 Unloading class 0x0000000101133268 'dagger/spi/internal/shaded/androidx/room3/compiler/processing/ksp/KspBasicAnnotationProcessor'
Event: 74.782 Thread 0x00000262666184d0 Unloading class 0x0000000101133038 'dagger/spi/internal/shaded/androidx/room3/compiler/processing/XBasicAnnotationProcessor'
Event: 74.782 Thread 0x00000262666184d0 Unloading class 0x0000000101132de0 'dagger/internal/codegen/KspComponentProcessor$Provider'
Event: 74.782 Thread 0x00000262666184d0 Unloading class 0x0000000101132b90 'dagger/hilt/android/processor/internal/customtestapplication/KspCustomTestApplicationProcessor$Provider'
Event: 74.782 Thread 0x00000262666184d0 Unloading class 0x0000000101132940 'dagger/hilt/processor/internal/generatesrootinput/KspGeneratesRootInputProcessor$Provider'
Event: 74.782 Thread 0x00000262666184d0 Unloading class 0x00000001011326f0 'dagger/hilt/processor/internal/aggregateddeps/KspAggregatedDepsProcessor$Provider'
Event: 74.782 Thread 0x00000262666184d0 Unloading class 0x00000001011324a0 'dagger/hilt/processor/internal/aliasof/KspAliasOfProcessor$Provider'
Event: 74.782 Thread 0x00000262666184d0 Unloading class 0x0000000101132250 'dagger/hilt/processor/internal/root/KspRootProcessor$Provider'
Event: 74.782 Thread 0x00000262666184d0 Unloading class 0x0000000101132000 'dagger/hilt/processor/internal/root/KspComponentTreeDepsProcessor$Provider'
Event: 74.782 Thread 0x00000262666184d0 Unloading class 0x0000000101131b90 'dagger/hilt/android/processor/internal/bindvalue/KspBindValueProcessor$Provider'
Event: 74.782 Thread 0x00000262666184d0 Unloading class 0x0000000101131940 'dagger/hilt/processor/internal/originatingelement/KspOriginatingElementProcessor$Provider'
Event: 74.782 Thread 0x00000262666184d0 Unloading class 0x00000001011316f0 'dagger/hilt/processor/internal/definecomponent/KspDefineComponentProcessor$Provider'
Event: 74.782 Thread 0x00000262666184d0 Unloading class 0x00000001011314a0 'dagger/hilt/android/processor/internal/androidentrypoint/KspAndroidEntryPointProcessor$Provider'
Event: 74.782 Thread 0x00000262666184d0 Unloading class 0x0000000101131250 'dagger/hilt/processor/internal/earlyentrypoint/KspEarlyEntryPointProcessor$Provider'
Event: 74.782 Thread 0x00000262666184d0 Unloading class 0x0000000101131000 'dagger/hilt/android/processor/internal/viewmodel/KspViewModelProcessor$Provider'
Event: 74.782 Thread 0x00000262666184d0 Unloading class 0x0000000101130c00 'dagger/hilt/processor/internal/uninstallmodules/KspUninstallModulesProcessor$Provider'

Classes redefined (0 events):
No events

Internal exceptions (20 events):
Event: 105.094 Thread 0x000002626e940090 Exception <a 'sun/nio/fs/WindowsException'{0x000000009400d450}> (0x000000009400d450) 
thrown [s\src\hotspot\share\prims\jni.cpp, line 537]
Event: 105.097 Thread 0x000002626f97cfa0 Exception <a 'sun/nio/fs/WindowsException'{0x00000000940a29f8}> (0x00000000940a29f8) 
thrown [s\src\hotspot\share\prims\jni.cpp, line 537]
Event: 105.103 Thread 0x000002626e5c8c50 Exception <a 'sun/nio/fs/WindowsException'{0x0000000093820f58}> (0x0000000093820f58) 
thrown [s\src\hotspot\share\prims\jni.cpp, line 537]
Event: 105.103 Thread 0x000002626e942e80 Exception <a 'sun/nio/fs/WindowsException'{0x00000000938de520}> (0x00000000938de520) 
thrown [s\src\hotspot\share\prims\jni.cpp, line 537]
Event: 105.111 Thread 0x000002626e9427f0 Exception <a 'sun/nio/fs/WindowsException'{0x0000000092f2b9f8}> (0x0000000092f2b9f8) 
thrown [s\src\hotspot\share\prims\jni.cpp, line 537]
Event: 105.115 Thread 0x000002626e940090 Exception <a 'sun/nio/fs/WindowsException'{0x0000000092ccd1d8}> (0x0000000092ccd1d8) 
thrown [s\src\hotspot\share\prims\jni.cpp, line 537]
Event: 105.117 Thread 0x000002626e5c57d0 Exception <a 'sun/nio/fs/WindowsException'{0x0000000092acde98}> (0x0000000092acde98) 
thrown [s\src\hotspot\share\prims\jni.cpp, line 537]
Event: 105.120 Thread 0x000002626f97cfa0 Exception <a 'sun/nio/fs/WindowsException'{0x00000000927abeb8}> (0x00000000927abeb8) 
thrown [s\src\hotspot\share\prims\jni.cpp, line 537]
Event: 105.124 Thread 0x000002626e942e80 Exception <a 'sun/nio/fs/WindowsException'{0x00000000923e1f90}> (0x00000000923e1f90) 
thrown [s\src\hotspot\share\prims\jni.cpp, line 537]
Event: 105.125 Thread 0x000002626e5ca000 Exception <a 'sun/nio/fs/WindowsException'{0x00000000922974c0}> (0x00000000922974c0) 
thrown [s\src\hotspot\share\prims\jni.cpp, line 537]
Event: 105.134 Thread 0x000002626e944230 Exception <a 'sun/nio/fs/WindowsException'{0x0000000091bb96c8}> (0x0000000091bb96c8) 
thrown [s\src\hotspot\share\prims\jni.cpp, line 537]
Event: 105.141 Thread 0x000002626e9427f0 Exception <a 'sun/nio/fs/WindowsException'{0x00000000918a74e0}> (0x00000000918a74e0) 
thrown [s\src\hotspot\share\prims\jni.cpp, line 537]
Event: 105.144 Thread 0x000002626e5c57d0 Exception <a 'sun/nio/fs/WindowsException'{0x000000009159a660}> (0x000000009159a660) 
thrown [s\src\hotspot\share\prims\jni.cpp, line 537]
Event: 105.183 Thread 0x000002626f97cfa0 Exception <a 'sun/nio/fs/WindowsException'{0x0000000090d3ac48}> (0x0000000090d3ac48) 
thrown [s\src\hotspot\share\prims\jni.cpp, line 537]
Event: 105.187 Thread 0x000002626e5ca000 Exception <a 'sun/nio/fs/WindowsException'{0x0000000090914fd0}> (0x0000000090914fd0) 
thrown [s\src\hotspot\share\prims\jni.cpp, line 537]
Event: 105.191 Thread 0x000002626e5c8c50 Exception <a 'sun/nio/fs/WindowsException'{0x000000009064f8a0}> (0x000000009064f8a0) 
thrown [s\src\hotspot\share\prims\jni.cpp, line 537]
Event: 105.192 Thread 0x000002626e940090 Exception <a 'sun/nio/fs/WindowsException'{0x00000000915141e0}> (0x00000000915141e0) 
thrown [s\src\hotspot\share\prims\jni.cpp, line 537]
Event: 105.193 Thread 0x000002626e944230 Exception <a 'sun/nio/fs/WindowsException'{0x0000000090504070}> (0x0000000090504070) 
thrown [s\src\hotspot\share\prims\jni.cpp, line 537]
Event: 105.194 Thread 0x000002626e9427f0 Exception <a 'sun/nio/fs/WindowsException'{0x00000000905a4e08}> (0x00000000905a4e08) 
thrown [s\src\hotspot\share\prims\jni.cpp, line 537]
Event: 105.201 Thread 0x000002626e942e80 Exception <a 'sun/nio/fs/WindowsException'{0x00000000902eb1c0}> (0x00000000902eb1c0) 
thrown [s\src\hotspot\share\prims\jni.cpp, line 537]

ZGC Phase Switch (0 events):
No events

VM Operations (20 events):
Event: 103.301 Executing VM operation: HandshakeAllThreads (Deoptimize) done
Event: 103.418 Executing VM operation: ICBufferFull
Event: 103.418 Executing VM operation: ICBufferFull done
Event: 103.494 Executing VM operation: ICBufferFull
Event: 103.494 Executing VM operation: ICBufferFull done
Event: 103.726 Executing VM operation: ICBufferFull
Event: 103.726 Executing VM operation: ICBufferFull done
Event: 103.745 Executing VM operation: HandshakeAllThreads (Deoptimize)
Event: 103.745 Executing VM operation: HandshakeAllThreads (Deoptimize) done
Event: 103.829 Executing VM operation: HandshakeAllThreads (Deoptimize)
Event: 103.829 Executing VM operation: HandshakeAllThreads (Deoptimize) done
Event: 104.534 Executing VM operation: ICBufferFull
Event: 104.534 Executing VM operation: ICBufferFull done
Event: 104.599 Executing VM operation: G1CollectForAllocation (G1 Evacuation Pause)
Event: 104.661 Executing VM operation: G1CollectForAllocation (G1 Evacuation Pause) done
Event: 104.868 Executing VM operation: G1CollectForAllocation (G1 Evacuation Pause)
Event: 104.894 Executing VM operation: G1CollectForAllocation (G1 Evacuation Pause) done
Event: 105.154 Executing VM operation: G1PauseRemark
Event: 105.179 Executing VM operation: G1PauseRemark done
Event: 105.202 Executing VM operation: G1CollectForAllocation (G1 Evacuation Pause)

Memory protections (0 events):
No events

Nmethod flushes (20 events):
Event: 105.176 Thread 0x00000262666184d0 flushing  nmethod 0x00000262528a1b90
Event: 105.176 Thread 0x00000262666184d0 flushing  nmethod 0x0000026252bdd990
Event: 105.176 Thread 0x00000262666184d0 flushing  nmethod 0x0000026253107f10
Event: 105.176 Thread 0x00000262666184d0 flushing  nmethod 0x0000026253577a10
Event: 105.176 Thread 0x00000262666184d0 flushing  nmethod 0x000002625359b990
Event: 105.176 Thread 0x00000262666184d0 flushing  nmethod 0x000002625382c010
Event: 105.176 Thread 0x00000262666184d0 flushing  nmethod 0x0000026253a20210
Event: 105.176 Thread 0x00000262666184d0 flushing  nmethod 0x0000026253bc5290
Event: 105.176 Thread 0x00000262666184d0 flushing  nmethod 0x0000026253bc5790
Event: 105.176 Thread 0x00000262666184d0 flushing  nmethod 0x0000026254361710
Event: 105.176 Thread 0x00000262666184d0 flushing  nmethod 0x0000026254361b10
Event: 105.176 Thread 0x00000262666184d0 flushing  nmethod 0x0000026254363290
Event: 105.176 Thread 0x00000262666184d0 flushing  nmethod 0x0000026254364290
Event: 105.176 Thread 0x00000262666184d0 flushing  nmethod 0x00000262547e9510
Event: 105.176 Thread 0x00000262666184d0 flushing  nmethod 0x0000026254884110
Event: 105.177 Thread 0x00000262666184d0 flushing  nmethod 0x0000026255083690
Event: 105.177 Thread 0x00000262666184d0 flushing  nmethod 0x0000026255083e10
Event: 105.177 Thread 0x00000262666184d0 flushing  nmethod 0x0000026255084310
Event: 105.177 Thread 0x00000262666184d0 flushing  nmethod 0x0000026255085d90
Event: 105.177 Thread 0x00000262666184d0 flushing  nmethod 0x0000026255188d10

Events (20 events):
Event: 79.881 Thread 0x000002627c436df0 Thread added: 0x000002627c439be0
Event: 79.881 Thread 0x0000026278a17650 Thread exited: 0x0000026278a17650
Event: 80.663 Thread 0x0000026276e6ff30 Thread exited: 0x0000026276e6ff30
Event: 89.235 Thread 0x000002627054c7f0 Thread exited: 0x000002627054c7f0
Event: 97.806 Thread 0x0000026270546c10 Thread exited: 0x0000026270546c10
Event: 100.714 Thread 0x0000026266811d30 Thread added: 0x0000026278a17650
Event: 100.993 Thread 0x0000026278a17650 Thread exited: 0x0000026278a17650
Event: 101.001 Thread 0x000002626f97cfa0 Thread added: 0x000002627c43a270
Event: 101.435 Thread 0x00000262667f85f0 Thread added: 0x0000026278aa8280
Event: 102.014 Thread 0x0000026266811d30 Thread added: 0x000002627cbd8b80
Event: 103.195 Thread 0x000002627c437b10 Thread exited: 0x000002627c437b10
Event: 103.917 Thread 0x000002626f97cfa0 Thread added: 0x000002627c43a900
Event: 103.917 Thread 0x000002627cbd8b80 Thread exited: 0x000002627cbd8b80
Event: 103.917 Thread 0x000002626f97cfa0 Thread added: 0x000002627c439550
Event: 103.918 Thread 0x000002626f97cfa0 Thread added: 0x000002627c43af90
Event: 103.918 Thread 0x000002626f97cfa0 Thread added: 0x000002627c437b10
Event: 103.918 Thread 0x000002626f97cfa0 Thread added: 0x000002627c43c9d0
Event: 103.918 Thread 0x000002626f97cfa0 Thread added: 0x000002627c43f7c0
Event: 103.918 Thread 0x000002626f97cfa0 Thread added: 0x000002627c43d060
Event: 105.126 Thread 0x0000026278aa8280 Thread exited: 0x0000026278aa8280


Dynamic libraries:
0x00007ff7eb740000 - 0x00007ff7eb74a000 	C:\Program Files\Android\Android Studio\jbr\bin\java.exe
0x00007ffba31c0000 - 0x00007ffba3423000 	C:\Windows\SYSTEM32\ntdll.dll
0x00007ffba2560000 - 0x00007ffba2628000 	C:\Windows\System32\KERNEL32.DLL
0x00007ffba0990000 - 0x00007ffba0d42000 	C:\Windows\System32\KERNELBASE.dll
0x00007ffba0590000 - 0x00007ffba06db000 	C:\Windows\System32\ucrtbase.dll
0x00007ffb98380000 - 0x00007ffb98398000 	C:\Program Files\Android\Android Studio\jbr\bin\jli.dll
0x00007ffb98400000 - 0x00007ffb9841b000 	C:\Program Files\Android\Android Studio\jbr\bin\VCRUNTIME140.dll
0x00007ffba2aa0000 - 0x00007ffba2c68000 	C:\Windows\System32\USER32.dll
0x00007ffba0ff0000 - 0x00007ffba1017000 	C:\Windows\System32\win32u.dll
0x00007ffba1020000 - 0x00007ffba104a000 	C:\Windows\System32\GDI32.dll
0x00007ffba06e0000 - 0x00007ffba080b000 	C:\Windows\System32\gdi32full.dll
0x00007ffb86790000 - 0x00007ffb86a20000 	C:\Windows\WinSxS\amd64_microsoft.windows.common-controls_6595b64144ccf1df_6.0.26100.2454_none_3e0b68a2e331ad60\COMCTL32.dll
0x00007ffba0e80000 - 0x00007ffba0f23000 	C:\Windows\System32\msvcp_win.dll
0x00007ffba30d0000 - 0x00007ffba3179000 	C:\Windows\System32\msvcrt.dll
0x00007ffba1050000 - 0x00007ffba107f000 	C:\Windows\System32\IMM32.DLL
0x00007ffb98460000 - 0x00007ffb9846c000 	C:\Program Files\Android\Android Studio\jbr\bin\vcruntime140_1.dll
0x00007ffb8b140000 - 0x00007ffb8b1cd000 	C:\Program Files\Android\Android Studio\jbr\bin\msvcp140.dll
0x00007ffb3b110000 - 0x00007ffb3bda6000 	C:\Program Files\Android\Android Studio\jbr\bin\server\jvm.dll
0x00007ffba2760000 - 0x00007ffba2814000 	C:\Windows\System32\ADVAPI32.dll
0x00007ffba3020000 - 0x00007ffba30c6000 	C:\Windows\System32\sechost.dll
0x00007ffba2980000 - 0x00007ffba2a96000 	C:\Windows\System32\RPCRT4.dll
0x00007ffba2c70000 - 0x00007ffba2ce4000 	C:\Windows\System32\WS2_32.dll
0x00007ffb9f200000 - 0x00007ffb9f24e000 	C:\Windows\SYSTEM32\POWRPROF.dll
0x00007ffb874f0000 - 0x00007ffb87526000 	C:\Windows\SYSTEM32\WINMM.dll
0x00007ffb97ea0000 - 0x00007ffb97eab000 	C:\Windows\SYSTEM32\VERSION.dll
0x00007ffb9f1e0000 - 0x00007ffb9f1f4000 	C:\Windows\SYSTEM32\UMPDC.dll
0x00007ffb9f4a0000 - 0x00007ffb9f4ba000 	C:\Windows\SYSTEM32\kernel.appcore.dll
0x00007ffb983f0000 - 0x00007ffb983fa000 	C:\Program Files\Android\Android Studio\jbr\bin\jimage.dll
0x00007ffb9dc90000 - 0x00007ffb9ded1000 	C:\Windows\SYSTEM32\DBGHELP.DLL
0x00007ffba2110000 - 0x00007ffba248e000 	C:\Windows\System32\combase.dll
0x00007ffba1110000 - 0x00007ffba11e6000 	C:\Windows\System32\OLEAUT32.dll
0x00007ffb89fe0000 - 0x00007ffb8a019000 	C:\Windows\SYSTEM32\dbgcore.DLL
0x00007ffba0d50000 - 0x00007ffba0de9000 	C:\Windows\System32\bcryptPrimitives.dll
0x00007ffb984f0000 - 0x00007ffb984fe000 	C:\Program Files\Android\Android Studio\jbr\bin\instrument.dll
0x00007ffb974c0000 - 0x00007ffb974e0000 	C:\Program Files\Android\Android Studio\jbr\bin\java.dll
0x00007ffb97450000 - 0x00007ffb97468000 	C:\Program Files\Android\Android Studio\jbr\bin\zip.dll
0x00007ffba1860000 - 0x00007ffba1f60000 	C:\Windows\System32\SHELL32.dll
0x00007ffb9e280000 - 0x00007ffb9eab1000 	C:\Windows\SYSTEM32\windows.storage.dll
0x00007ffba2630000 - 0x00007ffba270a000 	C:\Windows\System32\SHCORE.dll
0x00007ffba2920000 - 0x00007ffba297d000 	C:\Windows\System32\shlwapi.dll
0x00007ffba04a0000 - 0x00007ffba04ce000 	C:\Windows\SYSTEM32\profapi.dll
0x00007ffb98220000 - 0x00007ffb98230000 	C:\Program Files\Android\Android Studio\jbr\bin\net.dll
0x00007ffb999c0000 - 0x00007ffb99ae6000 	C:\Windows\SYSTEM32\WINHTTP.dll
0x00007ffb9f980000 - 0x00007ffb9f9e8000 	C:\Windows\system32\mswsock.dll
0x00007ffb958f0000 - 0x00007ffb95906000 	C:\Program Files\Android\Android Studio\jbr\bin\nio.dll
0x00007ffb8cd10000 - 0x00007ffb8cd20000 	C:\Program Files\Android\Android Studio\jbr\bin\verify.dll
0x00007ffb98480000 - 0x00007ffb984a7000 	C:\Users\Albaheth\.gradle\native\1def1411415f61bf3af743bc5b6707747c0891f09f0c88961ee8f79bc544acac\windows-amd64\native-platform.dll
0x00007ffb8b520000 - 0x00007ffb8b597000 	C:\Users\Albaheth\.gradle\native\0.2.8\x86_64-windows-gnu\gradle-fileevents.dll
0x00007ffb958e0000 - 0x00007ffb958e9000 	C:\Program Files\Android\Android Studio\jbr\bin\management.dll
0x00007ffb95810000 - 0x00007ffb9581b000 	C:\Program Files\Android\Android Studio\jbr\bin\management_ext.dll
0x00007ffba24d0000 - 0x00007ffba24d8000 	C:\Windows\System32\PSAPI.DLL
0x00007ffb9eef0000 - 0x00007ffb9ef22000 	C:\Windows\SYSTEM32\IPHLPAPI.DLL
0x00007ffba2e50000 - 0x00007ffba2e5a000 	C:\Windows\System32\NSI.dll
0x00007ffb98190000 - 0x00007ffb98199000 	C:\Program Files\Android\Android Studio\jbr\bin\extnet.dll
0x00007ffb9fd30000 - 0x00007ffb9fd4c000 	C:\Windows\SYSTEM32\CRYPTSP.dll
0x00007ffb9f400000 - 0x00007ffb9f438000 	C:\Windows\system32\rsaenh.dll
0x00007ffb9fa20000 - 0x00007ffb9fa4b000 	C:\Windows\SYSTEM32\USERENV.dll
0x00007ffb9fec0000 - 0x00007ffb9fee6000 	C:\Windows\SYSTEM32\bcrypt.dll
0x00007ffb9fbb0000 - 0x00007ffb9fbbc000 	C:\Windows\SYSTEM32\CRYPTBASE.dll
0x00007ffb1aab0000 - 0x00007ffb1aab8000 	C:\Windows\system32\wshunix.dll
0x00007ffb48bb0000 - 0x00007ffb48d48000 	C:\Program Files\Android\Android Studio\jbr\bin\awt.dll
0x00007ffb9a530000 - 0x00007ffb9a55e000 	C:\Windows\SYSTEM32\dwmapi.dll
0x00007ffb61070000 - 0x00007ffb610ec000 	C:\Windows\SYSTEM32\OLEACC.dll
0x00007ffb95820000 - 0x00007ffb95864000 	C:\Program Files\Android\Android Studio\jbr\bin\nvdaControllerClient64.dll
0x00007ffb97570000 - 0x00007ffb9760c000 	C:\Windows\SYSTEM32\apphelp.dll
0x00007ffb9a0f0000 - 0x00007ffb9a19d000 	C:\Windows\system32\uxtheme.dll
0x00007ffba2cf0000 - 0x00007ffba2e4c000 	C:\Windows\System32\MSCTF.dll
0x00007ffba1f70000 - 0x00007ffba2109000 	C:\Windows\System32\ole32.dll
0x00007ffb9f5c0000 - 0x00007ffb9f5f5000 	C:\Windows\SYSTEM32\ntmarta.dll
0x00007ffb98450000 - 0x00007ffb98457000 	C:\Program Files\Android\Android Studio\jbr\bin\rmi.dll

JVMTI agents:
C:\Users\Albaheth\.gradle\wrapper\dists\gradle-9.1.0-bin\9agqghryom9wkf8r80qlhnts3\gradle-9.1.0\lib\agents\gradle-instrumentation-agent-9.1.0.jar path:C:\Program Files\Android\Android Studio\jbr\bin\instrument.dll, loaded, initialized, instrumentlib options:none

dbghelp: loaded successfully - version: 4.0.5 - missing functions: none
symbol engine: initialized successfully - sym options: 0x614 - pdb path: .;C:\Program Files\Android\Android Studio\jbr\bin;C:\Windows\SYSTEM32;C:\Windows\WinSxS\amd64_microsoft.windows.common-controls_6595b64144ccf1df_6.0.26100.2454_none_3e0b68a2e331ad60;C:\Program Files\Android\Android Studio\jbr\bin\server;C:\Users\Albaheth\.gradle\native\1def1411415f61bf3af743bc5b6707747c0891f09f0c88961ee8f79bc544acac\windows-amd64;C:\Users\Albaheth\.gradle\native\0.2.8\x86_64-windows-gnu

VM Arguments:
jvm_args: --add-opens=java.base/java.lang=ALL-UNNAMED --add-opens=java.base/java.lang.invoke=ALL-UNNAMED --add-opens=java.base/java.util=ALL-UNNAMED --add-opens=java.prefs/java.util.prefs=ALL-UNNAMED --add-exports=jdk.compiler/com.sun.tools.javac.api=ALL-UNNAMED --add-exports=jdk.compiler/com.sun.tools.javac.util=ALL-UNNAMED --add-opens=java.base/java.util=ALL-UNNAMED --add-opens=java.prefs/java.util.prefs=ALL-UNNAMED --add-opens=java.base/java.nio.charset=ALL-UNNAMED --add-opens=java.base/java.net=ALL-UNNAMED --add-opens=java.base/java.util.concurrent=ALL-UNNAMED --add-opens=java.base/java.util.concurrent.atomic=ALL-UNNAMED --add-opens=java.xml/javax.xml.namespace=ALL-UNNAMED --add-opens=java.base/java.time=ALL-UNNAMED -Xmx2048m -Dfile.encoding=UTF-8 -Duser.country=US -Duser.language=en -Duser.variant -javaagent:C:\Users\Albaheth\.gradle\wrapper\dists\gradle-9.1.0-bin\9agqghryom9wkf8r80qlhnts3\gradle-9.1.0\lib\agents\gradle-instrumentation-agent-9.1.0.jar 
java_command: org.gradle.launcher.daemon.bootstrap.GradleDaemon 9.1.0
java_class_path (initial): C:\Users\Albaheth\.gradle\wrapper\dists\gradle-9.1.0-bin\9agqghryom9wkf8r80qlhnts3\gradle-9.1.0\lib\gradle-daemon-main-9.1.0.jar
Launcher Type: SUN_STANDARD

[Global flags]
     intx CICompilerCount                          = 4                                         {product} {ergonomic}
     uint ConcGCThreads                            = 2                                         {product} {ergonomic}
     uint G1ConcRefinementThreads                  = 8                                         {product} {ergonomic}
   size_t G1HeapRegionSize                         = 1048576                                   {product} {ergonomic}
    uintx GCDrainStackTargetSize                   = 64                                        {product} {ergonomic}
   size_t InitialHeapSize                          = 132120576                                 {product} {ergonomic}
   size_t MarkStackSize                            = 4194304                                   {product} {ergonomic}
   size_t MaxHeapSize                              = 2147483648                                {product} {command line}
   size_t MaxNewSize                               = 1287651328                                {product} {ergonomic}
   size_t MinHeapDeltaBytes                        = 1048576                                   {product} {ergonomic}
   size_t MinHeapSize                              = 8388608                                   {product} {ergonomic}
    uintx NonNMethodCodeHeapSize                   = 5839372                                {pd product} {ergonomic}
    uintx NonProfiledCodeHeapSize                  = 122909434                              {pd product} {ergonomic}
    uintx ProfiledCodeHeapSize                     = 122909434                              {pd product} {ergonomic}
    uintx ReservedCodeCacheSize                    = 251658240                              {pd product} {ergonomic}
     bool SegmentedCodeCache                       = true                                      {product} {ergonomic}
   size_t SoftMaxHeapSize                          = 2147483648                             {manageable} {ergonomic}
     bool UseCompressedOops                        = true                           {product lp64_product} {ergonomic}
     bool UseG1GC                                  = true                                      {product} {ergonomic}
     bool UseLargePagesIndividualAllocation        = false                                  {pd product} {ergonomic}

Logging:
Log output configuration:
 #0: stdout all=warning uptime,level,tags foldmultilines=false
 #1: stderr all=off uptime,level,tags foldmultilines=false

Release file:
JAVA_VERSION="21.0.9" 
MODULES="java.base java.compiler java.datatransfer java.xml java.prefs java.desktop java.instrument java.logging java.management java.security.sasl java.naming java.rmi java.management.rmi java.net.http java.scripting java.security.jgss java.transaction.xa java.sql java.sql.rowset java.xml.crypto java.se java.smartcardio jdk.accessibility jdk.internal.jvmstat jdk.attach jdk.charsets jdk.internal.opt jdk.zipfs jdk.compiler jdk.crypto.ec jdk.crypto.cryptoki jdk.dynalink jdk.hotspot.agent jdk.httpserver jdk.internal.ed jdk.internal.le jdk.internal.vm.ci jdk.jartool jdk.javadoc jdk.jcmd jdk.jdeps jdk.jdwp.agent jdk.jdi jdk.jfr jdk.jlink jdk.jsobject jdk.localedata jdk.management jdk.management.agent jdk.management.jfr jdk.naming.dns jdk.naming.rmi jdk.net jdk.sctp jdk.security.auth jdk.security.jgss jdk.unsupported jdk.unsupported.desktop jdk.xml.dom" 
IMPLEMENTOR="JetBrains s.r.o." 
JAVA_RUNTIME_VERSION="21.0.9+-14649483-b1163.86" 
LIBC="default" 
OS_ARCH="x86_64" 
OS_NAME="Windows" 
SOURCE=".:git:554d0c326095" 

Environment Variables:
JAVA_HOME=C:\oracleJdk-25
PATH=C:\oracleJdk-25\bin;C:\javafx-25;C:\xampp\php;C:\Windows\system32;C:\Windows;C:\Windows\System32\Wbem;C:\Windows\System32\WindowsPowerShell\v1.0\;C:\Windows\System32\OpenSSH\;C:\Program Files\dotnet\;C:\Program Files\Git\cmd;C:\Program Files\nodejs\;C:\Users\Albaheth\Downloads\winlibs-x86_64-posix-seh-gcc-14.2.0-llvm-18.1.8-mingw-w64ucrt-12.0.0-r1\mingw64\bin;C:\win_flex_bison-latest;C:\Users\Albaheth\Downloads\winlibs-x86_64-posix-seh-gcc-14.2.0-llvm-18.1.8-mingw-w64ucrt-12.0.0-r1\mingw64\bin;C:\Users\Albaheth\AppData\Local\Programs\Python\Python314\Scripts\;C:\Users\Albaheth\AppData\Local\Programs\Python\Python314\;C:\Users\Albaheth\AppData\Local\Programs\Python\Launcher\;C:\Users\Albaheth\AppData\Local\Microsoft\WindowsApps;C:\Users\Albaheth\AppData\Local\Programs\Microsoft VS Code\bin;C:\Users\Albaheth\AppData\Roaming\npm;C:\Flex Windows\gcc\bin;C:\Flex Windows\Lex\bin;C:\Flex Windows\bison\bin;C:\Users\Albaheth\Downloads\openjdk-25.0.1_windows-x64_bin\bin;
USERNAME=Dell Abir
OS=Windows_NT
PROCESSOR_IDENTIFIER=Intel64 Family 6 Model 142 Stepping 12, GenuineIntel
TMP=C:\Users\Albaheth\AppData\Local\Temp
TEMP=C:\Users\Albaheth\AppData\Local\Temp




Periodic native trim disabled

JNI global refs:
JNI global refs: 54, weak refs: 0

JNI global refs memory usage: 835, weak refs: 201

Process memory usage:
Resident Set Size: 781988K (9% of 8162212K total physical memory with 625620K free physical memory)

OOME stack traces (most recent first):
Classloader memory used:
Loader java.net.URLClassLoader                                                         : 67266K
Loader org.gradle.internal.classloader.VisitableURLClassLoader                         : 46867K
Loader org.gradle.internal.classloader.VisitableURLClassLoader$InstrumentingVisitableURLClassLoader: 33445K
Loader bootstrap                                                                       : 33440K
Loader org.gradle.initialization.MixInLegacyTypesClassLoader                           : 13660K
Loader jdk.internal.loader.ClassLoaders$AppClassLoader                                 : 8714K
Loader jdk.internal.loader.ClassLoaders$PlatformClassLoader                            : 664K
Loader jdk.internal.jrtfs.JrtFileSystemProvider$JrtFsLoader                            : 619K
Loader jdk.internal.reflect.DelegatingClassLoader                                      : 604K
Loader org.gradle.internal.classloader.VisitableURLClassLoader                         : 311K
Loader org.gradle.groovy.scripts.internal.DefaultScriptCompilationHandler$ScriptClassLoader: 127K

Classes loaded by more than one classloader:
Class Program                                                                         : loaded 5 times (x 72B)
Class jdk.internal.jimage.ImageStrings                                                : loaded 3 times (x 70B)
Class jdk.internal.jimage.ImageReader$Directory                                       : loaded 3 times (x 84B)
Class jdk.internal.jrtfs.JrtPath                                                      : loaded 3 times (x 118B)
Class jdk.internal.jimage.ImageBufferCache                                            : loaded 3 times (x 71B)
Class jdk.internal.jimage.decompressor.Decompressor                                   : loaded 3 times (x 72B)
Class jdk.internal.jimage.BasicImageReader$1                                          : loaded 3 times (x 77B)
Class jdk.internal.jimage.ImageReader$Node                                            : loaded 3 times (x 84B)
Class jdk.internal.jimage.ImageReader$SharedImageReader                               : loaded 3 times (x 95B)
Class jdk.internal.jrtfs.JrtFileSystem                                                : loaded 3 times (x 102B)
Class jdk.internal.jimage.ImageReader                                                 : loaded 3 times (x 75B)
Class jdk.internal.jimage.BasicImageReader                                            : loaded 3 times (x 95B)
Class jdk.internal.jimage.ImageStringsReader                                          : loaded 3 times (x 80B)
Class Build_gradle                                                                    : loaded 3 times (x 126B)
Class jdk.internal.jimage.ImageHeader                                                 : loaded 3 times (x 71B)
Class jdk.internal.jimage.ImageBufferCache$2                                          : loaded 3 times (x 91B)
Class jdk.internal.jimage.ImageBufferCache$1                                          : loaded 3 times (x 83B)
Class jdk.internal.jimage.ImageLocation                                               : loaded 3 times (x 90B)
Class jdk.internal.jrtfs.JrtFileSystemProvider                                        : loaded 3 times (x 101B)
Class com.google.common.io.FileWriteMode                                              : loaded 2 times (x 79B)
Class com.google.common.base.CharMatcher$IsEither                                     : loaded 2 times (x 111B)
Class org.gradle.internal.classloader.ClassLoaderHierarchy                            : loaded 2 times (x 70B)
Class kotlin.jvm.internal.MutablePropertyReference1                                   : loaded 2 times (x 137B)
Class kotlin.jvm.internal.PropertyReference1Impl                                      : loaded 2 times (x 127B)
Class kotlin.SafePublicationLazyImpl$Companion                                        : loaded 2 times (x 71B)
Class com.google.common.collect.AbstractMapBasedMultimap$WrappedCollection            : loaded 2 times (x 124B)
Class com.google.common.collect.ImmutableEnumSet                                      : loaded 2 times (x 146B)
Class com.google.common.util.concurrent.ExecutionError                                : loaded 2 times (x 82B)
Class com.google.common.collect.ImmutableList$1                                       : loaded 2 times (x 97B)
Class org.gradle.api.internal.classpath.ManifestUtil                                  : loaded 2 times (x 71B)
Class kotlin.collections.builders.MapBuilder                                          : loaded 2 times (x 112B)
Class kotlin.ranges.IntProgression$Companion                                          : loaded 2 times (x 71B)
Class com.google.common.collect.RegularImmutableMap                                   : loaded 2 times (x 121B)
Class com.google.common.collect.ImmutableMap$MapViewOfValuesAsSingletonSets           : loaded 2 times (x 126B)
Class jdk.internal.jimage.decompressor.StringSharingDecompressorFactory               : loaded 2 times (x 74B)
Class kotlin.collections.builders.ListBuilder$Itr                                     : loaded 2 times (x 94B)
Class kotlin.sequences.TransformingSequence                                           : loaded 2 times (x 75B)
Class [Lorg.objectweb.asm.Symbol;                                                     : loaded 2 times (x 69B)
Class org.objectweb.asm.ClassVisitor                                                  : loaded 2 times (x 88B)
Class com.google.common.collect.UnmodifiableListIterator                              : loaded 2 times (x 95B)
Class [Lkotlin.reflect.KClass;                                                        : loaded 2 times (x 69B)
Class kotlin.io.LinesSequence                                                         : loaded 2 times (x 75B)
Class com.google.common.collect.MapMakerInternalMap$StrongKeyDummyValueEntry$LinkedStrongKeyDummyValueEntry: loaded 2 times (x 82B)
Class com.google.common.collect.MapMakerInternalMap$Strength                          : loaded 2 times (x 80B)
Class com.google.common.base.Platform$JdkPatternCompiler                              : loaded 2 times (x 75B)
Class org.objectweb.asm.MethodTooLargeException                                       : loaded 2 times (x 83B)
Class [Lcom.google.common.cache.CacheBuilder$OneWeigher;                              : loaded 2 times (x 69B)
Class com.google.common.base.Suppliers                                                : loaded 2 times (x 71B)
Class org.gradle.internal.classloader.DefaultClassLoaderFactory                       : loaded 2 times (x 82B)
Class kotlin.KotlinVersion$Companion                                                  : loaded 2 times (x 71B)
Class kotlin.sequences.SequencesKt___SequencesKt                                      : loaded 2 times (x 71B)
Class kotlin.collections.AbstractList$Companion                                       : loaded 2 times (x 71B)
Class [Lcom.google.common.collect.AbstractIterator$State;                             : loaded 2 times (x 69B)
Class com.google.common.base.CharMatcher$None                                         : loaded 2 times (x 112B)
Class org.gradle.internal.classloader.ClassLoaderVisitor                              : loaded 2 times (x 76B)
Class jdk.internal.jrtfs.ExplodedImage                                                : loaded 2 times (x 77B)
Class kotlin.sequences.SequencesKt___SequencesKt$flatMap$2                            : loaded 2 times (x 125B)
Class kotlin.io.FileTreeWalk$FileTreeWalkIterator                                     : loaded 2 times (x 83B)
Class [Lcom.google.common.collect.ImmutableMapEntry;                                  : loaded 2 times (x 69B)
Class org.gradle.api.internal.classpath.EffectiveClassPath                            : loaded 2 times (x 90B)
Class kotlin.coroutines.ContinuationInterceptor                                       : loaded 2 times (x 70B)
Class kotlin.text.StringsKt__AppendableKt                                             : loaded 2 times (x 71B)
Class com.google.common.collect.ListMultimap                                          : loaded 2 times (x 70B)
Class com.google.common.collect.ImmutableEnumMap                                      : loaded 2 times (x 126B)
Class ijJvmDebugger1_4nk09ie7rajpf56fhqp8qjy4i                                        : loaded 2 times (x 171B)
Class kotlin.jvm.internal.ArrayIteratorKt                                             : loaded 2 times (x 71B)
Class kotlin.reflect.KProperty$Accessor                                               : loaded 2 times (x 70B)
Class [Lkotlin.reflect.KCallable;                                                     : loaded 2 times (x 69B)
Class kotlin.jvm.internal.AdaptedFunctionReference                                    : loaded 2 times (x 77B)
Class com.google.common.collect.ImmutableSet$SerializedForm                           : loaded 2 times (x 73B)
Class com.google.common.base.Splitter                                                 : loaded 2 times (x 72B)
Class com.google.common.collect.Sets$1                                                : loaded 2 times (x 139B)
Class org.objectweb.asm.AnnotationVisitor                                             : loaded 2 times (x 78B)
Class org.gradle.api.internal.DefaultClassPathProvider                                : loaded 2 times (x 76B)
Class kotlin.collections.builders.MapBuilder$EntryRef                                 : loaded 2 times (x 81B)
Class kotlin.sequences.SequenceScope                                                  : loaded 2 times (x 73B)
Class kotlin.text.StringsKt__StringNumberConversionsJVMKt                             : loaded 2 times (x 71B)
Class kotlin.sequences.Sequence                                                       : loaded 2 times (x 70B)
Class com.google.common.collect.MapMakerInternalMap$Strength$1                        : loaded 2 times (x 80B)
Class com.google.common.collect.Maps$ViewCachingAbstractMap                           : loaded 2 times (x 125B)
Class com.google.common.collect.Sets$2                                                : loaded 2 times (x 139B)
Class [Lorg.gradle.api.internal.ClassPathProvider;                                    : loaded 2 times (x 69B)
Class org.gradle.api.internal.ClassPathProvider                                       : loaded 2 times (x 70B)
Class jdk.internal.jrtfs.SystemImage                                                  : loaded 2 times (x 74B)
Class kotlin.jvm.functions.Function20                                                 : loaded 2 times (x 70B)
Class kotlin.collections.CollectionsKt___CollectionsKt$asSequence$$inlined$Sequence$1 : loaded 2 times (x 75B)
Class com.google.common.collect.MapMakerInternalMap$Strength$2                        : loaded 2 times (x 80B)
Class com.google.common.base.AbstractIterator$State                                   : loaded 2 times (x 79B)
Class [Lorg.objectweb.asm.AnnotationVisitor;                                          : loaded 2 times (x 69B)
Class com.google.common.collect.Sets$3                                                : loaded 2 times (x 139B)
Class com.google.common.cache.LocalCache$LocalLoadingCache                            : loaded 2 times (x 134B)
Class org.gradle.internal.service.UnknownServiceException                             : loaded 2 times (x 83B)
Class kotlin.jvm.functions.Function21                                                 : loaded 2 times (x 70B)
Class com.google.common.collect.MapMakerInternalMap$StrongValueEntry                  : loaded 2 times (x 70B)
Class com.google.common.collect.Sets$4                                                : loaded 2 times (x 139B)
Class org.objectweb.asm.ModuleVisitor                                                 : loaded 2 times (x 81B)
Class com.google.common.cache.LocalCache$Strength$1                                   : loaded 2 times (x 81B)
Class kotlin.annotation.AnnotationRetention                                           : loaded 2 times (x 79B)
Class kotlin.collections.builders.MapBuilderEntries                                   : loaded 2 times (x 145B)
Class kotlin.jvm.functions.Function22                                                 : loaded 2 times (x 70B)
Class kotlin.collections.MapWithDefault                                               : loaded 2 times (x 70B)
Class kotlin.coroutines.jvm.internal.SuspendLambda                                    : loaded 2 times (x 91B)
Class kotlin.coroutines.jvm.internal.ContinuationImpl                                 : loaded 2 times (x 87B)
Class com.google.common.util.concurrent.SettableFuture                                : loaded 2 times (x 114B)
Class com.google.common.cache.LocalCache$Strength$2                                   : loaded 2 times (x 81B)
Class jdk.internal.jrtfs.JrtFileStore                                                 : loaded 2 times (x 83B)
Class kotlin.reflect.KTypeParameter                                                   : loaded 2 times (x 70B)
Class kotlin.text.StringsKt__RegexExtensionsJVMKt                                     : loaded 2 times (x 71B)
Class kotlin.collections.ArraysKt___ArraysJvmKt                                       : loaded 2 times (x 71B)
Class kotlin.collections.CollectionsKt__CollectionsKt                                 : loaded 2 times (x 71B)
Class com.google.common.collect.Interners$InternerImpl                                : loaded 2 times (x 75B)
Class com.google.common.base.Splitter$1                                               : loaded 2 times (x 77B)
Class com.google.common.collect.Interner                                              : loaded 2 times (x 70B)
Class com.google.common.cache.LocalCache$Strength$3                                   : loaded 2 times (x 81B)
Class com.google.common.collect.MapDifference                                         : loaded 2 times (x 70B)
Class jdk.internal.jimage.ImageReader$LinkNode                                        : loaded 2 times (x 84B)
Class kotlin.text.Regex$Companion                                                     : loaded 2 times (x 71B)
Class kotlin._Assertions                                                              : loaded 2 times (x 71B)
Class com.google.common.collect.MapMaker$Dummy                                        : loaded 2 times (x 79B)
Class org.objectweb.asm.FieldWriter                                                   : loaded 2 times (x 78B)
Class com.google.common.cache.CacheBuilder$NullListener                               : loaded 2 times (x 82B)
Class org.gradle.internal.classpath.TransformedClassPath                              : loaded 2 times (x 96B)
Class org.gradle.internal.classloader.InstrumentingClassLoader                        : loaded 2 times (x 70B)
Class jdk.internal.jrtfs.SystemImage$1                                                : loaded 2 times (x 78B)
Class [Lkotlin.annotation.AnnotationTarget;                                           : loaded 2 times (x 69B)
Class kotlin.jvm.internal.FunctionReference                                           : loaded 2 times (x 122B)
Class [Lkotlin.coroutines.intrinsics.CoroutineSingletons;                             : loaded 2 times (x 69B)
Class kotlin.jvm.internal.FunctionBase                                                : loaded 2 times (x 70B)
Class kotlin.enums.EnumEntriesList                                                    : loaded 2 times (x 223B)
Class com.google.common.collect.ImmutableListMultimap                                 : loaded 2 times (x 176B)
Class com.google.common.cache.CacheLoader$FunctionToCacheLoader                       : loaded 2 times (x 75B)
Class com.google.common.collect.Iterators$ArrayItr                                    : loaded 2 times (x 97B)
Class com.google.common.collect.ImmutableCollection$Builder                           : loaded 2 times (x 76B)
Class jdk.internal.jrtfs.SystemImage$2                                                : loaded 2 times (x 76B)
Class kotlin.comparisons.ComparisonsKt___ComparisonsJvmKt                             : loaded 2 times (x 71B)
Class kotlin.collections.builders.AbstractMapBuilderEntrySet                          : loaded 2 times (x 144B)
Class kotlin.collections.builders.ListBuilder$Companion                               : loaded 2 times (x 71B)
Class kotlin.collections.builders.ListBuilder                                         : loaded 2 times (x 207B)
Class kotlin.collections.CollectionsKt__IteratorsJVMKt                                : loaded 2 times (x 71B)
Class com.google.common.collect.EmptyImmutableListMultimap                            : loaded 2 times (x 176B)
Class com.google.common.collect.BaseImmutableMultimap                                 : loaded 2 times (x 123B)
Class com.google.common.base.Joiner                                                   : loaded 2 times (x 79B)
Class com.google.common.base.MoreObjects                                              : loaded 2 times (x 71B)
Class kotlin.reflect.KProperty0                                                       : loaded 2 times (x 70B)
Class kotlin.Result                                                                   : loaded 2 times (x 72B)
Class com.google.common.collect.Platform                                              : loaded 2 times (x 71B)
Class [Lorg.objectweb.asm.Type;                                                       : loaded 2 times (x 69B)
Class com.google.common.collect.UnmodifiableIterator                                  : loaded 2 times (x 80B)
Class org.gradle.internal.service.ServiceLocator                                      : loaded 2 times (x 70B)
Class [Lcom.google.common.base.AbstractIterator$State;                                : loaded 2 times (x 69B)
Class kotlin.reflect.KClass                                                           : loaded 2 times (x 70B)
Class kotlin.reflect.KProperty1                                                       : loaded 2 times (x 70B)
Class kotlin.sequences.TransformingSequence$iterator$1                                : loaded 2 times (x 79B)
Class kotlin.Pair                                                                     : loaded 2 times (x 72B)
Class com.google.common.base.Ascii                                                    : loaded 2 times (x 71B)
Class com.google.common.collect.SingletonImmutableBiMap                               : loaded 2 times (x 143B)
Class com.google.common.cache.LocalCache$1                                            : loaded 2 times (x 89B)
Class com.google.common.collect.Iterators$SingletonIterator                           : loaded 2 times (x 81B)
Class com.google.common.collect.AbstractMapEntry                                      : loaded 2 times (x 81B)
Class kotlin.reflect.KProperty2                                                       : loaded 2 times (x 70B)
Class kotlin.sequences.GeneratorSequence$iterator$1                                   : loaded 2 times (x 79B)
Class kotlin.collections.CollectionsKt__MutableCollectionsKt                          : loaded 2 times (x 71B)
Class kotlin.io.CloseableKt                                                           : loaded 2 times (x 71B)
Class com.google.common.collect.MapMakerInternalMap$AbstractStrongKeyEntry            : loaded 2 times (x 80B)
Class com.google.common.collect.Sets$ImprovedAbstractSet                              : loaded 2 times (x 135B)
Class com.google.common.collect.ImmutableList$Builder                                 : loaded 2 times (x 77B)
Class com.google.common.collect.AbstractMultimap                                      : loaded 2 times (x 123B)
Class com.google.common.cache.LocalCache$2                                            : loaded 2 times (x 142B)
Class kotlin.io.TerminateException                                                    : loaded 2 times (x 82B)
Class kotlin.io.FilesKt__FilePathComponentsKt                                         : loaded 2 times (x 71B)
Class kotlin.reflect.KCallable                                                        : loaded 2 times (x 70B)
Class kotlin.coroutines.CoroutineContext$Element                                      : loaded 2 times (x 70B)
Class com.google.common.collect.RegularImmutableAsList                                : loaded 2 times (x 217B)
Class kotlin.collections.AbstractIterator                                             : loaded 2 times (x 83B)
Class kotlin.io.LinesSequence$iterator$1                                              : loaded 2 times (x 79B)
Class kotlin.text.CharsKt                                                             : loaded 2 times (x 71B)
Class com.google.common.base.Optional                                                 : loaded 2 times (x 80B)
Class com.google.common.util.concurrent.AbstractFuture$Trusted                        : loaded 2 times (x 70B)
Class com.google.common.collect.Iterators                                             : loaded 2 times (x 71B)
Class jdk.internal.jrtfs.JrtDirectoryStream$1                                         : loaded 2 times (x 83B)
Class [Lcom.google.common.collect.MapMakerInternalMap$Segment;                        : loaded 2 times (x 69B)
Class kotlin.coroutines.ContinuationInterceptor$Key                                   : loaded 2 times (x 71B)
Class kotlin.text.DelimitedRangesSequence$iterator$1                                  : loaded 2 times (x 79B)
Class com.google.common.io.ByteSink$AsCharSink                                        : loaded 2 times (x 80B)
Class com.google.common.collect.Lists$StringAsImmutableList                           : loaded 2 times (x 207B)
Class com.google.common.util.concurrent.UncheckedExecutionException                   : loaded 2 times (x 82B)
Class org.gradle.kotlin.dsl.VersionCatalogAccessorsKt                                 : loaded 2 times (x 71B)
Class kotlin.collections.builders.MapBuilder$EntriesItr                               : loaded 2 times (x 81B)
Class kotlin.io.FileTreeWalk$FileTreeWalkIterator$WhenMappings                        : loaded 2 times (x 71B)
Class org.gradle.internal.InternalTransformer                                         : loaded 2 times (x 70B)
Class kotlin.collections.CollectionsKt__ReversedViewsKt                               : loaded 2 times (x 71B)
Class kotlin.DeprecationLevel                                                         : loaded 2 times (x 79B)
Class kotlin.collections.ArraysKt___ArraysKt$asSequence$$inlined$Sequence$1           : loaded 2 times (x 75B)
Class kotlin.time.DurationUnitKt__DurationUnitJvmKt                                   : loaded 2 times (x 71B)
Class kotlin.collections.MapsKt__MapsJVMKt                                            : loaded 2 times (x 71B)
Class kotlin.collections.EmptyList                                                    : loaded 2 times (x 174B)
Class com.google.common.collect.AbstractMapBasedMultimap$KeySet$1                     : loaded 2 times (x 82B)
Class org.objectweb.asm.ClassWriter                                                   : loaded 2 times (x 106B)
Class com.google.common.cache.CacheLoader$UnsupportedLoadingOperationException        : loaded 2 times (x 82B)
Class com.google.common.base.CharMatcher$And                                          : loaded 2 times (x 112B)
Class org.gradle.internal.classloader.ClasspathUtil$1                                 : loaded 2 times (x 76B)
Class kotlin.sequences.SequencesKt__SequenceBuilderKt                                 : loaded 2 times (x 71B)
Class kotlin.coroutines.ContinuationKt                                                : loaded 2 times (x 71B)
Class kotlin.collections.builders.ListBuilderKt                                       : loaded 2 times (x 71B)
Class com.google.common.collect.FluentIterable$1                                      : loaded 2 times (x 81B)
Class com.google.common.base.Objects                                                  : loaded 2 times (x 71B)
Class org.objectweb.asm.FieldVisitor                                                  : loaded 2 times (x 77B)
Class com.google.common.collect.IndexedImmutableSet                                   : loaded 2 times (x 152B)
Class com.google.common.collect.ImmutableMap$1                                        : loaded 2 times (x 81B)
Class com.google.common.collect.BiMap                                                 : loaded 2 times (x 70B)
Class org.gradle.api.internal.classpath.DefaultModuleRegistry$DefaultModule           : loaded 2 times (x 86B)
Class kotlin.ResultKt                                                                 : loaded 2 times (x 71B)
Class com.google.common.base.Absent                                                   : loaded 2 times (x 80B)
Class com.google.common.collect.FluentIterable$2                                      : loaded 2 times (x 81B)
Class com.google.common.primitives.Ints                                               : loaded 2 times (x 71B)
Class com.google.common.collect.AbstractIterator                                      : loaded 2 times (x 82B)
Class kotlin.collections.IndexingIterable                                             : loaded 2 times (x 79B)
Class kotlin.Result$Failure                                                           : loaded 2 times (x 72B)
Class kotlin.collections.ArraysKt__ArraysKt                                           : loaded 2 times (x 71B)
Class com.google.common.collect.FluentIterable$3                                      : loaded 2 times (x 81B)
Class com.google.common.collect.ObjectArrays                                          : loaded 2 times (x 71B)
Class com.google.common.math.MathPreconditions                                        : loaded 2 times (x 71B)
Class com.google.common.collect.Multiset                                              : loaded 2 times (x 70B)
Class com.google.common.collect.ArrayListMultimapGwtSerializationDependencies         : loaded 2 times (x 172B)
Class com.google.common.collect.AbstractIndexedListIterator                           : loaded 2 times (x 96B)
Class kotlin.collections.SetsKt__SetsJVMKt                                            : loaded 2 times (x 71B)
Class kotlin.Function                                                                 : loaded 2 times (x 70B)
Class com.google.common.collect.ImmutableMapEntrySet                                  : loaded 2 times (x 152B)
Class org.gradle.api.internal.classpath.Module                                        : loaded 2 times (x 70B)
Class kotlin.KotlinVersion                                                            : loaded 2 times (x 74B)
Class kotlin.reflect.KMutableProperty                                                 : loaded 2 times (x 70B)
Class kotlin.io.FileAlreadyExistsException                                            : loaded 2 times (x 82B)
Class kotlin.internal.ProgressionUtilKt                                               : loaded 2 times (x 71B)
Class com.google.common.cache.Weigher                                                 : loaded 2 times (x 70B)
Class org.gradle.api.internal.classpath.UnknownModuleException                        : loaded 2 times (x 82B)
Class kotlin.sequences.FilteringSequence$iterator$1                                   : loaded 2 times (x 79B)
Class kotlin.jvm.internal.PropertyReference                                           : loaded 2 times (x 115B)
Class com.google.common.base.Stopwatch                                                : loaded 2 times (x 72B)
Class com.google.common.cache.LocalCache$Strength                                     : loaded 2 times (x 81B)
Class com.google.common.cache.Cache                                                   : loaded 2 times (x 70B)
Class kotlin.collections.IndexingIterator                                             : loaded 2 times (x 79B)
Class com.google.common.io.AppendableWriter                                           : loaded 2 times (x 100B)
Class com.google.common.base.NullnessCasts                                            : loaded 2 times (x 71B)
Class com.google.common.util.concurrent.AbstractFuture$Cancellation                   : loaded 2 times (x 72B)
Class com.google.common.collect.ImmutableMap$Builder                                  : loaded 2 times (x 82B)
Class [Lkotlin.reflect.KAnnotatedElement;                                             : loaded 2 times (x 69B)
Class com.google.common.base.Present                                                  : loaded 2 times (x 81B)
Class com.google.common.cache.RemovalListener                                         : loaded 2 times (x 70B)
Class org.gradle.api.internal.DefaultClassPathRegistry                                : loaded 2 times (x 76B)
Class kotlin.annotation.AnnotationTarget                                              : loaded 2 times (x 79B)
Class kotlin.jvm.JvmClassMappingKt                                                    : loaded 2 times (x 71B)
Class kotlin.jvm.internal.Reflection                                                  : loaded 2 times (x 71B)
Class kotlin.reflect.KProperty                                                        : loaded 2 times (x 70B)
Class kotlin.ranges.ClosedRange                                                       : loaded 2 times (x 70B)
Class com.google.common.collect.ImmutableMultimap$Keys                                : loaded 2 times (x 166B)
Class com.google.common.primitives.IntsMethodsForWeb                                  : loaded 2 times (x 71B)
Class com.google.common.collect.Multimap                                              : loaded 2 times (x 70B)
Class org.gradle.api.internal.ClassPathRegistry                                       : loaded 2 times (x 70B)
Class org.gradle.internal.classpath.DefaultClassPath$ImmutableUniqueList              : loaded 2 times (x 199B)
Class jdk.internal.jimage.decompressor.ResourceDecompressor                           : loaded 2 times (x 70B)
Class kotlin.collections.IntIterator                                                  : loaded 2 times (x 82B)
Class kotlin.jvm.internal.TypeIntrinsics                                              : loaded 2 times (x 71B)
Class kotlin.text.StringsKt__StringsJVMKt                                             : loaded 2 times (x 71B)
Class com.google.common.collect.NullnessCasts                                         : loaded 2 times (x 71B)
Class com.google.common.collect.MapMakerInternalMap$Segment                           : loaded 2 times (x 142B)
Class com.google.common.base.ExtraObjectsMethodsForWeb                                : loaded 2 times (x 71B)
Class kotlin.time.DurationUnit                                                        : loaded 2 times (x 79B)
Class kotlin.text.StringsKt__IndentKt                                                 : loaded 2 times (x 71B)
Class kotlin.collections.SetsKt                                                       : loaded 2 times (x 71B)
Class kotlin.jvm.internal.CollectionToArray                                           : loaded 2 times (x 71B)
Class com.google.common.io.ByteSink                                                   : loaded 2 times (x 76B)
Class com.google.common.cache.CacheBuilder                                            : loaded 2 times (x 72B)
Class com.google.common.collect.SingletonImmutableList                                : loaded 2 times (x 207B)
Class Settings_gradle$1                                                               : loaded 2 times (x 74B)
Class org.gradle.internal.classpath.ClassPath                                         : loaded 2 times (x 70B)
Class kotlin.collections.ArrayDeque                                                   : loaded 2 times (x 207B)
Class kotlin.reflect.KFunction                                                        : loaded 2 times (x 70B)
Class com.google.common.collect.Interners$InternerBuilder                             : loaded 2 times (x 76B)
Class com.google.common.io.Files$FileByteSource                                       : loaded 2 times (x 85B)
Class com.google.common.base.JdkPattern                                               : loaded 2 times (x 75B)
Class com.google.common.collect.ImmutableList$ReverseImmutableList                    : loaded 2 times (x 209B)
Class kotlin.time.DurationUnitKt__DurationUnitKt                                      : loaded 2 times (x 71B)
Class [Lkotlin.reflect.KDeclarationContainer;                                         : loaded 2 times (x 69B)
Class kotlin.jvm.internal.Lambda                                                      : loaded 2 times (x 75B)
Class kotlin.collections.MapsKt__MapsKt                                               : loaded 2 times (x 71B)
Class com.google.common.io.CharStreams$NullWriter                                     : loaded 2 times (x 99B)
Class org.objectweb.asm.SymbolTable$Entry                                             : loaded 2 times (x 74B)
Class kotlin.io.FilesKt__FileTreeWalkKt                                               : loaded 2 times (x 71B)
Class kotlin.jvm.internal.markers.KMutableMap$Entry                                   : loaded 2 times (x 70B)
Class org.objectweb.asm.Edge                                                          : loaded 2 times (x 72B)
Class com.google.common.base.Suppliers$SupplierOfInstance                             : loaded 2 times (x 79B)
Class com.google.common.collect.Iterators$1                                           : loaded 2 times (x 81B)
Class ijJvmDebugger1_4nk09ie7rajpf56fhqp8qjy4i$_run_closure1$_closure2                : loaded 2 times (x 140B)
Class kotlin.properties.Delegates                                                     : loaded 2 times (x 71B)
Class kotlin.Metadata                                                                 : loaded 2 times (x 70B)
Class kotlin.collections.AbstractMutableSet                                           : loaded 2 times (x 142B)
Class com.google.devtools.ksp.processing.KSPJvmConfig                                 : loaded 2 times (x 72B)
Class kotlin.UninitializedPropertyAccessException                                     : loaded 2 times (x 82B)
Class com.google.common.cache.LocalCache$ComputingValueReference                      : loaded 2 times (x 96B)
Class com.google.common.collect.SingletonImmutableSet                                 : loaded 2 times (x 146B)
Class com.google.common.collect.ImmutableMap$IteratorBasedImmutableMap                : loaded 2 times (x 126B)
Class org.gradle.internal.classloader.FilteringClassLoader                            : loaded 2 times (x 105B)
Class kotlin.reflect.KProperty$Getter                                                 : loaded 2 times (x 70B)
Class com.google.common.collect.AbstractMapBasedMultimap$AsMap$AsMapEntries           : loaded 2 times (x 138B)
Class com.google.common.cache.LocalCache$Segment                                      : loaded 2 times (x 154B)
Class com.google.common.collect.RegularImmutableMap$KeySet                            : loaded 2 times (x 152B)
Class com.google.common.base.Equivalence$Identity                                     : loaded 2 times (x 82B)
Class kotlin.time.DurationJvmKt                                                       : loaded 2 times (x 71B)
Class kotlin.SafePublicationLazyImpl                                                  : loaded 2 times (x 76B)
Class com.google.common.collect.AbstractListMultimap                                  : loaded 2 times (x 172B)
Class [Lorg.objectweb.asm.SymbolTable$Entry;                                          : loaded 2 times (x 69B)
Class com.google.common.cache.CacheLoader                                             : loaded 2 times (x 74B)
Class com.google.common.collect.Iterators$4                                           : loaded 2 times (x 82B)
Class com.google.common.collect.ImmutableBiMap                                        : loaded 2 times (x 143B)
Class org.gradle.internal.installation.GradleInstallation$1                           : loaded 2 times (x 75B)
Class org.gradle.api.internal.classpath.ModuleRegistry                                : loaded 2 times (x 70B)
Class jdk.internal.jimage.decompressor.ResourceDecompressorFactory                    : loaded 2 times (x 74B)
Class com.google.devtools.ksp.processing.KSPLogger                                    : loaded 2 times (x 70B)
Class com.google.common.base.Splitter$SplittingIterator                               : loaded 2 times (x 84B)
Class com.google.common.collect.ImmutableSet$JdkBackedSetBuilderImpl                  : loaded 2 times (x 76B)
Class com.google.common.util.concurrent.internal.InternalFutureFailureAccess          : loaded 2 times (x 72B)
Class com.google.common.collect.Iterators$5                                           : loaded 2 times (x 82B)
Class kotlin.text.RegexKt                                                             : loaded 2 times (x 71B)
Class kotlin.time.Duration$Companion                                                  : loaded 2 times (x 71B)
Class kotlin.coroutines.intrinsics.IntrinsicsKt__IntrinsicsKt                         : loaded 2 times (x 71B)
Class com.google.common.collect.ImmutableMultimap$Values                              : loaded 2 times (x 126B)
Class com.google.common.cache.LocalCache$LocalManualCache$1                           : loaded 2 times (x 75B)
Class com.google.common.base.CharMatcher$ForPredicate                                 : loaded 2 times (x 112B)
Class com.google.common.base.PairwiseEquivalence                                      : loaded 2 times (x 83B)
Class kotlin.io.FilesKt__UtilsKt                                                      : loaded 2 times (x 71B)
Class kotlin.collections.CollectionsKt__CollectionsJVMKt                              : loaded 2 times (x 71B)
Class com.google.common.base.CharMatcher$AnyOf                                        : loaded 2 times (x 112B)
Class com.google.common.collect.ImmutableCollection                                   : loaded 2 times (x 125B)
Class ijKotlinCoroutineJvmDebugInit1_5ro5ikkthzfd4ov1s0iwde684$_run_closure1          : loaded 2 times (x 139B)
Class org.gradle.api.internal.classpath.DefaultModuleRegistry                         : loaded 2 times (x 86B)
Class com.google.common.io.LineReader                                                 : loaded 2 times (x 72B)
Class kotlin.collections.IndexedValue                                                 : loaded 2 times (x 72B)
Class kotlin.KotlinVersionCurrentValue                                                : loaded 2 times (x 71B)
Class kotlin.collections.builders.MapBuilder$Itr                                      : loaded 2 times (x 72B)
Class kotlin.sequences.SequencesKt                                                    : loaded 2 times (x 71B)
Class kotlin.collections.CollectionsKt__IteratorsKt                                   : loaded 2 times (x 71B)
Class com.google.common.collect.Lists                                                 : loaded 2 times (x 71B)
Class com.google.common.util.concurrent.ListenableFuture                              : loaded 2 times (x 70B)
Class com.google.common.cache.ReferenceEntry                                          : loaded 2 times (x 70B)
Class com.google.common.base.Converter                                                : loaded 2 times (x 90B)
Class com.google.common.collect.ImmutableSet$CachingAsList                            : loaded 2 times (x 148B)
Class jdk.internal.jimage.BasicImageReader$2                                          : loaded 2 times (x 77B)
Class kotlin.jvm.internal.markers.KMutableSet                                         : loaded 2 times (x 70B)
Class kotlin.text.StringsKt                                                           : loaded 2 times (x 71B)
Class com.google.common.collect.AbstractMapBasedMultimap                              : loaded 2 times (x 139B)
Class com.google.common.util.concurrent.AbstractFuture                                : loaded 2 times (x 106B)
Class com.google.common.base.FunctionalEquivalence                                    : loaded 2 times (x 83B)
Class com.google.common.collect.Iterators$9                                           : loaded 2 times (x 81B)
Class com.google.common.collect.ImmutableAsList                                       : loaded 2 times (x 209B)
Class ijKotlinCoroutineJvmDebugInit1_5ro5ikkthzfd4ov1s0iwde684$_run_closure1$_closure2: loaded 2 times (x 139B)
Class kotlin.coroutines.jvm.internal.RestrictedContinuationImpl                       : loaded 2 times (x 87B)
Class kotlin.coroutines.CoroutineContext$Key                                          : loaded 2 times (x 70B)
Class kotlin.LazyKt__LazyJVMKt                                                        : loaded 2 times (x 71B)
Class com.google.common.io.CharStreams                                                : loaded 2 times (x 71B)
Class com.google.common.collect.ImmutableMultiset                                     : loaded 2 times (x 163B)
Class org.objectweb.asm.RecordComponentVisitor                                        : loaded 2 times (x 77B)
Class com.google.common.cache.CacheLoader$SupplierToCacheLoader                       : loaded 2 times (x 75B)
Class kotlin.NotImplementedError                                                      : loaded 2 times (x 82B)
Class jdk.internal.jimage.ImageReader$Resource                                        : loaded 2 times (x 84B)
Class [Lkotlin.Pair;                                                                  : loaded 2 times (x 69B)
Class kotlin.jvm.internal.markers.KMutableList                                        : loaded 2 times (x 70B)
Class kotlin.io.FilesKt__FileReadWriteKt                                              : loaded 2 times (x 71B)
Class kotlin.text.StringsKt__StringNumberConversionsKt                                : loaded 2 times (x 71B)
Class com.google.common.collect.Maps$EntryTransformer                                 : loaded 2 times (x 70B)
Class org.gradle.internal.service.ServiceLookupException                              : loaded 2 times (x 82B)
Class jdk.internal.jrtfs.JrtFileAttributes                                            : loaded 2 times (x 83B)
Class kotlin.sequences.SequencesKt___SequencesKt$sortedWith$1                         : loaded 2 times (x 75B)
Class [Lkotlin.sequences.Sequence;                                                    : loaded 2 times (x 69B)
Class kotlin.jvm.internal.MutablePropertyReference1Impl                               : loaded 2 times (x 137B)
Class com.google.common.collect.Lists$ReverseList                                     : loaded 2 times (x 200B)
Class [Lcom.google.common.cache.LocalCache$EntryFactory;                              : loaded 2 times (x 69B)
Class org.gradle.internal.classloader.ClassLoaderFactory                              : loaded 2 times (x 70B)
Class com.google.common.base.CommonPattern                                            : loaded 2 times (x 74B)
Class com.google.common.cache.LocalCache$LocalManualCache                             : loaded 2 times (x 99B)
Class com.google.common.base.CharMatcher$IsNot                                        : loaded 2 times (x 111B)
Class org.gradle.internal.service.CachingServiceLocator                               : loaded 2 times (x 82B)
Class kotlin.jvm.internal.CallableReference                                           : loaded 2 times (x 106B)
Class kotlin.collections.AbstractList$IteratorImpl                                    : loaded 2 times (x 82B)
Class com.google.common.collect.AbstractMapBasedMultimap$KeySet                       : loaded 2 times (x 137B)
Class com.google.common.math.IntMath                                                  : loaded 2 times (x 71B)
Class kotlin.properties.ReadOnlyProperty                                              : loaded 2 times (x 70B)
Class kotlin.jvm.internal.markers.KMutableMap                                         : loaded 2 times (x 70B)
Class kotlin.ranges.IntRange                                                          : loaded 2 times (x 93B)
Class com.google.common.collect.MapMakerInternalMap$InternalEntry                     : loaded 2 times (x 70B)
Class com.google.common.collect.ImmutableMapEntry                                     : loaded 2 times (x 85B)
Class kotlin.enums.EnumEntries                                                        : loaded 2 times (x 70B)
Class com.google.common.collect.ImmutableMultimap                                     : loaded 2 times (x 147B)
Class com.google.common.base.Equivalence                                              : loaded 2 times (x 82B)
Class com.google.common.base.Function                                                 : loaded 2 times (x 70B)
Class com.google.common.collect.ImmutableMapEntry$NonTerminalImmutableMapEntry        : loaded 2 times (x 85B)
Class kotlin.jvm.internal.markers.KMutableListIterator                                : loaded 2 times (x 70B)
Class com.google.common.collect.IndexedImmutableSet$1                                 : loaded 2 times (x 213B)
Class com.google.common.cache.CacheBuilder$OneWeigher                                 : loaded 2 times (x 82B)
Class com.google.common.collect.RegularImmutableList                                  : loaded 2 times (x 213B)
Class kotlin.text.StringsKt__StringsKt                                                : loaded 2 times (x 71B)
Class kotlin.io.TextStreamsKt                                                         : loaded 2 times (x 71B)
Class org.gradle.internal.classloader.ClasspathUtil                                   : loaded 2 times (x 71B)
Class kotlin.jvm.internal.PropertyReference0                                          : loaded 2 times (x 127B)
Class kotlin.sequences.EmptySequence                                                  : loaded 2 times (x 78B)
Class kotlin.io.FileSystemException                                                   : loaded 2 times (x 82B)
Class com.google.common.util.concurrent.Uninterruptibles                              : loaded 2 times (x 71B)
Class kotlin.jvm.internal.DefaultConstructorMarker                                    : loaded 2 times (x 71B)
Class kotlin.jvm.internal.PropertyReference1                                          : loaded 2 times (x 127B)
Class com.google.common.util.concurrent.LazyLogger                                    : loaded 2 times (x 72B)
Class com.google.common.collect.Maps                                                  : loaded 2 times (x 71B)
Class org.gradle.api.specs.Spec                                                       : loaded 2 times (x 70B)
Class jdk.internal.jimage.ImageReader$SharedImageReader$LocationVisitor               : loaded 2 times (x 70B)
Class kotlin.jvm.internal.MutablePropertyReference                                    : loaded 2 times (x 119B)
Class kotlin.UnsafeLazyImpl                                                           : loaded 2 times (x 76B)
Class kotlin.LazyKt__LazyJVMKt$WhenMappings                                           : loaded 2 times (x 71B)
Class com.google.common.collect.MapMaker                                              : loaded 2 times (x 72B)
Class [Lcom.google.common.collect.ImmutableEntry;                                     : loaded 2 times (x 69B)
Class kotlin.jvm.internal.ArrayIterator                                               : loaded 2 times (x 79B)
Class kotlin.LazyThreadSafetyMode                                                     : loaded 2 times (x 79B)
Class com.google.common.cache.LocalCache$LoadingValueReference                        : loaded 2 times (x 96B)
Class jdk.internal.jimage.decompressor.ResourceDecompressorRepository                 : loaded 2 times (x 71B)
Class kotlin.jvm.internal.SpreadBuilder                                               : loaded 2 times (x 76B)
Class kotlin.collections.EmptyIterator                                                : loaded 2 times (x 89B)
Class kotlin.text.StringsKt__RegexExtensionsKt                                        : loaded 2 times (x 71B)
Class kotlin.SynchronizedLazyImpl                                                     : loaded 2 times (x 76B)
Class com.google.common.collect.MapMakerInternalMap$StrongKeyDummyValueEntry          : loaded 2 times (x 82B)
Class com.google.common.io.LineReader$1                                               : loaded 2 times (x 75B)
Class com.google.common.collect.CollectSpliterators                                   : loaded 2 times (x 71B)
Class com.google.common.collect.AbstractMapBasedMultimap$AsMap                        : loaded 2 times (x 128B)
Class com.google.common.base.Platform                                                 : loaded 2 times (x 71B)
Class kotlin.coroutines.jvm.internal.CompletedContinuation                            : loaded 2 times (x 75B)
Class kotlin.io.FilePathComponents                                                    : loaded 2 times (x 72B)
Class kotlin.coroutines.jvm.internal.RestrictedSuspendLambda                          : loaded 2 times (x 91B)
Class kotlin.sequences.SequencesKt__SequencesJVMKt                                    : loaded 2 times (x 71B)
Class kotlin.collections.AbstractList                                                 : loaded 2 times (x 197B)
Class kotlin.collections.AbstractCollection                                           : loaded 2 times (x 117B)
Class com.google.devtools.ksp.processing.KspGradleLogger$Companion                    : loaded 2 times (x 71B)
Class com.google.common.collect.AbstractMapBasedMultimap$WrappedList                  : loaded 2 times (x 205B)
Class [Lorg.objectweb.asm.AnnotationWriter;                                           : loaded 2 times (x 69B)
Class com.google.common.collect.Maps$8                                                : loaded 2 times (x 82B)
Class kotlin.text.Regex                                                               : loaded 2 times (x 72B)
Class kotlin.Triple                                                                   : loaded 2 times (x 72B)
Class kotlin.sequences.SequencesKt__SequenceBuilderKt$sequence$$inlined$Sequence$1    : loaded 2 times (x 75B)
Class kotlin.text.StringsKt__StringBuilderJVMKt                                       : loaded 2 times (x 71B)
Class kotlin.collections.ArrayAsCollection                                            : loaded 2 times (x 105B)
Class kotlin.LazyKt__LazyKt                                                           : loaded 2 times (x 71B)
Class com.google.common.collect.Lists$ReverseList$1                                   : loaded 2 times (x 99B)
Class com.google.common.collect.Sets$SetView                                          : loaded 2 times (x 138B)
Class com.google.common.cache.LocalCache$StrongValueReference                         : loaded 2 times (x 90B)
Class kotlin.jvm.internal.ReflectionFactory                                           : loaded 2 times (x 91B)
Class kotlin.UNINITIALIZED_VALUE                                                      : loaded 2 times (x 71B)
Class kotlin.jvm.internal.Ref$ObjectRef                                               : loaded 2 times (x 72B)
Class com.google.common.graph.SuccessorsFunction                                      : loaded 2 times (x 70B)
Class org.objectweb.asm.Type                                                          : loaded 2 times (x 72B)
Class org.gradle.internal.classloader.VisitableURLClassLoader$InstrumentingVisitableURLClassLoader: loaded 2 times (x 123B)
Class kotlin.comparisons.ComparisonsKt__ComparisonsKt                                 : loaded 2 times (x 71B)
Class kotlin.jvm.internal.ClassBasedDeclarationContainer                              : loaded 2 times (x 70B)
Class kotlin.coroutines.Continuation                                                  : loaded 2 times (x 70B)
Class kotlin.ranges.RangesKt__RangesKt                                                : loaded 2 times (x 71B)
Class kotlin.sequences.SequencesKt__SequencesKt                                       : loaded 2 times (x 71B)
Class kotlin.collections.SetsKt___SetsKt                                              : loaded 2 times (x 71B)
Class com.google.common.collect.MapMakerInternalMap$StrongKeyDummyValueEntry$Helper   : loaded 2 times (x 79B)
Class com.google.common.io.Files$FileByteSink                                         : loaded 2 times (x 77B)
Class com.google.common.math.IntMath$1                                                : loaded 2 times (x 71B)
Class org.objectweb.asm.ByteVector                                                    : loaded 2 times (x 79B)
Class [Lcom.google.common.cache.CacheBuilder$NullListener;                            : loaded 2 times (x 69B)
Class org.gradle.internal.classloader.VisitableURLClassLoader$Spec                    : loaded 2 times (x 74B)
Class org.gradle.internal.classpath.DefaultClassPath                                  : loaded 2 times (x 90B)
Class jdk.internal.jimage.decompressor.ZipDecompressorFactory                         : loaded 2 times (x 74B)
Class kotlin.comparisons.ComparisonsKt                                                : loaded 2 times (x 71B)
Class kotlin.comparisons.ComparisonsKt___ComparisonsKt                                : loaded 2 times (x 71B)
Class kotlin.Result$Companion                                                         : loaded 2 times (x 71B)
Class kotlin.coroutines.jvm.internal.BaseContinuationImpl                             : loaded 2 times (x 87B)
Class kotlin.text.CharsKt__CharJVMKt                                                  : loaded 2 times (x 71B)
Class kotlin.sequences.FilteringSequence                                              : loaded 2 times (x 75B)
Class com.google.devtools.ksp.processing.KspGradleLogger                              : loaded 2 times (x 79B)
Class com.google.common.base.AbstractIterator                                         : loaded 2 times (x 80B)
Class org.objectweb.asm.Symbol                                                        : loaded 2 times (x 73B)
Class kotlin.reflect.KType                                                            : loaded 2 times (x 70B)
Class com.google.common.io.Closer                                                     : loaded 2 times (x 78B)
Class com.google.common.io.Java8Compatibility                                         : loaded 2 times (x 71B)
Class com.google.common.base.CharMatcher$BitSetMatcher                                : loaded 2 times (x 112B)
Class com.google.common.collect.ImmutableSet                                          : loaded 2 times (x 145B)
Class com.google.common.collect.RegularImmutableMap$Values                            : loaded 2 times (x 207B)
Class org.gradle.internal.classloader.ClassLoaderSpec                                 : loaded 2 times (x 71B)
Class kotlin.jvm.internal.FunctionReferenceImpl                                       : loaded 2 times (x 122B)
Class kotlin.text.DelimitedRangesSequence                                             : loaded 2 times (x 75B)
Class kotlin.collections.CollectionsKt___CollectionsJvmKt                             : loaded 2 times (x 71B)
Class org.objectweb.asm.AnnotationWriter                                              : loaded 2 times (x 79B)
Class com.google.common.cache.CacheStats                                              : loaded 2 times (x 71B)
Class kotlin.time.DurationKt                                                          : loaded 2 times (x 71B)
Class kotlin.jdk7.AutoCloseableKt                                                     : loaded 2 times (x 71B)
Class kotlin.TuplesKt                                                                 : loaded 2 times (x 71B)
Class kotlin.jvm.internal.markers.KMutableIterable                                    : loaded 2 times (x 70B)
Class kotlin.sequences.SequencesKt___SequencesJvmKt                                   : loaded 2 times (x 71B)
Class kotlin.Unit                                                                     : loaded 2 times (x 71B)
Class com.google.common.collect.Interners                                             : loaded 2 times (x 71B)
Class com.google.common.io.Closer$Suppressor                                          : loaded 2 times (x 70B)
Class com.google.common.io.LineProcessor                                              : loaded 2 times (x 70B)
Class com.google.common.collect.ImmutableMultisetGwtSerializationDependencies         : loaded 2 times (x 125B)
Class org.objectweb.asm.RecordComponentWriter                                         : loaded 2 times (x 78B)
Class com.google.common.util.concurrent.AbstractFuture$Listener                       : loaded 2 times (x 72B)
Class com.google.common.base.CharMatcher$Or                                           : loaded 2 times (x 112B)
Class Settings_gradle$1$1                                                             : loaded 2 times (x 74B)
Class kotlin.io.FileTreeWalk$DirectoryState                                           : loaded 2 times (x 73B)
Class kotlin.ranges.RangesKt                                                          : loaded 2 times (x 71B)
Class org.objectweb.asm.Attribute                                                     : loaded 2 times (x 77B)
Class com.google.common.base.Supplier                                                 : loaded 2 times (x 70B)
Class org.gradle.internal.classloader.VisitableURLClassLoader                         : loaded 2 times (x 117B)
Class [Lkotlin.DeprecationLevel;                                                      : loaded 2 times (x 69B)
Class kotlin.sequences.GeneratorSequence                                              : loaded 2 times (x 75B)
Class kotlin.sequences.FlatteningSequence$iterator$1                                  : loaded 2 times (x 79B)
Class kotlin.collections.ArraysUtilJVM                                                : loaded 2 times (x 71B)
Class kotlin.jvm.functions.Function0                                                  : loaded 2 times (x 70B)
Class com.google.common.collect.ImmutableList$SerializedForm                          : loaded 2 times (x 73B)
Class Settings_gradle                                                                 : loaded 2 times (x 124B)
Class org.gradle.internal.Cast                                                        : loaded 2 times (x 71B)
Class org.gradle.api.Action                                                           : loaded 2 times (x 70B)
Class jdk.internal.jimage.decompressor.ZipDecompressor                                : loaded 2 times (x 75B)
Class kotlin.properties.ReadWriteProperty                                             : loaded 2 times (x 70B)
Class kotlin.collections.AbstractMutableList                                          : loaded 2 times (x 206B)
Class kotlin.jvm.functions.Function1                                                  : loaded 2 times (x 70B)
Class com.google.common.collect.MapMakerInternalMap                                   : loaded 2 times (x 161B)
Class com.google.common.base.Strings                                                  : loaded 2 times (x 71B)
Class com.google.common.collect.Sets                                                  : loaded 2 times (x 71B)
Class org.objectweb.asm.Handler                                                       : loaded 2 times (x 72B)
Class com.google.common.base.Ticker                                                   : loaded 2 times (x 72B)
Class com.google.common.base.CharMatcher$FastMatcher                                  : loaded 2 times (x 111B)
Class ijKotlinCoroutineJvmDebugInit1_5ro5ikkthzfd4ov1s0iwde684                        : loaded 2 times (x 171B)
Class kotlin.jvm.internal.markers.KMutableIterator                                    : loaded 2 times (x 70B)
Class kotlin.jvm.functions.Function2                                                  : loaded 2 times (x 70B)
Class kotlin.KotlinNothingValueException                                              : loaded 2 times (x 82B)
Class com.google.devtools.ksp.processing.KSPConfig                                    : loaded 2 times (x 72B)
Class [Lcom.google.common.cache.LocalCache$Segment;                                   : loaded 2 times (x 69B)
Class [Lcom.google.common.cache.LocalCache$Strength;                                  : loaded 2 times (x 69B)
Class com.google.common.cache.CacheBuilder$1                                          : loaded 2 times (x 85B)
Class com.google.common.base.Predicate                                                : loaded 2 times (x 70B)
Class com.google.common.collect.ImmutableMap                                          : loaded 2 times (x 120B)
Class org.gradle.internal.classpath.DefaultClassPath$ImmutableUniqueList$Builder      : loaded 2 times (x 75B)
Class kotlin.io.FileTreeWalk$WalkState                                                : loaded 2 times (x 73B)
Class kotlin.jvm.functions.Function3                                                  : loaded 2 times (x 70B)
Class kotlin.collections.MapsKt___MapsJvmKt                                           : loaded 2 times (x 71B)
Class com.google.common.collect.MapMakerInternalMap$WeakValueReference                : loaded 2 times (x 70B)
Class com.google.common.cache.LocalCache                                              : loaded 2 times (x 187B)
Class com.google.common.cache.CacheBuilder$2                                          : loaded 2 times (x 79B)
Class com.google.common.base.CharMatcher$NegatedFastMatcher                           : loaded 2 times (x 113B)
Class kotlin.jvm.functions.Function4                                                  : loaded 2 times (x 70B)
Class kotlin.annotation.Target                                                        : loaded 2 times (x 70B)
Class kotlin.collections.EmptySet                                                     : loaded 2 times (x 122B)
Class kotlin.collections.CollectionsKt___CollectionsKt                                : loaded 2 times (x 71B)
Class com.google.common.collect.ArrayListMultimap                                     : loaded 2 times (x 172B)
Class com.google.common.cache.CacheBuilder$3                                          : loaded 2 times (x 72B)
Class [Lcom.google.common.collect.AbstractMapEntry;                                   : loaded 2 times (x 69B)
Class com.google.common.collect.ImmutableEntry                                        : loaded 2 times (x 82B)
Class org.gradle.api.GradleException                                                  : loaded 2 times (x 82B)
Class kotlin.sequences.DropTakeSequence                                               : loaded 2 times (x 70B)
Class kotlin.jvm.functions.Function5                                                  : loaded 2 times (x 70B)
Class kotlin.annotation.Retention                                                     : loaded 2 times (x 70B)
Class kotlin.reflect.KDeclarationContainer                                            : loaded 2 times (x 70B)
Class kotlin.text.StringsKt___StringsJvmKt                                            : loaded 2 times (x 71B)
Class com.google.common.base.Suppliers$MemoizingSupplier                              : loaded 2 times (x 79B)
Class com.google.common.collect.CollectPreconditions                                  : loaded 2 times (x 71B)
Class kotlin.jvm.functions.Function6                                                  : loaded 2 times (x 70B)
Class kotlin.io.FilesKt                                                               : loaded 2 times (x 71B)
Class kotlin.collections.ArraysKt___ArraysKt                                          : loaded 2 times (x 71B)
Class kotlin.collections.MapsKt___MapsKt                                              : loaded 2 times (x 71B)
Class [Lcom.google.common.collect.MapMakerInternalMap$Strength;                       : loaded 2 times (x 69B)
Class [Lcom.google.common.io.FileWriteMode;                                           : loaded 2 times (x 69B)
Class com.google.common.collect.SortedMapDifference                                   : loaded 2 times (x 70B)
Class [Lkotlin.time.DurationUnit;                                                     : loaded 2 times (x 69B)
Class kotlin.jvm.functions.Function7                                                  : loaded 2 times (x 70B)
Class kotlin.sequences.SequencesKt___SequencesKt$asIterable$$inlined$Iterable$1       : loaded 2 times (x 79B)
Class kotlin.collections.MapsKt__MapWithDefaultKt                                     : loaded 2 times (x 71B)
Class com.google.common.collect.MapMakerInternalMap$StrongKeyDummyValueSegment        : loaded 2 times (x 142B)
Class com.google.common.collect.Iterables$4                                           : loaded 2 times (x 81B)
Class com.google.common.io.Files                                                      : loaded 2 times (x 71B)
Class com.google.common.cache.LocalCache$EntryFactory                                 : loaded 2 times (x 83B)
Class [Lkotlin.annotation.AnnotationRetention;                                        : loaded 2 times (x 69B)
Class kotlin.jvm.functions.Function8                                                  : loaded 2 times (x 70B)
Class kotlin.collections.builders.MapBuilder$Companion                                : loaded 2 times (x 71B)
Class kotlin.text.StringsKt___StringsKt                                               : loaded 2 times (x 71B)
Class kotlin.collections.CollectionsKt__MutableCollectionsJVMKt                       : loaded 2 times (x 71B)
Class kotlin.enums.EnumEntriesKt                                                      : loaded 2 times (x 71B)
Class [Lcom.google.common.collect.MapMaker$Dummy;                                     : loaded 2 times (x 69B)
Class com.google.common.base.CharMatcher$Whitespace                                   : loaded 2 times (x 112B)
Class com.google.common.cache.LocalCache$AbstractReferenceEntry                       : loaded 2 times (x 107B)
Class org.gradle.internal.IoActions                                                   : loaded 2 times (x 71B)
Class kotlin.annotation.MustBeDocumented                                              : loaded 2 times (x 70B)
Class kotlin.jvm.functions.Function10                                                 : loaded 2 times (x 70B)
Class kotlin.jvm.functions.Function9                                                  : loaded 2 times (x 70B)
Class [Lkotlin.reflect.KClassifier;                                                   : loaded 2 times (x 69B)
Class [Lkotlin.LazyThreadSafetyMode;                                                  : loaded 2 times (x 69B)
Class com.google.common.collect.ImmutableMapKeySet                                    : loaded 2 times (x 152B)
Class org.objectweb.asm.SymbolTable                                                   : loaded 2 times (x 72B)
Class com.google.common.cache.CacheLoader$InvalidCacheLoadException                   : loaded 2 times (x 82B)
Class com.google.common.collect.ImmutableSet$RegularSetBuilderImpl                    : loaded 2 times (x 77B)
Class org.gradle.internal.classloader.SystemClassLoaderSpec                           : loaded 2 times (x 71B)
Class kotlin.jvm.internal.PropertyReference0Impl                                      : loaded 2 times (x 127B)
Class kotlin.jvm.functions.Function11                                                 : loaded 2 times (x 70B)
Class kotlin.reflect.KAnnotatedElement                                                : loaded 2 times (x 70B)
Class kotlin.jvm.internal.markers.KMutableCollection                                  : loaded 2 times (x 70B)
Class kotlin.coroutines.intrinsics.IntrinsicsKt                                       : loaded 2 times (x 71B)
Class kotlin.ranges.IntRange$Companion                                                : loaded 2 times (x 71B)
Class kotlin.collections.EmptyMap                                                     : loaded 2 times (x 108B)
Class kotlin.jvm.internal.Intrinsics                                                  : loaded 2 times (x 71B)
Class com.google.common.collect.FluentIterable                                        : loaded 2 times (x 81B)
Class com.google.common.cache.LocalCache$StrongEntry                                  : loaded 2 times (x 108B)
Class com.google.common.util.concurrent.AbstractFuture$TrustedFuture                  : loaded 2 times (x 114B)
Class com.google.common.cache.LoadingCache                                            : loaded 2 times (x 70B)
Class ijJvmDebugger1_4nk09ie7rajpf56fhqp8qjy4i$_run_closure1                          : loaded 2 times (x 139B)
Class kotlin.jvm.functions.Function12                                                 : loaded 2 times (x 70B)
Class kotlin.io.FileTreeWalk$FileTreeWalkIterator$TopDownDirectoryState               : loaded 2 times (x 74B)
Class kotlin.coroutines.intrinsics.CoroutineSingletons                                : loaded 2 times (x 79B)
Class kotlin.collections.MapsKt                                                       : loaded 2 times (x 71B)
Class kotlin.collections.CollectionsKt__IterablesKt                                   : loaded 2 times (x 71B)
Class com.google.common.base.Suppliers$NonSerializableMemoizingSupplier               : loaded 2 times (x 79B)
Class org.objectweb.asm.MethodWriter                                                  : loaded 2 times (x 106B)
Class [Lcom.google.common.cache.Weigher;                                              : loaded 2 times (x 69B)
Class com.google.common.collect.RegularImmutableMap$BucketOverflowException           : loaded 2 times (x 82B)
Class jdk.internal.jimage.decompressor.CompressedResourceHeader                       : loaded 2 times (x 71B)
Class kotlin.jvm.functions.Function13                                                 : loaded 2 times (x 70B)
Class kotlin.sequences.SequenceBuilderIterator                                        : loaded 2 times (x 85B)
Class kotlin.text.Charsets                                                            : loaded 2 times (x 71B)
Class kotlin.ranges.OpenEndRange                                                      : loaded 2 times (x 70B)
Class kotlin.KotlinNullPointerException                                               : loaded 2 times (x 83B)
Class com.google.common.collect.ImmutableMultimap$1                                   : loaded 2 times (x 82B)
Class com.google.common.collect.AbstractMapBasedMultimap$RandomAccessWrappedList      : loaded 2 times (x 205B)
Class kotlin.jvm.functions.Function14                                                 : loaded 2 times (x 70B)
Class kotlin.ranges.RangesKt___RangesKt                                               : loaded 2 times (x 71B)
Class com.google.common.collect.AbstractIterator$State                                : loaded 2 times (x 79B)
Class com.google.common.collect.ImmutableMultimap$2                                   : loaded 2 times (x 81B)
Class com.google.common.collect.RegularImmutableBiMap                                 : loaded 2 times (x 149B)
Class com.google.common.cache.LocalCache$ValueReference                               : loaded 2 times (x 70B)
Class com.google.common.base.CharMatcher$Negated                                      : loaded 2 times (x 113B)
Class com.google.common.base.CharMatcher$Is                                           : loaded 2 times (x 111B)
Class kotlin.collections.ArrayDeque$Companion                                         : loaded 2 times (x 71B)
Class kotlin.jvm.functions.Function15                                                 : loaded 2 times (x 70B)
Class kotlin.coroutines.jvm.internal.Boxing                                           : loaded 2 times (x 71B)
Class kotlin.text.CharsKt__CharKt                                                     : loaded 2 times (x 71B)
Class kotlin.collections.ArraysKt                                                     : loaded 2 times (x 71B)
Class com.google.common.base.PatternCompiler                                          : loaded 2 times (x 70B)
Class com.google.common.util.concurrent.AbstractFuture$Failure                        : loaded 2 times (x 72B)
Class com.google.common.base.Equivalence$Equals                                       : loaded 2 times (x 82B)
Class com.google.common.collect.Hashing                                               : loaded 2 times (x 71B)
Class com.google.common.base.Preconditions                                            : loaded 2 times (x 71B)
Class kotlin.jvm.functions.Function16                                                 : loaded 2 times (x 70B)
Class kotlin.coroutines.EmptyCoroutineContext                                         : loaded 2 times (x 77B)
Class kotlin.collections.SetsKt__SetsKt                                               : loaded 2 times (x 71B)
Class kotlin.LazyKt                                                                   : loaded 2 times (x 71B)
Class com.google.common.io.CharSink                                                   : loaded 2 times (x 79B)
Class com.google.common.base.Joiner$1                                                 : loaded 2 times (x 80B)
Class org.objectweb.asm.Label                                                         : loaded 2 times (x 73B)
Class org.objectweb.asm.CurrentFrame                                                  : loaded 2 times (x 73B)
Class org.objectweb.asm.ClassTooLargeException                                        : loaded 2 times (x 83B)
Class com.google.common.base.CharMatcher                                              : loaded 2 times (x 111B)
Class com.google.common.collect.PeekingIterator                                       : loaded 2 times (x 70B)
Class kotlin.InitializedLazyImpl                                                      : loaded 2 times (x 76B)
Class kotlin.jvm.functions.Function17                                                 : loaded 2 times (x 70B)
Class kotlin.collections.ArraysKt__ArraysJVMKt                                        : loaded 2 times (x 71B)
Class com.google.common.collect.Table                                                 : loaded 2 times (x 70B)
Class com.google.common.collect.MapMakerInternalMap$InternalEntryHelper               : loaded 2 times (x 70B)
Class com.google.common.base.Joiner$2                                                 : loaded 2 times (x 79B)
Class org.objectweb.asm.Frame                                                         : loaded 2 times (x 73B)
Class org.objectweb.asm.MethodVisitor                                                 : loaded 2 times (x 105B)
Class com.google.common.cache.LocalCache$EntryFactory$1                               : loaded 2 times (x 83B)
Class [Lcom.google.common.cache.RemovalListener;                                      : loaded 2 times (x 69B)
Class com.google.common.base.CharMatcher$1                                            : loaded 2 times (x 113B)
Class com.google.common.base.CharMatcher$NamedFastMatcher                             : loaded 2 times (x 112B)
Class kotlin.jvm.functions.Function18                                                 : loaded 2 times (x 70B)
Class kotlin.jvm.internal.CallableReference$NoReceiver                                : loaded 2 times (x 71B)
Class kotlin.text.StringsKt__StringBuilderKt                                          : loaded 2 times (x 71B)
Class com.google.common.cache.LocalCache$EntryFactory$2                               : loaded 2 times (x 83B)
Class org.gradle.api.internal.classpath.GlobalCacheRootsProvider                      : loaded 2 times (x 70B)
Class kotlin.jvm.functions.Function19                                                 : loaded 2 times (x 70B)
Class kotlin.reflect.KMutableProperty$Setter                                          : loaded 2 times (x 70B)
Class kotlin.Lazy                                                                     : loaded 2 times (x 70B)
Class kotlin.NoWhenBranchMatchedException                                             : loaded 2 times (x 82B)
Class org.objectweb.asm.ModuleWriter                                                  : loaded 2 times (x 82B)
Class com.google.common.cache.LocalCache$EntryFactory$3                               : loaded 2 times (x 83B)
Class com.google.common.base.Ticker$1                                                 : loaded 2 times (x 72B)
Class com.google.common.collect.Maps$BiMapConverter                                   : loaded 2 times (x 90B)
Class com.google.common.collect.ImmutableMapEntrySet$RegularEntrySet                  : loaded 2 times (x 152B)
Class com.google.common.collect.CollectSpliterators$1                                 : loaded 2 times (x 90B)
Class com.google.common.collect.ImmutableSet$Builder                                  : loaded 2 times (x 85B)
Class com.google.common.cache.LocalCache$EntryFactory$4                               : loaded 2 times (x 83B)
Class com.google.common.base.CharMatcher$InRange                                      : loaded 2 times (x 111B)
Class kotlin.sequences.ConstrainedOnceSequence                                        : loaded 2 times (x 75B)
Class com.google.common.cache.LocalCache$EntryFactory$5                               : loaded 2 times (x 83B)
Class kotlin.time.Duration                                                            : loaded 2 times (x 74B)
Class [Lkotlin.reflect.KProperty;                                                     : loaded 2 times (x 69B)
Class kotlin.jvm.internal.markers.KMappedMarker                                       : loaded 2 times (x 70B)
Class kotlin.sequences.FlatteningSequence                                             : loaded 2 times (x 75B)
Class com.google.common.cache.LocalCache$EntryFactory$6                               : loaded 2 times (x 83B)
Class org.gradle.internal.installation.CurrentGradleInstallationLocator               : loaded 2 times (x 71B)
Class kotlin.coroutines.jvm.internal.SpillingKt                                       : loaded 2 times (x 71B)
Class [Lkotlin.io.FileWalkDirection;                                                  : loaded 2 times (x 69B)
Class com.google.common.collect.ImmutableMultimap$Builder                             : loaded 2 times (x 86B)
Class com.google.common.collect.Maps$KeySet                                           : loaded 2 times (x 137B)
Class com.google.common.collect.ImmutableSet$EmptySetBuilderImpl                      : loaded 2 times (x 76B)
Class com.google.common.cache.LocalCache$EntryFactory$7                               : loaded 2 times (x 83B)
Class com.google.common.collect.ImmutableList                                         : loaded 2 times (x 206B)
Class org.gradle.internal.service.DefaultServiceLocator                               : loaded 2 times (x 83B)
Class jdk.internal.jrtfs.JrtDirectoryStream                                           : loaded 2 times (x 89B)
Class kotlin.reflect.KMutableProperty0                                                : loaded 2 times (x 70B)
Class kotlin.reflect.KClassifier                                                      : loaded 2 times (x 70B)
Class kotlin.io.FileTreeWalk                                                          : loaded 2 times (x 75B)
Class kotlin.coroutines.jvm.internal.SuspendFunction                                  : loaded 2 times (x 70B)
Class com.google.common.collect.ImmutableMultimap$EntryCollection                     : loaded 2 times (x 128B)
Class com.google.common.collect.Maps$EntrySet                                         : loaded 2 times (x 136B)
Class com.google.common.cache.LocalCache$EntryFactory$8                               : loaded 2 times (x 83B)
Class com.google.common.collect.ImmutableSet$SetBuilderImpl                           : loaded 2 times (x 76B)
Class org.gradle.internal.installation.CurrentGradleInstallation                      : loaded 2 times (x 73B)
Class kotlin.jvm.internal.Ref$BooleanRef                                              : loaded 2 times (x 71B)
Class kotlin.jvm.internal.StringCompanionObject                                       : loaded 2 times (x 71B)
Class kotlin.reflect.KMutableProperty1                                                : loaded 2 times (x 70B)
Class kotlin.coroutines.intrinsics.IntrinsicsKt__IntrinsicsJvmKt                      : loaded 2 times (x 71B)
Class kotlin.coroutines.jvm.internal.CoroutineStackFrame                              : loaded 2 times (x 70B)
Class com.google.common.cache.CacheLoader$1                                           : loaded 2 times (x 75B)
Class com.google.common.collect.ForwardingObject                                      : loaded 2 times (x 72B)
Class com.google.common.collect.ImmutableList$SubList                                 : loaded 2 times (x 209B)
Class org.gradle.util.internal.GUtil                                                  : loaded 2 times (x 71B)
Class kotlin.reflect.KMutableProperty2                                                : loaded 2 times (x 70B)
Class kotlin.io.NoSuchFileException                                                   : loaded 2 times (x 82B)
Class kotlin.collections.CollectionsKt                                                : loaded 2 times (x 71B)
Class com.google.common.io.ByteSource                                                 : loaded 2 times (x 84B)
Class com.google.common.cache.AbstractCache$StatsCounter                              : loaded 2 times (x 70B)
Class kotlin.ranges.IntProgressionIterator                                            : loaded 2 times (x 82B)
Class kotlin.time.DurationUnitKt                                                      : loaded 2 times (x 71B)
Class kotlin.coroutines.jvm.internal.DebugProbesKt                                    : loaded 2 times (x 71B)
Class kotlin.coroutines.CoroutineContext                                              : loaded 2 times (x 70B)
Class com.google.common.collect.MapMakerInternalMap$1                                 : loaded 2 times (x 83B)
Class com.google.common.io.LineBuffer                                                 : loaded 2 times (x 75B)
Class com.google.common.collect.Iterators$MergingIterator                             : loaded 2 times (x 81B)
Class com.google.common.collect.RegularImmutableSet                                   : loaded 2 times (x 149B)
Class org.gradle.internal.installation.GradleInstallation                             : loaded 2 times (x 75B)
Class jdk.internal.jimage.decompressor.ResourceDecompressor$StringsProvider           : loaded 2 times (x 70B)
Class com.google.common.base.Splitter$Strategy                                        : loaded 2 times (x 70B)
Class com.google.common.collect.Iterables                                             : loaded 2 times (x 71B)
Class kotlin.io.FileWalkDirection                                                     : loaded 2 times (x 79B)
Class kotlin.jvm.KotlinReflectionNotSupportedError                                    : loaded 2 times (x 82B)
Class kotlin.ranges.IntProgression                                                    : loaded 2 times (x 81B)
Class com.google.common.collect.Lists$RandomAccessReverseList                         : loaded 2 times (x 200B)

---------------  S Y S T E M  ---------------

OS:
 Windows 11 , 64 bit Build 26100 (10.0.26100.2454)
OS uptime: 8 days 20:48 hours
Hyper-V role detected

CPU: total 8 (initial active 8) (4 cores per cpu, 2 threads per core) family 6 model 142 stepping 12 microcode 0xde, cx8, cmov, fxsr, ht, mmx, 3dnowpref, sse, sse2, sse3, ssse3, sse4.1, sse4.2, popcnt, lzcnt, tsc, tscinvbit, avx, avx2, aes, erms, clmul, bmi1, bmi2, adx, fma, vzeroupper, clflush, clflushopt, hv, rdtscp, f16c
Processor Information for processor 0
  Max Mhz: 1896, Current Mhz: 1596, Mhz Limit: 1592
Processor Information for processor 1
  Max Mhz: 1896, Current Mhz: 1496, Mhz Limit: 1592
Processor Information for processor 2
  Max Mhz: 1896, Current Mhz: 1596, Mhz Limit: 1592
Processor Information for processor 3
  Max Mhz: 1896, Current Mhz: 1596, Mhz Limit: 1592
Processor Information for processor 4
  Max Mhz: 1896, Current Mhz: 1496, Mhz Limit: 1592
Processor Information for processor 5
  Max Mhz: 1896, Current Mhz: 1496, Mhz Limit: 1592
Processor Information for processor 6
  Max Mhz: 1896, Current Mhz: 1596, Mhz Limit: 1592
Processor Information for processor 7
  Max Mhz: 1896, Current Mhz: 1496, Mhz Limit: 1592

Memory: 4k page, system-wide physical 7970M (597M free)
TotalPageFile size 23508M (AvailPageFile size 60M)
current process WorkingSet (physical memory assigned to process): 770M, peak: 859M
current process commit charge ("private bytes"): 992M, peak: 1108M

vm_info: OpenJDK 64-Bit Server VM (21.0.9+-14649483-b1163.86) for windows-amd64 JRE (21.0.9+-14649483-b1163.86), built on 2025-12-30T22:08:35Z by "builder" with MS VC++ 16.10 / 16.11 (VS2019)

END.
