#
# There is insufficient memory for the Java Runtime Environment to continue.
# Native memory allocation (malloc) failed to allocate 1863504 bytes. Error detail: Chunk::new
# Possible reasons:
#   The system is out of physical RAM or swap space
#   This process is running with CompressedOops enabled, and the Java Heap may be blocking the growth of the native heap
# Possible solutions:
#   Reduce memory load on the system
#   Increase physical memory or swap space
#   Check if swap backing store is full
#   Decrease Java heap size (-Xmx/-Xms)
#   Decrease number of Java threads
#   Decrease Java thread stack sizes (-Xss)
#   Set larger code cache with -XX:ReservedCodeCacheSize=
#   JVM is running with Unscaled Compressed Oops mode in which the Java heap is
#     placed in the first 4GB address space. The Java Heap base address is the
#     maximum limit for the native heap growth. Please use -XX:HeapBaseMinAddress
#     to set the Java Heap base and to place the Java Heap above 4GB virtual address.
# This output file may be truncated or incomplete.
#
#  Out of Memory Error (arena.cpp:168), pid=25424, tid=4580
#
# JRE version: OpenJDK Runtime Environment (21.0.9) (build 21.0.9+-14649483-b1163.86)
# Java VM: OpenJDK 64-Bit Server VM (21.0.9+-14649483-b1163.86, mixed mode, tiered, compressed oops, compressed class ptrs, g1 gc, windows-amd64)
# No core dump will be written. Minidumps are not enabled by default on client versions of Windows
#

---------------  S U M M A R Y ------------

Command Line: --add-opens=java.base/java.lang=ALL-UNNAMED --add-opens=java.base/java.lang.invoke=ALL-UNNAMED --add-opens=java.base/java.util=ALL-UNNAMED --add-opens=java.prefs/java.util.prefs=ALL-UNNAMED --add-exports=jdk.compiler/com.sun.tools.javac.api=ALL-UNNAMED --add-exports=jdk.compiler/com.sun.tools.javac.util=ALL-UNNAMED --add-opens=java.base/java.util=ALL-UNNAMED --add-opens=java.prefs/java.util.prefs=ALL-UNNAMED --add-opens=java.base/java.nio.charset=ALL-UNNAMED --add-opens=java.base/java.net=ALL-UNNAMED --add-opens=java.base/java.util.concurrent=ALL-UNNAMED --add-opens=java.base/java.util.concurrent.atomic=ALL-UNNAMED --add-opens=java.xml/javax.xml.namespace=ALL-UNNAMED --add-opens=java.base/java.time=ALL-UNNAMED -Xmx2048m -Dfile.encoding=UTF-8 -Duser.country=US -Duser.language=en -Duser.variant -javaagent:C:\Users\Albaheth\.gradle\wrapper\dists\gradle-9.1.0-bin\9agqghryom9wkf8r80qlhnts3\gradle-9.1.0\lib\agents\gradle-instrumentation-agent-9.1.0.jar org.gradle.launcher.daemon.bootstrap.GradleDaemon 9.1.0

Host: Intel(R) Core(TM) i5-8365U CPU @ 1.60GHz, 8 cores, 7G,  Windows 11 , 64 bit Build 26100 (10.0.26100.2454)
Time: Mon Apr 27 13:48:56 2026 W. Central Africa Standard Time elapsed time: 52.923902 seconds (0d 0h 0m 52s)

---------------  T H R E A D  ---------------

Current thread (0x000001ac1b060740):  JavaThread "C2 CompilerThread2" daemon [_thread_in_native, id=4580, stack(0x000000540f000000,0x000000540f100000) (1024K)]


Current CompileTask:
C2:52923 18965 %     4       com.android.tools.r8.internal.n61::a @ 1323 (2704 bytes)

Stack: [0x000000540f000000,0x000000540f100000]
Native frames: (J=compiled Java code, j=interpreted, Vv=VM code, C=native code)
V  [jvm.dll+0x6d6c99]
V  [jvm.dll+0x866b83]
V  [jvm.dll+0x86919e]
V  [jvm.dll+0x869883]
V  [jvm.dll+0x280776]
V  [jvm.dll+0xc07cd]
V  [jvm.dll+0xc0d03]
V  [jvm.dll+0x3b986b]
V  [jvm.dll+0x3856a7]
V  [jvm.dll+0x384b1a]
V  [jvm.dll+0x249462]
V  [jvm.dll+0x248a31]
V  [jvm.dll+0x1c7344]
V  [jvm.dll+0x2581ae]
V  [jvm.dll+0x2566f6]
V  [jvm.dll+0x3f48a6]
V  [jvm.dll+0x80f118]
V  [jvm.dll+0x6d54ed]
C  [ucrtbase.dll+0x14ea0]
C  [KERNEL32.DLL+0x2e8d7]
C  [ntdll.dll+0xdfbcc]


---------------  P R O C E S S  ---------------

Threads class SMR info:
_java_thread_list=0x000001ac15945d70, length=149, elements={
0x000001ac71edaa90, 0x000001ac7a770f40, 0x000001ac7a772690, 0x000001ac7a773af0,
0x000001ac7a793850, 0x000001ac7a7942b0, 0x000001ac7a794d10, 0x000001ac7a795f10,
0x000001ac7a797440, 0x000001ac7a79bcb0, 0x000001ac7aaa4640, 0x000001ac10243860,
0x000001ac10bdc070, 0x000001ac7f0af7d0, 0x000001ac1079e740, 0x000001ac0f5c0df0,
0x000001ac1083e850, 0x000001ac0f87e8b0, 0x000001ac109b4680, 0x000001ac109b4d10,
0x000001ac109b3960, 0x000001ac109b3ff0, 0x000001ac109b32d0, 0x000001ac109b53a0,
0x000001ac10f761c0, 0x000001ac10f76850, 0x000001ac10f77570, 0x000001ac10f77c00,
0x000001ac10f76ee0, 0x000001ac10f78290, 0x000001ac10f78920, 0x000001ac10f75b30,
0x000001ac10f7c430, 0x000001ac10f7b710, 0x000001ac10f79640, 0x000001ac10f7b080,
0x000001ac10f7cac0, 0x000001ac10f7a360, 0x000001ac10f7d150, 0x000001ac10f79cd0,
0x000001ac10f7a9f0, 0x000001ac12099650, 0x000001ac1209b720, 0x000001ac1209a370,
0x000001ac1209b090, 0x000001ac1209bdb0, 0x000001ac12099ce0, 0x000001ac1209c440,
0x000001ac12098fc0, 0x000001ac1209cad0, 0x000001ac1209aa00, 0x000001ac1209eba0,
0x000001ac1209d160, 0x000001ac120a05e0, 0x000001ac1209f230, 0x000001ac1209d7f0,
0x000001ac1209de80, 0x000001ac1209ff50, 0x000001ac1209e510, 0x000001ac1209f8c0,
0x000001ac12a96b40, 0x000001ac12a97860, 0x000001ac12a95e20, 0x000001ac12a964b0,
0x000001ac12a943e0, 0x000001ac12a9a650, 0x000001ac12a98c10, 0x000001ac12a99930,
0x000001ac12a97ef0, 0x000001ac12a992a0, 0x000001ac12a9b370, 0x000001ac12a98580,
0x000001ac12a9ace0, 0x000001ac12a9ba00, 0x000001ac12a99fc0, 0x000001ac145bc420,
0x000001ac145bcab0, 0x000001ac145bb070, 0x000001ac145bd7d0, 0x000001ac145bd140,
0x000001ac145bb700, 0x000001ac145bde60, 0x000001ac11f03ac0, 0x000001ac11f00cd0,
0x000001ac11f02da0, 0x000001ac11f02710, 0x000001ac11f03430, 0x000001ac11f00640,
0x000001ac11f04150, 0x000001ac11f047e0, 0x000001ac11f01360, 0x000001ac11f019f0,
0x000001ac11f02080, 0x000001ac11f06220, 0x000001ac14c9bda0, 0x000001ac14c9a360,
0x000001ac14c9b710, 0x000001ac14c9d150, 0x000001ac14c9f8b0, 0x000001ac14c9de70,
0x000001ac14c9ff40, 0x000001ac14c9eb90, 0x000001ac14c9f220, 0x000001ac14c9cac0,
0x000001ac14ca05d0, 0x000001ac14ca1980, 0x000001ac14ca0c60, 0x000001ac14ca12f0,
0x000001ac0fa9ccb0, 0x000001ac0fa9d9d0, 0x000001ac10ce8b80, 0x000001ac10ce9210,
0x000001ac10ce9f30, 0x000001ac10ce98a0, 0x000001ac10ceac50, 0x000001ac10ceb2e0,
0x000001ac10cea5c0, 0x000001ac10ceb970, 0x000001ac0fa9c620, 0x000001ac0fa9d340,
0x000001ac0fa9b900, 0x000001ac120243b0, 0x000001ac12023000, 0x000001ac12024a40,
0x000001ac120215c0, 0x000001ac12022970, 0x000001ac12023690, 0x000001ac120250d0,
0x000001ac12025760, 0x000001ac120222e0, 0x000001ac12028be0, 0x000001ac12028550,
0x000001ac12026480, 0x000001ac12026b10, 0x000001ac12023d20, 0x000001ac12029900,
0x000001ac1202b340, 0x000001ac1202a620, 0x000001ac12027ec0, 0x000001ac12029f90,
0x000001ac1b063020, 0x000001ac1202f4e0, 0x000001ac1202fb70, 0x000001ac12030890,
0x000001ac12030200, 0x000001ac1202d410, 0x000001ac14c9c430, 0x000001ac14c9d7e0,
0x000001ac1b060740
}

Java Threads: ( => current thread )
  0x000001ac71edaa90 JavaThread "main"                              [_thread_blocked, id=15872, stack(0x0000005404e00000,0x0000005404f00000) (1024K)]
  0x000001ac7a770f40 JavaThread "Common-Cleaner"             daemon [_thread_blocked, id=17788, stack(0x0000005405600000,0x0000005405700000) (1024K)]
  0x000001ac7a772690 JavaThread "Reference Handler"          daemon [_thread_blocked, id=8796, stack(0x0000005405700000,0x0000005405800000) (1024K)]
  0x000001ac7a773af0 JavaThread "Finalizer"                  daemon [_thread_blocked, id=23788, stack(0x0000005405800000,0x0000005405900000) (1024K)]
  0x000001ac7a793850 JavaThread "Signal Dispatcher"          daemon [_thread_blocked, id=3512, stack(0x0000005405900000,0x0000005405a00000) (1024K)]
  0x000001ac7a7942b0 JavaThread "Attach Listener"            daemon [_thread_blocked, id=4104, stack(0x0000005405a00000,0x0000005405b00000) (1024K)]
  0x000001ac7a794d10 JavaThread "Service Thread"             daemon [_thread_blocked, id=20000, stack(0x0000005405b00000,0x0000005405c00000) (1024K)]
  0x000001ac7a795f10 JavaThread "Monitor Deflation Thread"   daemon [_thread_blocked, id=7264, stack(0x0000005405c00000,0x0000005405d00000) (1024K)]
  0x000001ac7a797440 JavaThread "C2 CompilerThread0"         daemon [_thread_in_native, id=12408, stack(0x0000005405d00000,0x0000005405e00000) (1024K)]
  0x000001ac7a79bcb0 JavaThread "C1 CompilerThread0"         daemon [_thread_blocked, id=6568, stack(0x0000005405e00000,0x0000005405f00000) (1024K)]
  0x000001ac7aaa4640 JavaThread "Notification Thread"        daemon [_thread_blocked, id=13592, stack(0x0000005405f00000,0x0000005406000000) (1024K)]
  0x000001ac10243860 JavaThread "Daemon health stats"               [_thread_blocked, id=12596, stack(0x0000005406000000,0x0000005406100000) (1024K)]
  0x000001ac10bdc070 JavaThread "Incoming local TCP Connector on port 53042"        [_thread_in_native, id=8588, stack(0x0000005406600000,0x0000005406700000) (1024K)]
  0x000001ac7f0af7d0 JavaThread "Daemon periodic checks"            [_thread_blocked, id=3976, stack(0x0000005406700000,0x0000005406800000) (1024K)]
  0x000001ac1079e740 JavaThread "Daemon"                            [_thread_blocked, id=17088, stack(0x0000005406800000,0x0000005406900000) (1024K)]
  0x000001ac0f5c0df0 JavaThread "Handler for socket connection from /127.0.0.1:53042 to /127.0.0.1:64968"        [_thread_in_native, id=16508, stack(0x0000005406900000,0x0000005406a00000) (1024K)]
  0x000001ac1083e850 JavaThread "Cancel handler"                    [_thread_blocked, id=25092, stack(0x0000005406300000,0x0000005406400000) (1024K)]
  0x000001ac0f87e8b0 JavaThread "Daemon worker"                     [_thread_blocked, id=15592, stack(0x0000005406a00000,0x0000005406b00000) (1024K)]
  0x000001ac109b4680 JavaThread "Asynchronous log dispatcher for DefaultDaemonConnection: socket connection from /127.0.0.1:53042 to /127.0.0.1:64968"        [_thread_blocked, id=20396, stack(0x0000005406b00000,0x0000005406c00000) (1024K)]
  0x000001ac109b4d10 JavaThread "Stdin handler"                     [_thread_blocked, id=7348, stack(0x0000005406c00000,0x0000005406d00000) (1024K)]
  0x000001ac109b3960 JavaThread "Daemon client event forwarder"        [_thread_blocked, id=11132, stack(0x0000005407000000,0x0000005407100000) (1024K)]
  0x000001ac109b3ff0 JavaThread "Cache worker for journal cache (C:\Users\Albaheth\.gradle\caches\journal-1)"        [_thread_blocked, id=17680, stack(0x0000005407200000,0x0000005407300000) (1024K)]
  0x000001ac109b32d0 JavaThread "File lock request listener"        [_thread_in_native, id=19304, stack(0x0000005407400000,0x0000005407500000) (1024K)]
  0x000001ac109b53a0 JavaThread "Cache worker for file hash cache (C:\Users\Albaheth\.gradle\caches\9.1.0\fileHashes)"        [_thread_blocked, id=16848, stack(0x0000005407500000,0x0000005407600000) (1024K)]
  0x000001ac10f761c0 JavaThread "Cache worker for file hash cache (C:\Users\Albaheth\AndroidStudioProjects\Maktaba\.gradle\9.1.0\fileHashes)"        [_thread_blocked, id=2528, stack(0x0000005407300000,0x0000005407400000) (1024K)]
  0x000001ac10f76850 JavaThread "Cache worker for Build Output Cleanup Cache (C:\Users\Albaheth\AndroidStudioProjects\Maktaba\.gradle\buildOutputCleanup)"        [_thread_blocked, id=10756, stack(0x0000005407600000,0x0000005407700000) (1024K)]
  0x000001ac10f77570 JavaThread "File watcher server"        daemon [_thread_in_native, id=3168, stack(0x0000005407700000,0x0000005407800000) (1024K)]
  0x000001ac10f77c00 JavaThread "File watcher consumer"      daemon [_thread_blocked, id=18616, stack(0x0000005407800000,0x0000005407900000) (1024K)]
  0x000001ac10f76ee0 JavaThread "Cache worker for checksums cache (C:\Users\Albaheth\AndroidStudioProjects\Maktaba\.gradle\9.1.0\checksums)"        [_thread_blocked, id=1228, stack(0x0000005407900000,0x0000005407a00000) (1024K)]
  0x000001ac10f78290 JavaThread "Cache worker for file content cache (C:\Users\Albaheth\.gradle\caches\9.1.0\fileContent)"        [_thread_blocked, id=7940, stack(0x0000005407a00000,0x0000005407b00000) (1024K)]
  0x000001ac10f78920 JavaThread "Cache worker for cache directory md-supplier (C:\Users\Albaheth\.gradle\caches\9.1.0\md-supplier)"        [_thread_blocked, id=21820, stack(0x0000005407c00000,0x0000005407d00000) (1024K)]
  0x000001ac10f75b30 JavaThread "Cache worker for cache directory md-rule (C:\Users\Albaheth\.gradle\caches\9.1.0\md-rule)"        [_thread_blocked, id=16692, stack(0x0000005407d00000,0x0000005407e00000) (1024K)]
  0x000001ac10f7c430 JavaThread "jar transforms"                    [_thread_blocked, id=10120, stack(0x0000005407e00000,0x0000005407f00000) (1024K)]
  0x000001ac10f7b710 JavaThread "jar transforms Thread 2"           [_thread_blocked, id=12372, stack(0x0000005407f00000,0x0000005408000000) (1024K)]
  0x000001ac10f79640 JavaThread "jar transforms Thread 3"           [_thread_blocked, id=23160, stack(0x0000005408100000,0x0000005408200000) (1024K)]
  0x000001ac10f7b080 JavaThread "Unconstrained build operations"        [_thread_blocked, id=19328, stack(0x0000005408200000,0x0000005408300000) (1024K)]
  0x000001ac10f7cac0 JavaThread "Unconstrained build operations Thread 2"        [_thread_blocked, id=20972, stack(0x0000005408300000,0x0000005408400000) (1024K)]
  0x000001ac10f7a360 JavaThread "Unconstrained build operations Thread 3"        [_thread_blocked, id=20852, stack(0x0000005408400000,0x0000005408500000) (1024K)]
  0x000001ac10f7d150 JavaThread "Unconstrained build operations Thread 4"        [_thread_blocked, id=10404, stack(0x0000005408500000,0x0000005408600000) (1024K)]
  0x000001ac10f79cd0 JavaThread "Unconstrained build operations Thread 5"        [_thread_blocked, id=12208, stack(0x0000005408600000,0x0000005408700000) (1024K)]
  0x000001ac10f7a9f0 JavaThread "Unconstrained build operations Thread 6"        [_thread_blocked, id=10552, stack(0x0000005408700000,0x0000005408800000) (1024K)]
  0x000001ac12099650 JavaThread "Unconstrained build operations Thread 7"        [_thread_blocked, id=14960, stack(0x0000005408800000,0x0000005408900000) (1024K)]
  0x000001ac1209b720 JavaThread "Unconstrained build operations Thread 8"        [_thread_blocked, id=19484, stack(0x0000005408900000,0x0000005408a00000) (1024K)]
  0x000001ac1209a370 JavaThread "Unconstrained build operations Thread 9"        [_thread_blocked, id=10308, stack(0x0000005408a00000,0x0000005408b00000) (1024K)]
  0x000001ac1209b090 JavaThread "Unconstrained build operations Thread 10"        [_thread_blocked, id=24344, stack(0x0000005408b00000,0x0000005408c00000) (1024K)]
  0x000001ac1209bdb0 JavaThread "Unconstrained build operations Thread 11"        [_thread_blocked, id=10564, stack(0x0000005408c00000,0x0000005408d00000) (1024K)]
  0x000001ac12099ce0 JavaThread "Unconstrained build operations Thread 12"        [_thread_blocked, id=10744, stack(0x0000005408d00000,0x0000005408e00000) (1024K)]
  0x000001ac1209c440 JavaThread "Unconstrained build operations Thread 13"        [_thread_blocked, id=12832, stack(0x0000005408e00000,0x0000005408f00000) (1024K)]
  0x000001ac12098fc0 JavaThread "Unconstrained build operations Thread 14"        [_thread_blocked, id=25020, stack(0x0000005408f00000,0x0000005409000000) (1024K)]
  0x000001ac1209cad0 JavaThread "jar transforms Thread 4"           [_thread_blocked, id=18756, stack(0x0000005409000000,0x0000005409100000) (1024K)]
  0x000001ac1209aa00 JavaThread "jar transforms Thread 5"           [_thread_blocked, id=7092, stack(0x0000005409100000,0x0000005409200000) (1024K)]
  0x000001ac1209eba0 JavaThread "Unconstrained build operations Thread 15"        [_thread_blocked, id=10224, stack(0x0000005409200000,0x0000005409300000) (1024K)]
  0x000001ac1209d160 JavaThread "Unconstrained build operations Thread 16"        [_thread_blocked, id=7332, stack(0x0000005409300000,0x0000005409400000) (1024K)]
  0x000001ac120a05e0 JavaThread "Unconstrained build operations Thread 17"        [_thread_blocked, id=16344, stack(0x0000005409400000,0x0000005409500000) (1024K)]
  0x000001ac1209f230 JavaThread "Unconstrained build operations Thread 18"        [_thread_blocked, id=25324, stack(0x0000005409500000,0x0000005409600000) (1024K)]
  0x000001ac1209d7f0 JavaThread "Unconstrained build operations Thread 19"        [_thread_blocked, id=19788, stack(0x0000005409600000,0x0000005409700000) (1024K)]
  0x000001ac1209de80 JavaThread "Unconstrained build operations Thread 20"        [_thread_blocked, id=15120, stack(0x0000005409700000,0x0000005409800000) (1024K)]
  0x000001ac1209ff50 JavaThread "Unconstrained build operations Thread 21"        [_thread_blocked, id=8216, stack(0x0000005409800000,0x0000005409900000) (1024K)]
  0x000001ac1209e510 JavaThread "jar transforms Thread 6"           [_thread_blocked, id=3464, stack(0x0000005409900000,0x0000005409a00000) (1024K)]
  0x000001ac1209f8c0 JavaThread "jar transforms Thread 7"           [_thread_blocked, id=24988, stack(0x0000005409a00000,0x0000005409b00000) (1024K)]
  0x000001ac12a96b40 JavaThread "jar transforms Thread 8"           [_thread_blocked, id=11664, stack(0x0000005409b00000,0x0000005409c00000) (1024K)]
  0x000001ac12a97860 JavaThread "Unconstrained build operations Thread 22"        [_thread_blocked, id=25476, stack(0x0000005408000000,0x0000005408100000) (1024K)]
  0x000001ac12a95e20 JavaThread "Unconstrained build operations Thread 23"        [_thread_blocked, id=19492, stack(0x0000005409c00000,0x0000005409d00000) (1024K)]
  0x000001ac12a964b0 JavaThread "Unconstrained build operations Thread 24"        [_thread_blocked, id=6860, stack(0x0000005409d00000,0x0000005409e00000) (1024K)]
  0x000001ac12a943e0 JavaThread "Unconstrained build operations Thread 25"        [_thread_blocked, id=15384, stack(0x0000005409e00000,0x0000005409f00000) (1024K)]
  0x000001ac12a9a650 JavaThread "Unconstrained build operations Thread 26"        [_thread_blocked, id=20472, stack(0x0000005409f00000,0x000000540a000000) (1024K)]
  0x000001ac12a98c10 JavaThread "Unconstrained build operations Thread 27"        [_thread_blocked, id=21140, stack(0x000000540a000000,0x000000540a100000) (1024K)]
  0x000001ac12a99930 JavaThread "Unconstrained build operations Thread 28"        [_thread_blocked, id=14652, stack(0x000000540a100000,0x000000540a200000) (1024K)]
  0x000001ac12a97ef0 JavaThread "Unconstrained build operations Thread 29"        [_thread_blocked, id=7808, stack(0x000000540a200000,0x000000540a300000) (1024K)]
  0x000001ac12a992a0 JavaThread "Unconstrained build operations Thread 30"        [_thread_blocked, id=5364, stack(0x000000540a300000,0x000000540a400000) (1024K)]
  0x000001ac12a9b370 JavaThread "Unconstrained build operations Thread 31"        [_thread_blocked, id=22612, stack(0x000000540a400000,0x000000540a500000) (1024K)]
  0x000001ac12a98580 JavaThread "Unconstrained build operations Thread 32"        [_thread_blocked, id=20804, stack(0x000000540a500000,0x000000540a600000) (1024K)]
  0x000001ac12a9ace0 JavaThread "Unconstrained build operations Thread 33"        [_thread_blocked, id=17332, stack(0x000000540a600000,0x000000540a700000) (1024K)]
  0x000001ac12a9ba00 JavaThread "Unconstrained build operations Thread 34"        [_thread_blocked, id=17208, stack(0x000000540a700000,0x000000540a800000) (1024K)]
  0x000001ac12a99fc0 JavaThread "Unconstrained build operations Thread 35"        [_thread_blocked, id=21260, stack(0x000000540a800000,0x000000540a900000) (1024K)]
  0x000001ac145bc420 JavaThread "Unconstrained build operations Thread 36"        [_thread_blocked, id=16952, stack(0x000000540a900000,0x000000540aa00000) (1024K)]
  0x000001ac145bcab0 JavaThread "Unconstrained build operations Thread 37"        [_thread_blocked, id=2816, stack(0x000000540aa00000,0x000000540ab00000) (1024K)]
  0x000001ac145bb070 JavaThread "Unconstrained build operations Thread 38"        [_thread_blocked, id=18828, stack(0x000000540ab00000,0x000000540ac00000) (1024K)]
  0x000001ac145bd7d0 JavaThread "Unconstrained build operations Thread 39"        [_thread_blocked, id=25060, stack(0x000000540ac00000,0x000000540ad00000) (1024K)]
  0x000001ac145bd140 JavaThread "Unconstrained build operations Thread 40"        [_thread_blocked, id=22416, stack(0x000000540ad00000,0x000000540ae00000) (1024K)]
  0x000001ac145bb700 JavaThread "Unconstrained build operations Thread 41"        [_thread_blocked, id=20492, stack(0x000000540ae00000,0x000000540af00000) (1024K)]
  0x000001ac145bde60 JavaThread "Unconstrained build operations Thread 42"        [_thread_blocked, id=16936, stack(0x000000540af00000,0x000000540b000000) (1024K)]
  0x000001ac11f03ac0 JavaThread "Unconstrained build operations Thread 43"        [_thread_blocked, id=15664, stack(0x000000540b000000,0x000000540b100000) (1024K)]
  0x000001ac11f00cd0 JavaThread "Unconstrained build operations Thread 44"        [_thread_blocked, id=10676, stack(0x000000540b100000,0x000000540b200000) (1024K)]
  0x000001ac11f02da0 JavaThread "Unconstrained build operations Thread 45"        [_thread_blocked, id=14588, stack(0x000000540b200000,0x000000540b300000) (1024K)]
  0x000001ac11f02710 JavaThread "Unconstrained build operations Thread 46"        [_thread_blocked, id=2368, stack(0x000000540b300000,0x000000540b400000) (1024K)]
  0x000001ac11f03430 JavaThread "Unconstrained build operations Thread 47"        [_thread_blocked, id=19308, stack(0x000000540b400000,0x000000540b500000) (1024K)]
  0x000001ac11f00640 JavaThread "Unconstrained build operations Thread 48"        [_thread_blocked, id=22576, stack(0x000000540b500000,0x000000540b600000) (1024K)]
  0x000001ac11f04150 JavaThread "Unconstrained build operations Thread 49"        [_thread_blocked, id=16340, stack(0x000000540b600000,0x000000540b700000) (1024K)]
  0x000001ac11f047e0 JavaThread "Unconstrained build operations Thread 50"        [_thread_blocked, id=15460, stack(0x000000540b700000,0x000000540b800000) (1024K)]
  0x000001ac11f01360 JavaThread "Unconstrained build operations Thread 51"        [_thread_blocked, id=19068, stack(0x000000540b800000,0x000000540b900000) (1024K)]
  0x000001ac11f019f0 JavaThread "build event listener"              [_thread_blocked, id=22852, stack(0x0000005407b00000,0x0000005407c00000) (1024K)]
  0x000001ac11f02080 JavaThread "Memory manager"                    [_thread_blocked, id=18488, stack(0x000000540b900000,0x000000540ba00000) (1024K)]
  0x000001ac11f06220 JavaThread "build event listener"              [_thread_blocked, id=22548, stack(0x000000540bb00000,0x000000540bc00000) (1024K)]
  0x000001ac14c9bda0 JavaThread "included builds"                   [_thread_blocked, id=3012, stack(0x000000540bd00000,0x000000540be00000) (1024K)]
  0x000001ac14c9a360 JavaThread "Execution worker"                  [_thread_blocked, id=2696, stack(0x000000540be00000,0x000000540bf00000) (1024K)]
  0x000001ac14c9b710 JavaThread "Execution worker Thread 2"         [_thread_blocked, id=6080, stack(0x000000540bf00000,0x000000540c000000) (1024K)]
  0x000001ac14c9d150 JavaThread "Execution worker Thread 3"         [_thread_blocked, id=25120, stack(0x000000540c000000,0x000000540c100000) (1024K)]
  0x000001ac14c9f8b0 JavaThread "Execution worker Thread 4"         [_thread_blocked, id=15720, stack(0x000000540c100000,0x000000540c200000) (1024K)]
  0x000001ac14c9de70 JavaThread "Execution worker Thread 5"         [_thread_blocked, id=700, stack(0x000000540c200000,0x000000540c300000) (1024K)]
  0x000001ac14c9ff40 JavaThread "Execution worker Thread 6"         [_thread_blocked, id=17132, stack(0x000000540c300000,0x000000540c400000) (1024K)]
  0x000001ac14c9eb90 JavaThread "Execution worker Thread 7"         [_thread_blocked, id=17004, stack(0x000000540c400000,0x000000540c500000) (1024K)]
  0x000001ac14c9f220 JavaThread "Cache worker for execution history cache (C:\Users\Albaheth\AndroidStudioProjects\Maktaba\.gradle\9.1.0\executionHistory)"        [_thread_blocked, id=25064, stack(0x000000540c500000,0x000000540c600000) (1024K)]
  0x000001ac14c9cac0 JavaThread "Unconstrained build operations Thread 52"        [_thread_blocked, id=21952, stack(0x0000005404b00000,0x0000005404c00000) (1024K)]
  0x000001ac14ca05d0 JavaThread "Unconstrained build operations Thread 53"        [_thread_blocked, id=3800, stack(0x000000540c600000,0x000000540c700000) (1024K)]
  0x000001ac14ca1980 JavaThread "Unconstrained build operations Thread 54"        [_thread_blocked, id=18536, stack(0x000000540c700000,0x000000540c800000) (1024K)]
  0x000001ac14ca0c60 JavaThread "Unconstrained build operations Thread 55"        [_thread_blocked, id=11200, stack(0x000000540c800000,0x000000540c900000) (1024K)]
  0x000001ac14ca12f0 JavaThread "Unconstrained build operations Thread 56"        [_thread_blocked, id=16684, stack(0x000000540c900000,0x000000540ca00000) (1024K)]
  0x000001ac0fa9ccb0 JavaThread "Unconstrained build operations Thread 57"        [_thread_blocked, id=16292, stack(0x000000540ca00000,0x000000540cb00000) (1024K)]
  0x000001ac0fa9d9d0 JavaThread "Unconstrained build operations Thread 58"        [_thread_blocked, id=24608, stack(0x000000540cb00000,0x000000540cc00000) (1024K)]
  0x000001ac10ce8b80 JavaThread "Unconstrained build operations Thread 59"        [_thread_blocked, id=24456, stack(0x000000540cc00000,0x000000540cd00000) (1024K)]
  0x000001ac10ce9210 JavaThread "Unconstrained build operations Thread 60"        [_thread_blocked, id=22632, stack(0x000000540cd00000,0x000000540ce00000) (1024K)]
  0x000001ac10ce9f30 JavaThread "Unconstrained build operations Thread 61"        [_thread_blocked, id=8664, stack(0x000000540ce00000,0x000000540cf00000) (1024K)]
  0x000001ac10ce98a0 JavaThread "Unconstrained build operations Thread 62"        [_thread_blocked, id=8208, stack(0x000000540cf00000,0x000000540d000000) (1024K)]
  0x000001ac10ceac50 JavaThread "Unconstrained build operations Thread 63"        [_thread_blocked, id=18384, stack(0x000000540d000000,0x000000540d100000) (1024K)]
  0x000001ac10ceb2e0 JavaThread "Unconstrained build operations Thread 64"        [_thread_blocked, id=16548, stack(0x000000540d100000,0x000000540d200000) (1024K)]
  0x000001ac10cea5c0 JavaThread "Unconstrained build operations Thread 65"        [_thread_blocked, id=18252, stack(0x000000540d200000,0x000000540d300000) (1024K)]
  0x000001ac10ceb970 JavaThread "Unconstrained build operations Thread 66"        [_thread_blocked, id=20500, stack(0x000000540d300000,0x000000540d400000) (1024K)]
  0x000001ac0fa9c620 JavaThread "Unconstrained build operations Thread 67"        [_thread_blocked, id=14128, stack(0x000000540d400000,0x000000540d500000) (1024K)]
  0x000001ac0fa9d340 JavaThread "Unconstrained build operations Thread 68"        [_thread_blocked, id=2912, stack(0x000000540d500000,0x000000540d600000) (1024K)]
  0x000001ac0fa9b900 JavaThread "Unconstrained build operations Thread 69"        [_thread_blocked, id=15864, stack(0x000000540d600000,0x000000540d700000) (1024K)]
  0x000001ac120243b0 JavaThread "Unconstrained build operations Thread 70"        [_thread_blocked, id=23824, stack(0x000000540d700000,0x000000540d800000) (1024K)]
  0x000001ac12023000 JavaThread "Unconstrained build operations Thread 71"        [_thread_blocked, id=15912, stack(0x000000540d800000,0x000000540d900000) (1024K)]
  0x000001ac12024a40 JavaThread "Unconstrained build operations Thread 72"        [_thread_blocked, id=14800, stack(0x000000540d900000,0x000000540da00000) (1024K)]
  0x000001ac120215c0 JavaThread "Unconstrained build operations Thread 73"        [_thread_blocked, id=10352, stack(0x000000540da00000,0x000000540db00000) (1024K)]
  0x000001ac12022970 JavaThread "Unconstrained build operations Thread 74"        [_thread_blocked, id=23580, stack(0x000000540db00000,0x000000540dc00000) (1024K)]
  0x000001ac12023690 JavaThread "Unconstrained build operations Thread 75"        [_thread_blocked, id=22888, stack(0x000000540dc00000,0x000000540dd00000) (1024K)]
  0x000001ac120250d0 JavaThread "Unconstrained build operations Thread 76"        [_thread_blocked, id=22956, stack(0x000000540dd00000,0x000000540de00000) (1024K)]
  0x000001ac12025760 JavaThread "Unconstrained build operations Thread 77"        [_thread_blocked, id=23848, stack(0x000000540de00000,0x000000540df00000) (1024K)]
  0x000001ac120222e0 JavaThread "Unconstrained build operations Thread 78"        [_thread_blocked, id=17508, stack(0x000000540df00000,0x000000540e000000) (1024K)]
  0x000001ac12028be0 JavaThread "Unconstrained build operations Thread 79"        [_thread_blocked, id=18776, stack(0x000000540e000000,0x000000540e100000) (1024K)]
  0x000001ac12028550 JavaThread "Unconstrained build operations Thread 80"        [_thread_blocked, id=18952, stack(0x000000540e100000,0x000000540e200000) (1024K)]
  0x000001ac12026480 JavaThread "WorkerExecutor Queue"              [_thread_blocked, id=15760, stack(0x000000540bc00000,0x000000540bd00000) (1024K)]
  0x000001ac12026b10 JavaThread "WorkerExecutor Queue Thread 2"        [_thread_blocked, id=10380, stack(0x000000540e200000,0x000000540e300000) (1024K)]
  0x000001ac12023d20 JavaThread "WorkerExecutor Queue Thread 3"        [_thread_blocked, id=14796, stack(0x000000540e300000,0x000000540e400000) (1024K)]
  0x000001ac12029900 JavaThread "WorkerExecutor Queue Thread 4"        [_thread_blocked, id=19388, stack(0x000000540e400000,0x000000540e500000) (1024K)]
  0x000001ac1202b340 JavaThread "WorkerExecutor Queue Thread 5"        [_thread_blocked, id=3536, stack(0x000000540e500000,0x000000540e600000) (1024K)]
  0x000001ac1202a620 JavaThread "WorkerExecutor Queue Thread 6"        [_thread_blocked, id=10448, stack(0x000000540e600000,0x000000540e700000) (1024K)]
  0x000001ac12027ec0 JavaThread "WorkerExecutor Queue Thread 7"        [_thread_blocked, id=14920, stack(0x000000540e700000,0x000000540e800000) (1024K)]
  0x000001ac12029f90 JavaThread "WorkerExecutor Queue Thread 8"        [_thread_in_Java, id=13940, stack(0x000000540e800000,0x000000540e900000) (1024K)]
  0x000001ac1b063020 JavaThread "C2 CompilerThread1"         daemon [_thread_in_native, id=6448, stack(0x000000540ba00000,0x000000540bb00000) (1024K)]
  0x000001ac1202f4e0 JavaThread "ForkJoinPool.commonPool-worker-1" daemon [_thread_blocked, id=24492, stack(0x000000540e900000,0x000000540ea00000) (1024K)]
  0x000001ac1202fb70 JavaThread "ForkJoinPool.commonPool-worker-2" daemon [_thread_blocked, id=7604, stack(0x000000540ea00000,0x000000540eb00000) (1024K)]
  0x000001ac12030890 JavaThread "ForkJoinPool.commonPool-worker-3" daemon [_thread_blocked, id=10648, stack(0x000000540eb00000,0x000000540ec00000) (1024K)]
  0x000001ac12030200 JavaThread "ForkJoinPool.commonPool-worker-4" daemon [_thread_blocked, id=9536, stack(0x000000540ec00000,0x000000540ed00000) (1024K)]
  0x000001ac1202d410 JavaThread "ForkJoinPool.commonPool-worker-5" daemon [_thread_blocked, id=21624, stack(0x000000540ed00000,0x000000540ee00000) (1024K)]
  0x000001ac14c9c430 JavaThread "ForkJoinPool.commonPool-worker-6" daemon [_thread_blocked, id=5804, stack(0x000000540ee00000,0x000000540ef00000) (1024K)]
  0x000001ac14c9d7e0 JavaThread "ForkJoinPool.commonPool-worker-7" daemon [_thread_blocked, id=14864, stack(0x000000540ef00000,0x000000540f000000) (1024K)]
=>0x000001ac1b060740 JavaThread "C2 CompilerThread2"         daemon [_thread_in_native, id=4580, stack(0x000000540f000000,0x000000540f100000) (1024K)]
Total: 149

Other Threads:
  0x000001ac7a5c3a00 VMThread "VM Thread"                           [id=5308, stack(0x0000005405500000,0x0000005405600000) (1024K)]
  0x000001ac7a562770 WatcherThread "VM Periodic Task Thread"        [id=17280, stack(0x0000005405400000,0x0000005405500000) (1024K)]
  0x000001ac71f338b0 WorkerThread "GC Thread#0"                     [id=15488, stack(0x0000005404f00000,0x0000005405000000) (1024K)]
  0x000001ac7f2c5a90 WorkerThread "GC Thread#1"                     [id=14556, stack(0x0000005406100000,0x0000005406200000) (1024K)]
  0x000001ac7f2c5e30 WorkerThread "GC Thread#2"                     [id=23048, stack(0x0000005406200000,0x0000005406300000) (1024K)]
  0x000001ac0f8408a0 WorkerThread "GC Thread#3"                     [id=14712, stack(0x0000005406400000,0x0000005406500000) (1024K)]
  0x000001ac0f69c100 WorkerThread "GC Thread#4"                     [id=11960, stack(0x0000005406500000,0x0000005406600000) (1024K)]
  0x000001ac1083e030 WorkerThread "GC Thread#5"                     [id=24284, stack(0x0000005406d00000,0x0000005406e00000) (1024K)]
  0x000001ac7f62a990 WorkerThread "GC Thread#6"                     [id=24632, stack(0x0000005406e00000,0x0000005406f00000) (1024K)]
  0x000001ac7f02b680 WorkerThread "GC Thread#7"                     [id=20792, stack(0x0000005406f00000,0x0000005407000000) (1024K)]
  0x000001ac71f447a0 ConcurrentGCThread "G1 Main Marker"            [id=20952, stack(0x0000005405000000,0x0000005405100000) (1024K)]
  0x000001ac71f451b0 WorkerThread "G1 Conc#0"                       [id=11136, stack(0x0000005405100000,0x0000005405200000) (1024K)]
  0x000001ac7f02a800 WorkerThread "G1 Conc#1"                       [id=6680, stack(0x0000005407100000,0x0000005407200000) (1024K)]
  0x000001ac7a432c10 ConcurrentGCThread "G1 Refine#0"               [id=772, stack(0x0000005405200000,0x0000005405300000) (1024K)]
  0x000001ac7a435440 ConcurrentGCThread "G1 Service"                [id=23384, stack(0x0000005405300000,0x0000005405400000) (1024K)]
Total: 15

Threads with active compile tasks:
C2 CompilerThread0  52948 18951 %     4       com.android.tools.r8.internal.zw::b @ 189 (729 bytes)
C1 CompilerThread0  52948 20564       2       java.math.MutableBigInteger::isOne (27 bytes)
C2 CompilerThread1  52948 18968 % !   4       com.android.tools.r8.internal.e61::a @ 949 (4236 bytes)
C2 CompilerThread2  52948 18965 %     4       com.android.tools.r8.internal.n61::a @ 1323 (2704 bytes)
Total: 4

VM state: not at safepoint (normal execution)

VM Mutex/Monitor currently owned by a thread: None

Heap address: 0x0000000080000000, size: 2048 MB, Compressed Oops mode: 32-bit

CDS archive(s) not mapped
Compressed class space mapped at: 0x0000000100000000-0x0000000140000000, reserved size: 1073741824
Narrow klass base: 0x0000000000000000, Narrow klass shift: 3, Narrow klass range: 0x140000000

GC Precious Log:
 CardTable entry size: 512
 Card Set container configuration: InlinePtr #cards 5 size 8 Array Of Cards #cards 12 size 40 Howl #buckets 4 coarsen threshold 1843 Howl Bitmap #cards 512 size 80 coarsen threshold 460 Card regions per heap region 1 cards per card region 2048
 CPUs: 8 total, 8 available
 Memory: 7970M
 Large Page Support: Disabled
 NUMA Support: Disabled
 Compressed Oops: Enabled (32-bit)
 Heap Region Size: 1M
 Heap Min Capacity: 8M
 Heap Initial Capacity: 126M
 Heap Max Capacity: 2G
 Pre-touch: Disabled
 Parallel Workers: 8
 Concurrent Workers: 2
 Concurrent Refinement Workers: 8
 Periodic GC: Disabled

Heap:
 garbage-first heap   total 570368K, used 170882K [0x0000000080000000, 0x0000000100000000)
  region size 1024K, 24 young (24576K), 19 survivors (19456K)
 Metaspace       used 142984K, committed 145472K, reserved 1179648K
  class space    used 20675K, committed 21888K, reserved 1048576K

Heap Regions: E=young(eden), S=young(survivor), O=old, HS=humongous(starts), HC=humongous(continues), CS=collection set, F=free, TAMS=top-at-mark-start, PB=parsable bottom
|   0|0x0000000080000000, 0x0000000080100000, 0x0000000080100000|100%|HS|  |TAMS 0x0000000080000000| PB 0x0000000080000000| Complete 
|   1|0x0000000080100000, 0x0000000080200000, 0x0000000080200000|100%|HC|  |TAMS 0x0000000080100000| PB 0x0000000080100000| Complete 
|   2|0x0000000080200000, 0x0000000080300000, 0x0000000080300000|100%|HC|  |TAMS 0x0000000080200000| PB 0x0000000080200000| Complete 
|   3|0x0000000080300000, 0x0000000080400000, 0x0000000080400000|100%| O|  |TAMS 0x0000000080300000| PB 0x0000000080300000| Untracked 
|   4|0x0000000080400000, 0x0000000080500000, 0x0000000080500000|100%| O|  |TAMS 0x0000000080400000| PB 0x0000000080400000| Untracked 
|   5|0x0000000080500000, 0x0000000080600000, 0x0000000080600000|100%| O|  |TAMS 0x0000000080500000| PB 0x0000000080500000| Untracked 
|   6|0x0000000080600000, 0x0000000080700000, 0x0000000080700000|100%|HS|  |TAMS 0x0000000080600000| PB 0x0000000080600000| Complete 
|   7|0x0000000080700000, 0x0000000080800000, 0x0000000080800000|100%| O|  |TAMS 0x0000000080700000| PB 0x0000000080700000| Untracked 
|   8|0x0000000080800000, 0x0000000080900000, 0x0000000080900000|100%| O|  |TAMS 0x0000000080800000| PB 0x0000000080800000| Untracked 
|   9|0x0000000080900000, 0x0000000080a00000, 0x0000000080a00000|100%| O|  |TAMS 0x0000000080900000| PB 0x0000000080900000| Untracked 
|  10|0x0000000080a00000, 0x0000000080b00000, 0x0000000080b00000|100%| O|  |TAMS 0x0000000080a00000| PB 0x0000000080a00000| Untracked 
|  11|0x0000000080b00000, 0x0000000080c00000, 0x0000000080c00000|100%| O|  |TAMS 0x0000000080b00000| PB 0x0000000080b00000| Untracked 
|  12|0x0000000080c00000, 0x0000000080d00000, 0x0000000080d00000|100%| O|  |TAMS 0x0000000080c00000| PB 0x0000000080c00000| Untracked 
|  13|0x0000000080d00000, 0x0000000080e00000, 0x0000000080e00000|100%| O|  |TAMS 0x0000000080d00000| PB 0x0000000080d00000| Untracked 
|  14|0x0000000080e00000, 0x0000000080f00000, 0x0000000080f00000|100%| O|  |TAMS 0x0000000080e00000| PB 0x0000000080e00000| Untracked 
|  15|0x0000000080f00000, 0x0000000081000000, 0x0000000081000000|100%| O|  |TAMS 0x0000000080f00000| PB 0x0000000080f00000| Untracked 
|  16|0x0000000081000000, 0x0000000081100000, 0x0000000081100000|100%| O|  |TAMS 0x0000000081000000| PB 0x0000000081000000| Untracked 
|  17|0x0000000081100000, 0x0000000081200000, 0x0000000081200000|100%| O|  |TAMS 0x0000000081100000| PB 0x0000000081100000| Untracked 
|  18|0x0000000081200000, 0x0000000081300000, 0x0000000081300000|100%| O|  |TAMS 0x0000000081200000| PB 0x0000000081200000| Untracked 
|  19|0x0000000081300000, 0x0000000081400000, 0x0000000081400000|100%| O|  |TAMS 0x0000000081300000| PB 0x0000000081300000| Untracked 
|  20|0x0000000081400000, 0x0000000081500000, 0x0000000081500000|100%| O|  |TAMS 0x0000000081400000| PB 0x0000000081400000| Untracked 
|  21|0x0000000081500000, 0x0000000081600000, 0x0000000081600000|100%| O|  |TAMS 0x0000000081500000| PB 0x0000000081500000| Untracked 
|  22|0x0000000081600000, 0x0000000081700000, 0x0000000081700000|100%| O|  |TAMS 0x0000000081600000| PB 0x0000000081600000| Untracked 
|  23|0x0000000081700000, 0x0000000081800000, 0x0000000081800000|100%| O|  |TAMS 0x0000000081700000| PB 0x0000000081700000| Untracked 
|  24|0x0000000081800000, 0x0000000081900000, 0x0000000081900000|100%| O|  |TAMS 0x0000000081800000| PB 0x0000000081800000| Untracked 
|  25|0x0000000081900000, 0x0000000081a00000, 0x0000000081a00000|100%| O|  |TAMS 0x0000000081900000| PB 0x0000000081900000| Untracked 
|  26|0x0000000081a00000, 0x0000000081b00000, 0x0000000081b00000|100%| O|  |TAMS 0x0000000081a00000| PB 0x0000000081a00000| Untracked 
|  27|0x0000000081b00000, 0x0000000081c00000, 0x0000000081c00000|100%|HS|  |TAMS 0x0000000081b00000| PB 0x0000000081b00000| Complete 
|  28|0x0000000081c00000, 0x0000000081d00000, 0x0000000081d00000|100%|HC|  |TAMS 0x0000000081c00000| PB 0x0000000081c00000| Complete 
|  29|0x0000000081d00000, 0x0000000081e00000, 0x0000000081e00000|100%| O|  |TAMS 0x0000000081d00000| PB 0x0000000081d00000| Untracked 
|  30|0x0000000081e00000, 0x0000000081f00000, 0x0000000081f00000|100%| O|  |TAMS 0x0000000081e00000| PB 0x0000000081e00000| Untracked 
|  31|0x0000000081f00000, 0x0000000082000000, 0x0000000082000000|100%| O|  |TAMS 0x0000000081f00000| PB 0x0000000081f00000| Untracked 
|  32|0x0000000082000000, 0x0000000082100000, 0x0000000082100000|100%| O|  |TAMS 0x0000000082000000| PB 0x0000000082000000| Untracked 
|  33|0x0000000082100000, 0x0000000082200000, 0x0000000082200000|100%| O|  |TAMS 0x0000000082100000| PB 0x0000000082100000| Untracked 
|  34|0x0000000082200000, 0x0000000082300000, 0x0000000082300000|100%| O|  |TAMS 0x0000000082200000| PB 0x0000000082200000| Untracked 
|  35|0x0000000082300000, 0x0000000082400000, 0x0000000082400000|100%|HS|  |TAMS 0x0000000082300000| PB 0x0000000082300000| Complete 
|  36|0x0000000082400000, 0x0000000082500000, 0x0000000082500000|100%| O|  |TAMS 0x0000000082400000| PB 0x0000000082400000| Untracked 
|  37|0x0000000082500000, 0x0000000082600000, 0x0000000082600000|100%|HS|  |TAMS 0x0000000082500000| PB 0x0000000082500000| Complete 
|  38|0x0000000082600000, 0x0000000082700000, 0x0000000082700000|100%| O|  |TAMS 0x0000000082600000| PB 0x0000000082600000| Untracked 
|  39|0x0000000082700000, 0x0000000082800000, 0x0000000082800000|100%| O|  |TAMS 0x0000000082700000| PB 0x0000000082700000| Untracked 
|  40|0x0000000082800000, 0x0000000082900000, 0x0000000082900000|100%| O|  |TAMS 0x0000000082800000| PB 0x0000000082800000| Untracked 
|  41|0x0000000082900000, 0x0000000082a00000, 0x0000000082a00000|100%| O|  |TAMS 0x0000000082900000| PB 0x0000000082900000| Untracked 
|  42|0x0000000082a00000, 0x0000000082b00000, 0x0000000082b00000|100%| O|  |TAMS 0x0000000082a00000| PB 0x0000000082a00000| Untracked 
|  43|0x0000000082b00000, 0x0000000082c00000, 0x0000000082c00000|100%| O|  |TAMS 0x0000000082b00000| PB 0x0000000082b00000| Untracked 
|  44|0x0000000082c00000, 0x0000000082d00000, 0x0000000082d00000|100%| O|  |TAMS 0x0000000082c00000| PB 0x0000000082c00000| Untracked 
|  45|0x0000000082d00000, 0x0000000082e00000, 0x0000000082e00000|100%| O|  |TAMS 0x0000000082d00000| PB 0x0000000082d00000| Untracked 
|  46|0x0000000082e00000, 0x0000000082f00000, 0x0000000082f00000|100%| O|  |TAMS 0x0000000082e00000| PB 0x0000000082e00000| Untracked 
|  47|0x0000000082f00000, 0x0000000083000000, 0x0000000083000000|100%| O|  |TAMS 0x0000000082f00000| PB 0x0000000082f00000| Untracked 
|  48|0x0000000083000000, 0x0000000083100000, 0x0000000083100000|100%|HS|  |TAMS 0x0000000083000000| PB 0x0000000083000000| Complete 
|  49|0x0000000083100000, 0x0000000083200000, 0x0000000083200000|100%| O|  |TAMS 0x0000000083100000| PB 0x0000000083100000| Untracked 
|  50|0x0000000083200000, 0x0000000083300000, 0x0000000083300000|100%|HS|  |TAMS 0x0000000083200000| PB 0x0000000083200000| Complete 
|  51|0x0000000083300000, 0x0000000083400000, 0x0000000083400000|100%| O|  |TAMS 0x0000000083300000| PB 0x0000000083300000| Untracked 
|  52|0x0000000083400000, 0x0000000083500000, 0x0000000083500000|100%|HS|  |TAMS 0x0000000083400000| PB 0x0000000083400000| Complete 
|  53|0x0000000083500000, 0x0000000083600000, 0x0000000083600000|100%|HC|  |TAMS 0x0000000083500000| PB 0x0000000083500000| Complete 
|  54|0x0000000083600000, 0x0000000083700000, 0x0000000083700000|100%| O|  |TAMS 0x0000000083600000| PB 0x0000000083600000| Untracked 
|  55|0x0000000083700000, 0x0000000083800000, 0x0000000083800000|100%|HS|  |TAMS 0x0000000083700000| PB 0x0000000083700000| Complete 
|  56|0x0000000083800000, 0x0000000083900000, 0x0000000083900000|100%|HS|  |TAMS 0x0000000083800000| PB 0x0000000083800000| Complete 
|  57|0x0000000083900000, 0x0000000083a00000, 0x0000000083a00000|100%| O|  |TAMS 0x0000000083900000| PB 0x0000000083900000| Untracked 
|  58|0x0000000083a00000, 0x0000000083b00000, 0x0000000083b00000|100%| O|  |TAMS 0x0000000083a00000| PB 0x0000000083a00000| Untracked 
|  59|0x0000000083b00000, 0x0000000083c00000, 0x0000000083c00000|100%|HS|  |TAMS 0x0000000083b00000| PB 0x0000000083b00000| Complete 
|  60|0x0000000083c00000, 0x0000000083d00000, 0x0000000083d00000|100%| O|  |TAMS 0x0000000083c00000| PB 0x0000000083c00000| Untracked 
|  61|0x0000000083d00000, 0x0000000083e00000, 0x0000000083e00000|100%| O|  |TAMS 0x0000000083d00000| PB 0x0000000083d00000| Untracked 
|  62|0x0000000083e00000, 0x0000000083f00000, 0x0000000083f00000|100%| O|  |TAMS 0x0000000083e00000| PB 0x0000000083e00000| Untracked 
|  63|0x0000000083f00000, 0x0000000084000000, 0x0000000084000000|100%| O|  |TAMS 0x0000000083f00000| PB 0x0000000083f00000| Untracked 
|  64|0x0000000084000000, 0x0000000084100000, 0x0000000084100000|100%| O|  |TAMS 0x0000000084000000| PB 0x0000000084000000| Untracked 
|  65|0x0000000084100000, 0x0000000084200000, 0x0000000084200000|100%| O|  |TAMS 0x0000000084100000| PB 0x0000000084100000| Untracked 
|  66|0x0000000084200000, 0x0000000084300000, 0x0000000084300000|100%| O|  |TAMS 0x0000000084200000| PB 0x0000000084200000| Untracked 
|  67|0x0000000084300000, 0x0000000084400000, 0x0000000084400000|100%| O|  |TAMS 0x0000000084300000| PB 0x0000000084300000| Untracked 
|  68|0x0000000084400000, 0x0000000084500000, 0x0000000084500000|100%| O|  |TAMS 0x0000000084400000| PB 0x0000000084400000| Untracked 
|  69|0x0000000084500000, 0x0000000084600000, 0x0000000084600000|100%| O|  |TAMS 0x0000000084500000| PB 0x0000000084500000| Untracked 
|  70|0x0000000084600000, 0x0000000084700000, 0x0000000084700000|100%|HS|  |TAMS 0x0000000084600000| PB 0x0000000084600000| Complete 
|  71|0x0000000084700000, 0x0000000084800000, 0x0000000084800000|100%|HC|  |TAMS 0x0000000084700000| PB 0x0000000084700000| Complete 
|  72|0x0000000084800000, 0x0000000084900000, 0x0000000084900000|100%| O|  |TAMS 0x0000000084800000| PB 0x0000000084800000| Untracked 
|  73|0x0000000084900000, 0x0000000084a00000, 0x0000000084a00000|100%| O|  |TAMS 0x0000000084900000| PB 0x0000000084900000| Untracked 
|  74|0x0000000084a00000, 0x0000000084b00000, 0x0000000084b00000|100%| O|  |TAMS 0x0000000084a00000| PB 0x0000000084a00000| Untracked 
|  75|0x0000000084b00000, 0x0000000084c00000, 0x0000000084c00000|100%| O|  |TAMS 0x0000000084b00000| PB 0x0000000084b00000| Untracked 
|  76|0x0000000084c00000, 0x0000000084d00000, 0x0000000084d00000|100%| O|  |TAMS 0x0000000084c00000| PB 0x0000000084c00000| Untracked 
|  77|0x0000000084d00000, 0x0000000084e00000, 0x0000000084e00000|100%| O|  |TAMS 0x0000000084d00000| PB 0x0000000084d00000| Untracked 
|  78|0x0000000084e00000, 0x0000000084f00000, 0x0000000084f00000|100%| O|  |TAMS 0x0000000084e00000| PB 0x0000000084e00000| Untracked 
|  79|0x0000000084f00000, 0x0000000085000000, 0x0000000085000000|100%| O|  |TAMS 0x0000000084f00000| PB 0x0000000084f00000| Untracked 
|  80|0x0000000085000000, 0x0000000085100000, 0x0000000085100000|100%| O|  |TAMS 0x0000000085000000| PB 0x0000000085000000| Untracked 
|  81|0x0000000085100000, 0x0000000085200000, 0x0000000085200000|100%| O|  |TAMS 0x0000000085100000| PB 0x0000000085100000| Untracked 
|  82|0x0000000085200000, 0x0000000085300000, 0x0000000085300000|100%| O|  |TAMS 0x0000000085200000| PB 0x0000000085200000| Untracked 
|  83|0x0000000085300000, 0x0000000085400000, 0x0000000085400000|100%| O|  |TAMS 0x0000000085300000| PB 0x0000000085300000| Untracked 
|  84|0x0000000085400000, 0x0000000085500000, 0x0000000085500000|100%| O|  |TAMS 0x0000000085400000| PB 0x0000000085400000| Untracked 
|  85|0x0000000085500000, 0x0000000085600000, 0x0000000085600000|100%| O|  |TAMS 0x0000000085500000| PB 0x0000000085500000| Untracked 
|  86|0x0000000085600000, 0x0000000085700000, 0x0000000085700000|100%| O|  |TAMS 0x0000000085600000| PB 0x0000000085600000| Untracked 
|  87|0x0000000085700000, 0x0000000085800000, 0x0000000085800000|100%| O|  |TAMS 0x0000000085700000| PB 0x0000000085700000| Untracked 
|  88|0x0000000085800000, 0x0000000085900000, 0x0000000085900000|100%| O|  |TAMS 0x0000000085800000| PB 0x0000000085800000| Untracked 
|  89|0x0000000085900000, 0x0000000085a00000, 0x0000000085a00000|100%| O|  |TAMS 0x0000000085900000| PB 0x0000000085900000| Untracked 
|  90|0x0000000085a00000, 0x0000000085b00000, 0x0000000085b00000|100%| O|  |TAMS 0x0000000085a00000| PB 0x0000000085a00000| Untracked 
|  91|0x0000000085b00000, 0x0000000085c00000, 0x0000000085c00000|100%| O|  |TAMS 0x0000000085b00000| PB 0x0000000085b00000| Untracked 
|  92|0x0000000085c00000, 0x0000000085d00000, 0x0000000085d00000|100%| O|  |TAMS 0x0000000085c00000| PB 0x0000000085c00000| Untracked 
|  93|0x0000000085d00000, 0x0000000085e00000, 0x0000000085e00000|100%| O|  |TAMS 0x0000000085d00000| PB 0x0000000085d00000| Untracked 
|  94|0x0000000085e00000, 0x0000000085f00000, 0x0000000085f00000|100%| O|  |TAMS 0x0000000085e00000| PB 0x0000000085e00000| Untracked 
|  95|0x0000000085f00000, 0x0000000086000000, 0x0000000086000000|100%| O|  |TAMS 0x0000000085f00000| PB 0x0000000085f00000| Untracked 
|  96|0x0000000086000000, 0x0000000086100000, 0x0000000086100000|100%| O|  |TAMS 0x0000000086000000| PB 0x0000000086000000| Untracked 
|  97|0x0000000086100000, 0x0000000086200000, 0x0000000086200000|100%| O|  |TAMS 0x0000000086100000| PB 0x0000000086100000| Untracked 
|  98|0x0000000086200000, 0x0000000086300000, 0x0000000086300000|100%| O|  |TAMS 0x0000000086200000| PB 0x0000000086200000| Untracked 
|  99|0x0000000086300000, 0x0000000086400000, 0x0000000086400000|100%| O|  |TAMS 0x0000000086300000| PB 0x0000000086300000| Untracked 
| 100|0x0000000086400000, 0x0000000086500000, 0x0000000086500000|100%| O|  |TAMS 0x0000000086400000| PB 0x0000000086400000| Untracked 
| 101|0x0000000086500000, 0x0000000086600000, 0x0000000086600000|100%| O|  |TAMS 0x0000000086500000| PB 0x0000000086500000| Untracked 
| 102|0x0000000086600000, 0x0000000086700000, 0x0000000086700000|100%| O|  |TAMS 0x0000000086600000| PB 0x0000000086600000| Untracked 
| 103|0x0000000086700000, 0x0000000086800000, 0x0000000086800000|100%| O|  |TAMS 0x0000000086700000| PB 0x0000000086700000| Untracked 
| 104|0x0000000086800000, 0x0000000086900000, 0x0000000086900000|100%| O|  |TAMS 0x0000000086800000| PB 0x0000000086800000| Untracked 
| 105|0x0000000086900000, 0x0000000086a00000, 0x0000000086a00000|100%| O|  |TAMS 0x0000000086900000| PB 0x0000000086900000| Untracked 
| 106|0x0000000086a00000, 0x0000000086b00000, 0x0000000086b00000|100%| O|  |TAMS 0x0000000086a00000| PB 0x0000000086a00000| Untracked 
| 107|0x0000000086b00000, 0x0000000086c00000, 0x0000000086c00000|100%| O|  |TAMS 0x0000000086b00000| PB 0x0000000086b00000| Untracked 
| 108|0x0000000086c00000, 0x0000000086d00000, 0x0000000086d00000|100%| O|  |TAMS 0x0000000086c00000| PB 0x0000000086c00000| Untracked 
| 109|0x0000000086d00000, 0x0000000086e00000, 0x0000000086e00000|100%| O|  |TAMS 0x0000000086d00000| PB 0x0000000086d00000| Untracked 
| 110|0x0000000086e00000, 0x0000000086f00000, 0x0000000086f00000|100%| O|  |TAMS 0x0000000086e00000| PB 0x0000000086e00000| Untracked 
| 111|0x0000000086f00000, 0x0000000087000000, 0x0000000087000000|100%| O|  |TAMS 0x0000000086f00000| PB 0x0000000086f00000| Untracked 
| 112|0x0000000087000000, 0x0000000087100000, 0x0000000087100000|100%| O|  |TAMS 0x0000000087000000| PB 0x0000000087000000| Untracked 
| 113|0x0000000087100000, 0x0000000087200000, 0x0000000087200000|100%| O|  |TAMS 0x0000000087100000| PB 0x0000000087100000| Untracked 
| 114|0x0000000087200000, 0x0000000087300000, 0x0000000087300000|100%| O|  |TAMS 0x0000000087200000| PB 0x0000000087200000| Untracked 
| 115|0x0000000087300000, 0x0000000087400000, 0x0000000087400000|100%| O|  |TAMS 0x0000000087300000| PB 0x0000000087300000| Untracked 
| 116|0x0000000087400000, 0x0000000087500000, 0x0000000087500000|100%| O|  |TAMS 0x0000000087400000| PB 0x0000000087400000| Untracked 
| 117|0x0000000087500000, 0x0000000087600000, 0x0000000087600000|100%| O|  |TAMS 0x0000000087500000| PB 0x0000000087500000| Untracked 
| 118|0x0000000087600000, 0x0000000087700000, 0x0000000087700000|100%| O|  |TAMS 0x0000000087600000| PB 0x0000000087600000| Untracked 
| 119|0x0000000087700000, 0x0000000087800000, 0x0000000087800000|100%| O|  |TAMS 0x0000000087700000| PB 0x0000000087700000| Untracked 
| 120|0x0000000087800000, 0x00000000878e0bc0, 0x0000000087900000| 87%| O|  |TAMS 0x0000000087800000| PB 0x0000000087800000| Untracked 
| 121|0x0000000087900000, 0x0000000087a00000, 0x0000000087a00000|100%|HS|  |TAMS 0x0000000087900000| PB 0x0000000087900000| Complete 
| 122|0x0000000087a00000, 0x0000000087b00000, 0x0000000087b00000|100%|HC|  |TAMS 0x0000000087a00000| PB 0x0000000087a00000| Complete 
| 123|0x0000000087b00000, 0x0000000087c00000, 0x0000000087c00000|100%|HC|  |TAMS 0x0000000087b00000| PB 0x0000000087b00000| Complete 
| 124|0x0000000087c00000, 0x0000000087d00000, 0x0000000087d00000|100%|HC|  |TAMS 0x0000000087c00000| PB 0x0000000087c00000| Complete 
| 125|0x0000000087d00000, 0x0000000087e00000, 0x0000000087e00000|100%|HC|  |TAMS 0x0000000087d00000| PB 0x0000000087d00000| Complete 
| 126|0x0000000087e00000, 0x0000000087f00000, 0x0000000087f00000|100%|HC|  |TAMS 0x0000000087e00000| PB 0x0000000087e00000| Complete 
| 127|0x0000000087f00000, 0x0000000088000000, 0x0000000088000000|100%|HC|  |TAMS 0x0000000087f00000| PB 0x0000000087f00000| Complete 
| 128|0x0000000088000000, 0x0000000088100000, 0x0000000088100000|100%|HC|  |TAMS 0x0000000088000000| PB 0x0000000088000000| Complete 
| 129|0x0000000088100000, 0x0000000088200000, 0x0000000088200000|100%|HC|  |TAMS 0x0000000088100000| PB 0x0000000088100000| Complete 
| 130|0x0000000088200000, 0x0000000088300000, 0x0000000088300000|100%|HC|  |TAMS 0x0000000088200000| PB 0x0000000088200000| Complete 
| 131|0x0000000088300000, 0x0000000088400000, 0x0000000088400000|100%|HC|  |TAMS 0x0000000088300000| PB 0x0000000088300000| Complete 
| 132|0x0000000088400000, 0x0000000088500000, 0x0000000088500000|100%|HC|  |TAMS 0x0000000088400000| PB 0x0000000088400000| Complete 
| 133|0x0000000088500000, 0x0000000088600000, 0x0000000088600000|100%|HS|  |TAMS 0x0000000088500000| PB 0x0000000088500000| Complete 
| 134|0x0000000088600000, 0x0000000088600000, 0x0000000088700000|  0%| F|  |TAMS 0x0000000088600000| PB 0x0000000088600000| Untracked 
| 135|0x0000000088700000, 0x0000000088700000, 0x0000000088800000|  0%| F|  |TAMS 0x0000000088700000| PB 0x0000000088700000| Untracked 
| 136|0x0000000088800000, 0x0000000088800000, 0x0000000088900000|  0%| F|  |TAMS 0x0000000088800000| PB 0x0000000088800000| Untracked 
| 137|0x0000000088900000, 0x0000000088900000, 0x0000000088a00000|  0%| F|  |TAMS 0x0000000088900000| PB 0x0000000088900000| Untracked 
| 138|0x0000000088a00000, 0x0000000088a00000, 0x0000000088b00000|  0%| F|  |TAMS 0x0000000088a00000| PB 0x0000000088a00000| Untracked 
| 139|0x0000000088b00000, 0x0000000088b00000, 0x0000000088c00000|  0%| F|  |TAMS 0x0000000088b00000| PB 0x0000000088b00000| Untracked 
| 140|0x0000000088c00000, 0x0000000088c00000, 0x0000000088d00000|  0%| F|  |TAMS 0x0000000088c00000| PB 0x0000000088c00000| Untracked 
| 141|0x0000000088d00000, 0x0000000088d00000, 0x0000000088e00000|  0%| F|  |TAMS 0x0000000088d00000| PB 0x0000000088d00000| Untracked 
| 142|0x0000000088e00000, 0x0000000088e00000, 0x0000000088f00000|  0%| F|  |TAMS 0x0000000088e00000| PB 0x0000000088e00000| Untracked 
| 143|0x0000000088f00000, 0x0000000088f00000, 0x0000000089000000|  0%| F|  |TAMS 0x0000000088f00000| PB 0x0000000088f00000| Untracked 
| 144|0x0000000089000000, 0x0000000089000000, 0x0000000089100000|  0%| F|  |TAMS 0x0000000089000000| PB 0x0000000089000000| Untracked 
| 145|0x0000000089100000, 0x0000000089100000, 0x0000000089200000|  0%| F|  |TAMS 0x0000000089100000| PB 0x0000000089100000| Untracked 
| 146|0x0000000089200000, 0x0000000089200000, 0x0000000089300000|  0%| F|  |TAMS 0x0000000089200000| PB 0x0000000089200000| Untracked 
| 147|0x0000000089300000, 0x0000000089300000, 0x0000000089400000|  0%| F|  |TAMS 0x0000000089300000| PB 0x0000000089300000| Untracked 
| 148|0x0000000089400000, 0x0000000089400000, 0x0000000089500000|  0%| F|  |TAMS 0x0000000089400000| PB 0x0000000089400000| Untracked 
| 149|0x0000000089500000, 0x0000000089500000, 0x0000000089600000|  0%| F|  |TAMS 0x0000000089500000| PB 0x0000000089500000| Untracked 
| 150|0x0000000089600000, 0x0000000089600000, 0x0000000089700000|  0%| F|  |TAMS 0x0000000089600000| PB 0x0000000089600000| Untracked 
| 151|0x0000000089700000, 0x0000000089700000, 0x0000000089800000|  0%| F|  |TAMS 0x0000000089700000| PB 0x0000000089700000| Untracked 
| 152|0x0000000089800000, 0x0000000089800000, 0x0000000089900000|  0%| F|  |TAMS 0x0000000089800000| PB 0x0000000089800000| Untracked 
| 153|0x0000000089900000, 0x0000000089900000, 0x0000000089a00000|  0%| F|  |TAMS 0x0000000089900000| PB 0x0000000089900000| Untracked 
| 154|0x0000000089a00000, 0x0000000089a00000, 0x0000000089b00000|  0%| F|  |TAMS 0x0000000089a00000| PB 0x0000000089a00000| Untracked 
| 155|0x0000000089b00000, 0x0000000089b00000, 0x0000000089c00000|  0%| F|  |TAMS 0x0000000089b00000| PB 0x0000000089b00000| Untracked 
| 156|0x0000000089c00000, 0x0000000089c00000, 0x0000000089d00000|  0%| F|  |TAMS 0x0000000089c00000| PB 0x0000000089c00000| Untracked 
| 157|0x0000000089d00000, 0x0000000089d00000, 0x0000000089e00000|  0%| F|  |TAMS 0x0000000089d00000| PB 0x0000000089d00000| Untracked 
| 158|0x0000000089e00000, 0x0000000089e00000, 0x0000000089f00000|  0%| F|  |TAMS 0x0000000089e00000| PB 0x0000000089e00000| Untracked 
| 159|0x0000000089f00000, 0x0000000089f00000, 0x000000008a000000|  0%| F|  |TAMS 0x0000000089f00000| PB 0x0000000089f00000| Untracked 
| 160|0x000000008a000000, 0x000000008a000000, 0x000000008a100000|  0%| F|  |TAMS 0x000000008a000000| PB 0x000000008a000000| Untracked 
| 161|0x000000008a100000, 0x000000008a100000, 0x000000008a200000|  0%| F|  |TAMS 0x000000008a100000| PB 0x000000008a100000| Untracked 
| 162|0x000000008a200000, 0x000000008a200000, 0x000000008a300000|  0%| F|  |TAMS 0x000000008a200000| PB 0x000000008a200000| Untracked 
| 163|0x000000008a300000, 0x000000008a300000, 0x000000008a400000|  0%| F|  |TAMS 0x000000008a300000| PB 0x000000008a300000| Untracked 
| 164|0x000000008a400000, 0x000000008a400000, 0x000000008a500000|  0%| F|  |TAMS 0x000000008a400000| PB 0x000000008a400000| Untracked 
| 165|0x000000008a500000, 0x000000008a500000, 0x000000008a600000|  0%| F|  |TAMS 0x000000008a500000| PB 0x000000008a500000| Untracked 
| 166|0x000000008a600000, 0x000000008a600000, 0x000000008a700000|  0%| F|  |TAMS 0x000000008a600000| PB 0x000000008a600000| Untracked 
| 167|0x000000008a700000, 0x000000008a700000, 0x000000008a800000|  0%| F|  |TAMS 0x000000008a700000| PB 0x000000008a700000| Untracked 
| 168|0x000000008a800000, 0x000000008a800000, 0x000000008a900000|  0%| F|  |TAMS 0x000000008a800000| PB 0x000000008a800000| Untracked 
| 169|0x000000008a900000, 0x000000008a900000, 0x000000008aa00000|  0%| F|  |TAMS 0x000000008a900000| PB 0x000000008a900000| Untracked 
| 170|0x000000008aa00000, 0x000000008aa00000, 0x000000008ab00000|  0%| F|  |TAMS 0x000000008aa00000| PB 0x000000008aa00000| Untracked 
| 171|0x000000008ab00000, 0x000000008ab00000, 0x000000008ac00000|  0%| F|  |TAMS 0x000000008ab00000| PB 0x000000008ab00000| Untracked 
| 172|0x000000008ac00000, 0x000000008ac00000, 0x000000008ad00000|  0%| F|  |TAMS 0x000000008ac00000| PB 0x000000008ac00000| Untracked 
| 173|0x000000008ad00000, 0x000000008ad00000, 0x000000008ae00000|  0%| F|  |TAMS 0x000000008ad00000| PB 0x000000008ad00000| Untracked 
| 174|0x000000008ae00000, 0x000000008ae00000, 0x000000008af00000|  0%| F|  |TAMS 0x000000008ae00000| PB 0x000000008ae00000| Untracked 
| 175|0x000000008af00000, 0x000000008af00000, 0x000000008b000000|  0%| F|  |TAMS 0x000000008af00000| PB 0x000000008af00000| Untracked 
| 176|0x000000008b000000, 0x000000008b000000, 0x000000008b100000|  0%| F|  |TAMS 0x000000008b000000| PB 0x000000008b000000| Untracked 
| 177|0x000000008b100000, 0x000000008b100000, 0x000000008b200000|  0%| F|  |TAMS 0x000000008b100000| PB 0x000000008b100000| Untracked 
| 178|0x000000008b200000, 0x000000008b200000, 0x000000008b300000|  0%| F|  |TAMS 0x000000008b200000| PB 0x000000008b200000| Untracked 
| 179|0x000000008b300000, 0x000000008b300000, 0x000000008b400000|  0%| F|  |TAMS 0x000000008b300000| PB 0x000000008b300000| Untracked 
| 180|0x000000008b400000, 0x000000008b400000, 0x000000008b500000|  0%| F|  |TAMS 0x000000008b400000| PB 0x000000008b400000| Untracked 
| 181|0x000000008b500000, 0x000000008b500000, 0x000000008b600000|  0%| F|  |TAMS 0x000000008b500000| PB 0x000000008b500000| Untracked 
| 182|0x000000008b600000, 0x000000008b600000, 0x000000008b700000|  0%| F|  |TAMS 0x000000008b600000| PB 0x000000008b600000| Untracked 
| 183|0x000000008b700000, 0x000000008b700000, 0x000000008b800000|  0%| F|  |TAMS 0x000000008b700000| PB 0x000000008b700000| Untracked 
| 184|0x000000008b800000, 0x000000008b800000, 0x000000008b900000|  0%| F|  |TAMS 0x000000008b800000| PB 0x000000008b800000| Untracked 
| 185|0x000000008b900000, 0x000000008b900000, 0x000000008ba00000|  0%| F|  |TAMS 0x000000008b900000| PB 0x000000008b900000| Untracked 
| 186|0x000000008ba00000, 0x000000008ba00000, 0x000000008bb00000|  0%| F|  |TAMS 0x000000008ba00000| PB 0x000000008ba00000| Untracked 
| 187|0x000000008bb00000, 0x000000008bb00000, 0x000000008bc00000|  0%| F|  |TAMS 0x000000008bb00000| PB 0x000000008bb00000| Untracked 
| 188|0x000000008bc00000, 0x000000008bc00000, 0x000000008bd00000|  0%| F|  |TAMS 0x000000008bc00000| PB 0x000000008bc00000| Untracked 
| 189|0x000000008bd00000, 0x000000008bd00000, 0x000000008be00000|  0%| F|  |TAMS 0x000000008bd00000| PB 0x000000008bd00000| Untracked 
| 190|0x000000008be00000, 0x000000008be00000, 0x000000008bf00000|  0%| F|  |TAMS 0x000000008be00000| PB 0x000000008be00000| Untracked 
| 191|0x000000008bf00000, 0x000000008bf00000, 0x000000008c000000|  0%| F|  |TAMS 0x000000008bf00000| PB 0x000000008bf00000| Untracked 
| 192|0x000000008c000000, 0x000000008c000000, 0x000000008c100000|  0%| F|  |TAMS 0x000000008c000000| PB 0x000000008c000000| Untracked 
| 193|0x000000008c100000, 0x000000008c100000, 0x000000008c200000|  0%| F|  |TAMS 0x000000008c100000| PB 0x000000008c100000| Untracked 
| 194|0x000000008c200000, 0x000000008c200000, 0x000000008c300000|  0%| F|  |TAMS 0x000000008c200000| PB 0x000000008c200000| Untracked 
| 195|0x000000008c300000, 0x000000008c300000, 0x000000008c400000|  0%| F|  |TAMS 0x000000008c300000| PB 0x000000008c300000| Untracked 
| 196|0x000000008c400000, 0x000000008c400000, 0x000000008c500000|  0%| F|  |TAMS 0x000000008c400000| PB 0x000000008c400000| Untracked 
| 197|0x000000008c500000, 0x000000008c500000, 0x000000008c600000|  0%| F|  |TAMS 0x000000008c500000| PB 0x000000008c500000| Untracked 
| 198|0x000000008c600000, 0x000000008c600000, 0x000000008c700000|  0%| F|  |TAMS 0x000000008c600000| PB 0x000000008c600000| Untracked 
| 199|0x000000008c700000, 0x000000008c700000, 0x000000008c800000|  0%| F|  |TAMS 0x000000008c700000| PB 0x000000008c700000| Untracked 
| 200|0x000000008c800000, 0x000000008c800000, 0x000000008c900000|  0%| F|  |TAMS 0x000000008c800000| PB 0x000000008c800000| Untracked 
| 201|0x000000008c900000, 0x000000008c900000, 0x000000008ca00000|  0%| F|  |TAMS 0x000000008c900000| PB 0x000000008c900000| Untracked 
| 202|0x000000008ca00000, 0x000000008ca00000, 0x000000008cb00000|  0%| F|  |TAMS 0x000000008ca00000| PB 0x000000008ca00000| Untracked 
| 203|0x000000008cb00000, 0x000000008cb00000, 0x000000008cc00000|  0%| F|  |TAMS 0x000000008cb00000| PB 0x000000008cb00000| Untracked 
| 204|0x000000008cc00000, 0x000000008cc00000, 0x000000008cd00000|  0%| F|  |TAMS 0x000000008cc00000| PB 0x000000008cc00000| Untracked 
| 205|0x000000008cd00000, 0x000000008cd00000, 0x000000008ce00000|  0%| F|  |TAMS 0x000000008cd00000| PB 0x000000008cd00000| Untracked 
| 206|0x000000008ce00000, 0x000000008ce00000, 0x000000008cf00000|  0%| F|  |TAMS 0x000000008ce00000| PB 0x000000008ce00000| Untracked 
| 207|0x000000008cf00000, 0x000000008cf00000, 0x000000008d000000|  0%| F|  |TAMS 0x000000008cf00000| PB 0x000000008cf00000| Untracked 
| 208|0x000000008d000000, 0x000000008d000000, 0x000000008d100000|  0%| F|  |TAMS 0x000000008d000000| PB 0x000000008d000000| Untracked 
| 209|0x000000008d100000, 0x000000008d100000, 0x000000008d200000|  0%| F|  |TAMS 0x000000008d100000| PB 0x000000008d100000| Untracked 
| 210|0x000000008d200000, 0x000000008d200000, 0x000000008d300000|  0%| F|  |TAMS 0x000000008d200000| PB 0x000000008d200000| Untracked 
| 211|0x000000008d300000, 0x000000008d300000, 0x000000008d400000|  0%| F|  |TAMS 0x000000008d300000| PB 0x000000008d300000| Untracked 
| 212|0x000000008d400000, 0x000000008d400000, 0x000000008d500000|  0%| F|  |TAMS 0x000000008d400000| PB 0x000000008d400000| Untracked 
| 213|0x000000008d500000, 0x000000008d500000, 0x000000008d600000|  0%| F|  |TAMS 0x000000008d500000| PB 0x000000008d500000| Untracked 
| 214|0x000000008d600000, 0x000000008d600000, 0x000000008d700000|  0%| F|  |TAMS 0x000000008d600000| PB 0x000000008d600000| Untracked 
| 215|0x000000008d700000, 0x000000008d700000, 0x000000008d800000|  0%| F|  |TAMS 0x000000008d700000| PB 0x000000008d700000| Untracked 
| 216|0x000000008d800000, 0x000000008d800000, 0x000000008d900000|  0%| F|  |TAMS 0x000000008d800000| PB 0x000000008d800000| Untracked 
| 217|0x000000008d900000, 0x000000008d900000, 0x000000008da00000|  0%| F|  |TAMS 0x000000008d900000| PB 0x000000008d900000| Untracked 
| 218|0x000000008da00000, 0x000000008da00000, 0x000000008db00000|  0%| F|  |TAMS 0x000000008da00000| PB 0x000000008da00000| Untracked 
| 219|0x000000008db00000, 0x000000008db00000, 0x000000008dc00000|  0%| F|  |TAMS 0x000000008db00000| PB 0x000000008db00000| Untracked 
| 220|0x000000008dc00000, 0x000000008dc00000, 0x000000008dd00000|  0%| F|  |TAMS 0x000000008dc00000| PB 0x000000008dc00000| Untracked 
| 221|0x000000008dd00000, 0x000000008dd00000, 0x000000008de00000|  0%| F|  |TAMS 0x000000008dd00000| PB 0x000000008dd00000| Untracked 
| 222|0x000000008de00000, 0x000000008de00000, 0x000000008df00000|  0%| F|  |TAMS 0x000000008de00000| PB 0x000000008de00000| Untracked 
| 223|0x000000008df00000, 0x000000008df00000, 0x000000008e000000|  0%| F|  |TAMS 0x000000008df00000| PB 0x000000008df00000| Untracked 
| 224|0x000000008e000000, 0x000000008e000000, 0x000000008e100000|  0%| F|  |TAMS 0x000000008e000000| PB 0x000000008e000000| Untracked 
| 225|0x000000008e100000, 0x000000008e100000, 0x000000008e200000|  0%| F|  |TAMS 0x000000008e100000| PB 0x000000008e100000| Untracked 
| 226|0x000000008e200000, 0x000000008e200000, 0x000000008e300000|  0%| F|  |TAMS 0x000000008e200000| PB 0x000000008e200000| Untracked 
| 227|0x000000008e300000, 0x000000008e300000, 0x000000008e400000|  0%| F|  |TAMS 0x000000008e300000| PB 0x000000008e300000| Untracked 
| 228|0x000000008e400000, 0x000000008e400000, 0x000000008e500000|  0%| F|  |TAMS 0x000000008e400000| PB 0x000000008e400000| Untracked 
| 229|0x000000008e500000, 0x000000008e500000, 0x000000008e600000|  0%| F|  |TAMS 0x000000008e500000| PB 0x000000008e500000| Untracked 
| 230|0x000000008e600000, 0x000000008e600000, 0x000000008e700000|  0%| F|  |TAMS 0x000000008e600000| PB 0x000000008e600000| Untracked 
| 231|0x000000008e700000, 0x000000008e700000, 0x000000008e800000|  0%| F|  |TAMS 0x000000008e700000| PB 0x000000008e700000| Untracked 
| 232|0x000000008e800000, 0x000000008e800000, 0x000000008e900000|  0%| F|  |TAMS 0x000000008e800000| PB 0x000000008e800000| Untracked 
| 233|0x000000008e900000, 0x000000008e900000, 0x000000008ea00000|  0%| F|  |TAMS 0x000000008e900000| PB 0x000000008e900000| Untracked 
| 234|0x000000008ea00000, 0x000000008ea00000, 0x000000008eb00000|  0%| F|  |TAMS 0x000000008ea00000| PB 0x000000008ea00000| Untracked 
| 235|0x000000008eb00000, 0x000000008eb00000, 0x000000008ec00000|  0%| F|  |TAMS 0x000000008eb00000| PB 0x000000008eb00000| Untracked 
| 236|0x000000008ec00000, 0x000000008ec00000, 0x000000008ed00000|  0%| F|  |TAMS 0x000000008ec00000| PB 0x000000008ec00000| Untracked 
| 237|0x000000008ed00000, 0x000000008ed00000, 0x000000008ee00000|  0%| F|  |TAMS 0x000000008ed00000| PB 0x000000008ed00000| Untracked 
| 238|0x000000008ee00000, 0x000000008ee00000, 0x000000008ef00000|  0%| F|  |TAMS 0x000000008ee00000| PB 0x000000008ee00000| Untracked 
| 239|0x000000008ef00000, 0x000000008ef00000, 0x000000008f000000|  0%| F|  |TAMS 0x000000008ef00000| PB 0x000000008ef00000| Untracked 
| 240|0x000000008f000000, 0x000000008f000000, 0x000000008f100000|  0%| F|  |TAMS 0x000000008f000000| PB 0x000000008f000000| Untracked 
| 241|0x000000008f100000, 0x000000008f100000, 0x000000008f200000|  0%| F|  |TAMS 0x000000008f100000| PB 0x000000008f100000| Untracked 
| 242|0x000000008f200000, 0x000000008f200000, 0x000000008f300000|  0%| F|  |TAMS 0x000000008f200000| PB 0x000000008f200000| Untracked 
| 243|0x000000008f300000, 0x000000008f300000, 0x000000008f400000|  0%| F|  |TAMS 0x000000008f300000| PB 0x000000008f300000| Untracked 
| 244|0x000000008f400000, 0x000000008f400000, 0x000000008f500000|  0%| F|  |TAMS 0x000000008f400000| PB 0x000000008f400000| Untracked 
| 245|0x000000008f500000, 0x000000008f500000, 0x000000008f600000|  0%| F|  |TAMS 0x000000008f500000| PB 0x000000008f500000| Untracked 
| 246|0x000000008f600000, 0x000000008f600000, 0x000000008f700000|  0%| F|  |TAMS 0x000000008f600000| PB 0x000000008f600000| Untracked 
| 247|0x000000008f700000, 0x000000008f700000, 0x000000008f800000|  0%| F|  |TAMS 0x000000008f700000| PB 0x000000008f700000| Untracked 
| 248|0x000000008f800000, 0x000000008f800000, 0x000000008f900000|  0%| F|  |TAMS 0x000000008f800000| PB 0x000000008f800000| Untracked 
| 249|0x000000008f900000, 0x000000008f900000, 0x000000008fa00000|  0%| F|  |TAMS 0x000000008f900000| PB 0x000000008f900000| Untracked 
| 250|0x000000008fa00000, 0x000000008fa00000, 0x000000008fb00000|  0%| F|  |TAMS 0x000000008fa00000| PB 0x000000008fa00000| Untracked 
| 251|0x000000008fb00000, 0x000000008fb00000, 0x000000008fc00000|  0%| F|  |TAMS 0x000000008fb00000| PB 0x000000008fb00000| Untracked 
| 252|0x000000008fc00000, 0x000000008fc00000, 0x000000008fd00000|  0%| F|  |TAMS 0x000000008fc00000| PB 0x000000008fc00000| Untracked 
| 253|0x000000008fd00000, 0x000000008fd00000, 0x000000008fe00000|  0%| F|  |TAMS 0x000000008fd00000| PB 0x000000008fd00000| Untracked 
| 254|0x000000008fe00000, 0x000000008fe00000, 0x000000008ff00000|  0%| F|  |TAMS 0x000000008fe00000| PB 0x000000008fe00000| Untracked 
| 255|0x000000008ff00000, 0x000000008ff00000, 0x0000000090000000|  0%| F|  |TAMS 0x000000008ff00000| PB 0x000000008ff00000| Untracked 
| 256|0x0000000090000000, 0x0000000090000000, 0x0000000090100000|  0%| F|  |TAMS 0x0000000090000000| PB 0x0000000090000000| Untracked 
| 257|0x0000000090100000, 0x0000000090100000, 0x0000000090200000|  0%| F|  |TAMS 0x0000000090100000| PB 0x0000000090100000| Untracked 
| 258|0x0000000090200000, 0x0000000090200000, 0x0000000090300000|  0%| F|  |TAMS 0x0000000090200000| PB 0x0000000090200000| Untracked 
| 259|0x0000000090300000, 0x0000000090300000, 0x0000000090400000|  0%| F|  |TAMS 0x0000000090300000| PB 0x0000000090300000| Untracked 
| 260|0x0000000090400000, 0x0000000090400000, 0x0000000090500000|  0%| F|  |TAMS 0x0000000090400000| PB 0x0000000090400000| Untracked 
| 261|0x0000000090500000, 0x0000000090500000, 0x0000000090600000|  0%| F|  |TAMS 0x0000000090500000| PB 0x0000000090500000| Untracked 
| 262|0x0000000090600000, 0x0000000090600000, 0x0000000090700000|  0%| F|  |TAMS 0x0000000090600000| PB 0x0000000090600000| Untracked 
| 263|0x0000000090700000, 0x0000000090700000, 0x0000000090800000|  0%| F|  |TAMS 0x0000000090700000| PB 0x0000000090700000| Untracked 
| 264|0x0000000090800000, 0x0000000090800000, 0x0000000090900000|  0%| F|  |TAMS 0x0000000090800000| PB 0x0000000090800000| Untracked 
| 265|0x0000000090900000, 0x0000000090900000, 0x0000000090a00000|  0%| F|  |TAMS 0x0000000090900000| PB 0x0000000090900000| Untracked 
| 266|0x0000000090a00000, 0x0000000090a00000, 0x0000000090b00000|  0%| F|  |TAMS 0x0000000090a00000| PB 0x0000000090a00000| Untracked 
| 267|0x0000000090b00000, 0x0000000090b00000, 0x0000000090c00000|  0%| F|  |TAMS 0x0000000090b00000| PB 0x0000000090b00000| Untracked 
| 268|0x0000000090c00000, 0x0000000090c00000, 0x0000000090d00000|  0%| F|  |TAMS 0x0000000090c00000| PB 0x0000000090c00000| Untracked 
| 269|0x0000000090d00000, 0x0000000090d00000, 0x0000000090e00000|  0%| F|  |TAMS 0x0000000090d00000| PB 0x0000000090d00000| Untracked 
| 270|0x0000000090e00000, 0x0000000090e00000, 0x0000000090f00000|  0%| F|  |TAMS 0x0000000090e00000| PB 0x0000000090e00000| Untracked 
| 271|0x0000000090f00000, 0x0000000090f00000, 0x0000000091000000|  0%| F|  |TAMS 0x0000000090f00000| PB 0x0000000090f00000| Untracked 
| 272|0x0000000091000000, 0x0000000091000000, 0x0000000091100000|  0%| F|  |TAMS 0x0000000091000000| PB 0x0000000091000000| Untracked 
| 273|0x0000000091100000, 0x0000000091100000, 0x0000000091200000|  0%| F|  |TAMS 0x0000000091100000| PB 0x0000000091100000| Untracked 
| 274|0x0000000091200000, 0x0000000091200000, 0x0000000091300000|  0%| F|  |TAMS 0x0000000091200000| PB 0x0000000091200000| Untracked 
| 275|0x0000000091300000, 0x0000000091300000, 0x0000000091400000|  0%| F|  |TAMS 0x0000000091300000| PB 0x0000000091300000| Untracked 
| 276|0x0000000091400000, 0x0000000091400000, 0x0000000091500000|  0%| F|  |TAMS 0x0000000091400000| PB 0x0000000091400000| Untracked 
| 277|0x0000000091500000, 0x0000000091500000, 0x0000000091600000|  0%| F|  |TAMS 0x0000000091500000| PB 0x0000000091500000| Untracked 
| 278|0x0000000091600000, 0x0000000091600000, 0x0000000091700000|  0%| F|  |TAMS 0x0000000091600000| PB 0x0000000091600000| Untracked 
| 279|0x0000000091700000, 0x0000000091700000, 0x0000000091800000|  0%| F|  |TAMS 0x0000000091700000| PB 0x0000000091700000| Untracked 
| 280|0x0000000091800000, 0x0000000091800000, 0x0000000091900000|  0%| F|  |TAMS 0x0000000091800000| PB 0x0000000091800000| Untracked 
| 281|0x0000000091900000, 0x0000000091900000, 0x0000000091a00000|  0%| F|  |TAMS 0x0000000091900000| PB 0x0000000091900000| Untracked 
| 282|0x0000000091a00000, 0x0000000091a00000, 0x0000000091b00000|  0%| F|  |TAMS 0x0000000091a00000| PB 0x0000000091a00000| Untracked 
| 283|0x0000000091b00000, 0x0000000091b00000, 0x0000000091c00000|  0%| F|  |TAMS 0x0000000091b00000| PB 0x0000000091b00000| Untracked 
| 284|0x0000000091c00000, 0x0000000091c00000, 0x0000000091d00000|  0%| F|  |TAMS 0x0000000091c00000| PB 0x0000000091c00000| Untracked 
| 285|0x0000000091d00000, 0x0000000091d00000, 0x0000000091e00000|  0%| F|  |TAMS 0x0000000091d00000| PB 0x0000000091d00000| Untracked 
| 286|0x0000000091e00000, 0x0000000091e00000, 0x0000000091f00000|  0%| F|  |TAMS 0x0000000091e00000| PB 0x0000000091e00000| Untracked 
| 287|0x0000000091f00000, 0x0000000091f00000, 0x0000000092000000|  0%| F|  |TAMS 0x0000000091f00000| PB 0x0000000091f00000| Untracked 
| 288|0x0000000092000000, 0x0000000092000000, 0x0000000092100000|  0%| F|  |TAMS 0x0000000092000000| PB 0x0000000092000000| Untracked 
| 289|0x0000000092100000, 0x0000000092100000, 0x0000000092200000|  0%| F|  |TAMS 0x0000000092100000| PB 0x0000000092100000| Untracked 
| 290|0x0000000092200000, 0x0000000092200000, 0x0000000092300000|  0%| F|  |TAMS 0x0000000092200000| PB 0x0000000092200000| Untracked 
| 291|0x0000000092300000, 0x0000000092300000, 0x0000000092400000|  0%| F|  |TAMS 0x0000000092300000| PB 0x0000000092300000| Untracked 
| 292|0x0000000092400000, 0x0000000092400000, 0x0000000092500000|  0%| F|  |TAMS 0x0000000092400000| PB 0x0000000092400000| Untracked 
| 293|0x0000000092500000, 0x0000000092500000, 0x0000000092600000|  0%| F|  |TAMS 0x0000000092500000| PB 0x0000000092500000| Untracked 
| 294|0x0000000092600000, 0x0000000092600000, 0x0000000092700000|  0%| F|  |TAMS 0x0000000092600000| PB 0x0000000092600000| Untracked 
| 295|0x0000000092700000, 0x0000000092700000, 0x0000000092800000|  0%| F|  |TAMS 0x0000000092700000| PB 0x0000000092700000| Untracked 
| 296|0x0000000092800000, 0x0000000092800000, 0x0000000092900000|  0%| F|  |TAMS 0x0000000092800000| PB 0x0000000092800000| Untracked 
| 297|0x0000000092900000, 0x0000000092900000, 0x0000000092a00000|  0%| F|  |TAMS 0x0000000092900000| PB 0x0000000092900000| Untracked 
| 298|0x0000000092a00000, 0x0000000092a00000, 0x0000000092b00000|  0%| F|  |TAMS 0x0000000092a00000| PB 0x0000000092a00000| Untracked 
| 299|0x0000000092b00000, 0x0000000092b00000, 0x0000000092c00000|  0%| F|  |TAMS 0x0000000092b00000| PB 0x0000000092b00000| Untracked 
| 300|0x0000000092c00000, 0x0000000092c00000, 0x0000000092d00000|  0%| F|  |TAMS 0x0000000092c00000| PB 0x0000000092c00000| Untracked 
| 301|0x0000000092d00000, 0x0000000092d00000, 0x0000000092e00000|  0%| F|  |TAMS 0x0000000092d00000| PB 0x0000000092d00000| Untracked 
| 302|0x0000000092e00000, 0x0000000092e00000, 0x0000000092f00000|  0%| F|  |TAMS 0x0000000092e00000| PB 0x0000000092e00000| Untracked 
| 303|0x0000000092f00000, 0x0000000092f00000, 0x0000000093000000|  0%| F|  |TAMS 0x0000000092f00000| PB 0x0000000092f00000| Untracked 
| 304|0x0000000093000000, 0x0000000093000000, 0x0000000093100000|  0%| F|  |TAMS 0x0000000093000000| PB 0x0000000093000000| Untracked 
| 305|0x0000000093100000, 0x0000000093100000, 0x0000000093200000|  0%| F|  |TAMS 0x0000000093100000| PB 0x0000000093100000| Untracked 
| 306|0x0000000093200000, 0x0000000093200000, 0x0000000093300000|  0%| F|  |TAMS 0x0000000093200000| PB 0x0000000093200000| Untracked 
| 307|0x0000000093300000, 0x0000000093300000, 0x0000000093400000|  0%| F|  |TAMS 0x0000000093300000| PB 0x0000000093300000| Untracked 
| 308|0x0000000093400000, 0x0000000093400000, 0x0000000093500000|  0%| F|  |TAMS 0x0000000093400000| PB 0x0000000093400000| Untracked 
| 309|0x0000000093500000, 0x0000000093500000, 0x0000000093600000|  0%| F|  |TAMS 0x0000000093500000| PB 0x0000000093500000| Untracked 
| 310|0x0000000093600000, 0x0000000093600000, 0x0000000093700000|  0%| F|  |TAMS 0x0000000093600000| PB 0x0000000093600000| Untracked 
| 311|0x0000000093700000, 0x0000000093700000, 0x0000000093800000|  0%| F|  |TAMS 0x0000000093700000| PB 0x0000000093700000| Untracked 
| 312|0x0000000093800000, 0x0000000093800000, 0x0000000093900000|  0%| F|  |TAMS 0x0000000093800000| PB 0x0000000093800000| Untracked 
| 313|0x0000000093900000, 0x0000000093900000, 0x0000000093a00000|  0%| F|  |TAMS 0x0000000093900000| PB 0x0000000093900000| Untracked 
| 314|0x0000000093a00000, 0x0000000093a00000, 0x0000000093b00000|  0%| F|  |TAMS 0x0000000093a00000| PB 0x0000000093a00000| Untracked 
| 315|0x0000000093b00000, 0x0000000093b00000, 0x0000000093c00000|  0%| F|  |TAMS 0x0000000093b00000| PB 0x0000000093b00000| Untracked 
| 316|0x0000000093c00000, 0x0000000093c00000, 0x0000000093d00000|  0%| F|  |TAMS 0x0000000093c00000| PB 0x0000000093c00000| Untracked 
| 317|0x0000000093d00000, 0x0000000093d00000, 0x0000000093e00000|  0%| F|  |TAMS 0x0000000093d00000| PB 0x0000000093d00000| Untracked 
| 318|0x0000000093e00000, 0x0000000093e00000, 0x0000000093f00000|  0%| F|  |TAMS 0x0000000093e00000| PB 0x0000000093e00000| Untracked 
| 319|0x0000000093f00000, 0x0000000093f00000, 0x0000000094000000|  0%| F|  |TAMS 0x0000000093f00000| PB 0x0000000093f00000| Untracked 
| 320|0x0000000094000000, 0x0000000094000000, 0x0000000094100000|  0%| F|  |TAMS 0x0000000094000000| PB 0x0000000094000000| Untracked 
| 321|0x0000000094100000, 0x0000000094100000, 0x0000000094200000|  0%| F|  |TAMS 0x0000000094100000| PB 0x0000000094100000| Untracked 
| 322|0x0000000094200000, 0x0000000094200000, 0x0000000094300000|  0%| F|  |TAMS 0x0000000094200000| PB 0x0000000094200000| Untracked 
| 323|0x0000000094300000, 0x0000000094300000, 0x0000000094400000|  0%| F|  |TAMS 0x0000000094300000| PB 0x0000000094300000| Untracked 
| 324|0x0000000094400000, 0x0000000094400000, 0x0000000094500000|  0%| F|  |TAMS 0x0000000094400000| PB 0x0000000094400000| Untracked 
| 325|0x0000000094500000, 0x0000000094500000, 0x0000000094600000|  0%| F|  |TAMS 0x0000000094500000| PB 0x0000000094500000| Untracked 
| 326|0x0000000094600000, 0x0000000094600000, 0x0000000094700000|  0%| F|  |TAMS 0x0000000094600000| PB 0x0000000094600000| Untracked 
| 327|0x0000000094700000, 0x0000000094700000, 0x0000000094800000|  0%| F|  |TAMS 0x0000000094700000| PB 0x0000000094700000| Untracked 
| 328|0x0000000094800000, 0x0000000094800000, 0x0000000094900000|  0%| F|  |TAMS 0x0000000094800000| PB 0x0000000094800000| Untracked 
| 329|0x0000000094900000, 0x0000000094900000, 0x0000000094a00000|  0%| F|  |TAMS 0x0000000094900000| PB 0x0000000094900000| Untracked 
| 330|0x0000000094a00000, 0x0000000094a00000, 0x0000000094b00000|  0%| F|  |TAMS 0x0000000094a00000| PB 0x0000000094a00000| Untracked 
| 331|0x0000000094b00000, 0x0000000094b00000, 0x0000000094c00000|  0%| F|  |TAMS 0x0000000094b00000| PB 0x0000000094b00000| Untracked 
| 332|0x0000000094c00000, 0x0000000094c00000, 0x0000000094d00000|  0%| F|  |TAMS 0x0000000094c00000| PB 0x0000000094c00000| Untracked 
| 333|0x0000000094d00000, 0x0000000094d00000, 0x0000000094e00000|  0%| F|  |TAMS 0x0000000094d00000| PB 0x0000000094d00000| Untracked 
| 334|0x0000000094e00000, 0x0000000094e00000, 0x0000000094f00000|  0%| F|  |TAMS 0x0000000094e00000| PB 0x0000000094e00000| Untracked 
| 335|0x0000000094f00000, 0x0000000094f00000, 0x0000000095000000|  0%| F|  |TAMS 0x0000000094f00000| PB 0x0000000094f00000| Untracked 
| 336|0x0000000095000000, 0x0000000095000000, 0x0000000095100000|  0%| F|  |TAMS 0x0000000095000000| PB 0x0000000095000000| Untracked 
| 337|0x0000000095100000, 0x0000000095100000, 0x0000000095200000|  0%| F|  |TAMS 0x0000000095100000| PB 0x0000000095100000| Untracked 
| 338|0x0000000095200000, 0x0000000095200000, 0x0000000095300000|  0%| F|  |TAMS 0x0000000095200000| PB 0x0000000095200000| Untracked 
| 339|0x0000000095300000, 0x0000000095300000, 0x0000000095400000|  0%| F|  |TAMS 0x0000000095300000| PB 0x0000000095300000| Untracked 
| 340|0x0000000095400000, 0x0000000095400000, 0x0000000095500000|  0%| F|  |TAMS 0x0000000095400000| PB 0x0000000095400000| Untracked 
| 341|0x0000000095500000, 0x0000000095500000, 0x0000000095600000|  0%| F|  |TAMS 0x0000000095500000| PB 0x0000000095500000| Untracked 
| 342|0x0000000095600000, 0x0000000095600000, 0x0000000095700000|  0%| F|  |TAMS 0x0000000095600000| PB 0x0000000095600000| Untracked 
| 343|0x0000000095700000, 0x0000000095700000, 0x0000000095800000|  0%| F|  |TAMS 0x0000000095700000| PB 0x0000000095700000| Untracked 
| 344|0x0000000095800000, 0x0000000095800000, 0x0000000095900000|  0%| F|  |TAMS 0x0000000095800000| PB 0x0000000095800000| Untracked 
| 345|0x0000000095900000, 0x0000000095900000, 0x0000000095a00000|  0%| F|  |TAMS 0x0000000095900000| PB 0x0000000095900000| Untracked 
| 346|0x0000000095a00000, 0x0000000095a00000, 0x0000000095b00000|  0%| F|  |TAMS 0x0000000095a00000| PB 0x0000000095a00000| Untracked 
| 347|0x0000000095b00000, 0x0000000095b00000, 0x0000000095c00000|  0%| F|  |TAMS 0x0000000095b00000| PB 0x0000000095b00000| Untracked 
| 348|0x0000000095c00000, 0x0000000095c00000, 0x0000000095d00000|  0%| F|  |TAMS 0x0000000095c00000| PB 0x0000000095c00000| Untracked 
| 349|0x0000000095d00000, 0x0000000095d00000, 0x0000000095e00000|  0%| F|  |TAMS 0x0000000095d00000| PB 0x0000000095d00000| Untracked 
| 350|0x0000000095e00000, 0x0000000095e00000, 0x0000000095f00000|  0%| F|  |TAMS 0x0000000095e00000| PB 0x0000000095e00000| Untracked 
| 351|0x0000000095f00000, 0x0000000095f00000, 0x0000000096000000|  0%| F|  |TAMS 0x0000000095f00000| PB 0x0000000095f00000| Untracked 
| 352|0x0000000096000000, 0x0000000096000000, 0x0000000096100000|  0%| F|  |TAMS 0x0000000096000000| PB 0x0000000096000000| Untracked 
| 353|0x0000000096100000, 0x0000000096100000, 0x0000000096200000|  0%| F|  |TAMS 0x0000000096100000| PB 0x0000000096100000| Untracked 
| 354|0x0000000096200000, 0x0000000096200000, 0x0000000096300000|  0%| F|  |TAMS 0x0000000096200000| PB 0x0000000096200000| Untracked 
| 355|0x0000000096300000, 0x0000000096300000, 0x0000000096400000|  0%| F|  |TAMS 0x0000000096300000| PB 0x0000000096300000| Untracked 
| 356|0x0000000096400000, 0x0000000096400000, 0x0000000096500000|  0%| F|  |TAMS 0x0000000096400000| PB 0x0000000096400000| Untracked 
| 357|0x0000000096500000, 0x0000000096500000, 0x0000000096600000|  0%| F|  |TAMS 0x0000000096500000| PB 0x0000000096500000| Untracked 
| 358|0x0000000096600000, 0x0000000096600000, 0x0000000096700000|  0%| F|  |TAMS 0x0000000096600000| PB 0x0000000096600000| Untracked 
| 359|0x0000000096700000, 0x0000000096700000, 0x0000000096800000|  0%| F|  |TAMS 0x0000000096700000| PB 0x0000000096700000| Untracked 
| 360|0x0000000096800000, 0x0000000096800000, 0x0000000096900000|  0%| F|  |TAMS 0x0000000096800000| PB 0x0000000096800000| Untracked 
| 361|0x0000000096900000, 0x0000000096900000, 0x0000000096a00000|  0%| F|  |TAMS 0x0000000096900000| PB 0x0000000096900000| Untracked 
| 362|0x0000000096a00000, 0x0000000096a00000, 0x0000000096b00000|  0%| F|  |TAMS 0x0000000096a00000| PB 0x0000000096a00000| Untracked 
| 363|0x0000000096b00000, 0x0000000096b00000, 0x0000000096c00000|  0%| F|  |TAMS 0x0000000096b00000| PB 0x0000000096b00000| Untracked 
| 364|0x0000000096c00000, 0x0000000096c00000, 0x0000000096d00000|  0%| F|  |TAMS 0x0000000096c00000| PB 0x0000000096c00000| Untracked 
| 365|0x0000000096d00000, 0x0000000096d00000, 0x0000000096e00000|  0%| F|  |TAMS 0x0000000096d00000| PB 0x0000000096d00000| Untracked 
| 366|0x0000000096e00000, 0x0000000096e00000, 0x0000000096f00000|  0%| F|  |TAMS 0x0000000096e00000| PB 0x0000000096e00000| Untracked 
| 367|0x0000000096f00000, 0x0000000096f00000, 0x0000000097000000|  0%| F|  |TAMS 0x0000000096f00000| PB 0x0000000096f00000| Untracked 
| 368|0x0000000097000000, 0x0000000097000000, 0x0000000097100000|  0%| F|  |TAMS 0x0000000097000000| PB 0x0000000097000000| Untracked 
| 369|0x0000000097100000, 0x0000000097100000, 0x0000000097200000|  0%| F|  |TAMS 0x0000000097100000| PB 0x0000000097100000| Untracked 
| 370|0x0000000097200000, 0x0000000097200000, 0x0000000097300000|  0%| F|  |TAMS 0x0000000097200000| PB 0x0000000097200000| Untracked 
| 371|0x0000000097300000, 0x0000000097300000, 0x0000000097400000|  0%| F|  |TAMS 0x0000000097300000| PB 0x0000000097300000| Untracked 
| 372|0x0000000097400000, 0x0000000097400000, 0x0000000097500000|  0%| F|  |TAMS 0x0000000097400000| PB 0x0000000097400000| Untracked 
| 373|0x0000000097500000, 0x0000000097500000, 0x0000000097600000|  0%| F|  |TAMS 0x0000000097500000| PB 0x0000000097500000| Untracked 
| 374|0x0000000097600000, 0x0000000097600000, 0x0000000097700000|  0%| F|  |TAMS 0x0000000097600000| PB 0x0000000097600000| Untracked 
| 375|0x0000000097700000, 0x0000000097700000, 0x0000000097800000|  0%| F|  |TAMS 0x0000000097700000| PB 0x0000000097700000| Untracked 
| 376|0x0000000097800000, 0x0000000097800000, 0x0000000097900000|  0%| F|  |TAMS 0x0000000097800000| PB 0x0000000097800000| Untracked 
| 377|0x0000000097900000, 0x0000000097900000, 0x0000000097a00000|  0%| F|  |TAMS 0x0000000097900000| PB 0x0000000097900000| Untracked 
| 378|0x0000000097a00000, 0x0000000097a00000, 0x0000000097b00000|  0%| F|  |TAMS 0x0000000097a00000| PB 0x0000000097a00000| Untracked 
| 379|0x0000000097b00000, 0x0000000097b00000, 0x0000000097c00000|  0%| F|  |TAMS 0x0000000097b00000| PB 0x0000000097b00000| Untracked 
| 380|0x0000000097c00000, 0x0000000097c00000, 0x0000000097d00000|  0%| F|  |TAMS 0x0000000097c00000| PB 0x0000000097c00000| Untracked 
| 381|0x0000000097d00000, 0x0000000097d00000, 0x0000000097e00000|  0%| F|  |TAMS 0x0000000097d00000| PB 0x0000000097d00000| Untracked 
| 382|0x0000000097e00000, 0x0000000097e00000, 0x0000000097f00000|  0%| F|  |TAMS 0x0000000097e00000| PB 0x0000000097e00000| Untracked 
| 383|0x0000000097f00000, 0x0000000097f00000, 0x0000000098000000|  0%| F|  |TAMS 0x0000000097f00000| PB 0x0000000097f00000| Untracked 
| 384|0x0000000098000000, 0x0000000098000000, 0x0000000098100000|  0%| F|  |TAMS 0x0000000098000000| PB 0x0000000098000000| Untracked 
| 385|0x0000000098100000, 0x0000000098100000, 0x0000000098200000|  0%| F|  |TAMS 0x0000000098100000| PB 0x0000000098100000| Untracked 
| 386|0x0000000098200000, 0x0000000098200000, 0x0000000098300000|  0%| F|  |TAMS 0x0000000098200000| PB 0x0000000098200000| Untracked 
| 387|0x0000000098300000, 0x0000000098300000, 0x0000000098400000|  0%| F|  |TAMS 0x0000000098300000| PB 0x0000000098300000| Untracked 
| 388|0x0000000098400000, 0x0000000098400000, 0x0000000098500000|  0%| F|  |TAMS 0x0000000098400000| PB 0x0000000098400000| Untracked 
| 389|0x0000000098500000, 0x0000000098500000, 0x0000000098600000|  0%| F|  |TAMS 0x0000000098500000| PB 0x0000000098500000| Untracked 
| 390|0x0000000098600000, 0x0000000098600000, 0x0000000098700000|  0%| F|  |TAMS 0x0000000098600000| PB 0x0000000098600000| Untracked 
| 391|0x0000000098700000, 0x0000000098700000, 0x0000000098800000|  0%| F|  |TAMS 0x0000000098700000| PB 0x0000000098700000| Untracked 
| 392|0x0000000098800000, 0x0000000098800000, 0x0000000098900000|  0%| F|  |TAMS 0x0000000098800000| PB 0x0000000098800000| Untracked 
| 393|0x0000000098900000, 0x0000000098900000, 0x0000000098a00000|  0%| F|  |TAMS 0x0000000098900000| PB 0x0000000098900000| Untracked 
| 394|0x0000000098a00000, 0x0000000098a00000, 0x0000000098b00000|  0%| F|  |TAMS 0x0000000098a00000| PB 0x0000000098a00000| Untracked 
| 395|0x0000000098b00000, 0x0000000098b00000, 0x0000000098c00000|  0%| F|  |TAMS 0x0000000098b00000| PB 0x0000000098b00000| Untracked 
| 396|0x0000000098c00000, 0x0000000098c00000, 0x0000000098d00000|  0%| F|  |TAMS 0x0000000098c00000| PB 0x0000000098c00000| Untracked 
| 397|0x0000000098d00000, 0x0000000098d00000, 0x0000000098e00000|  0%| F|  |TAMS 0x0000000098d00000| PB 0x0000000098d00000| Untracked 
| 398|0x0000000098e00000, 0x0000000098e00000, 0x0000000098f00000|  0%| F|  |TAMS 0x0000000098e00000| PB 0x0000000098e00000| Untracked 
| 399|0x0000000098f00000, 0x0000000098f00000, 0x0000000099000000|  0%| F|  |TAMS 0x0000000098f00000| PB 0x0000000098f00000| Untracked 
| 400|0x0000000099000000, 0x0000000099000000, 0x0000000099100000|  0%| F|  |TAMS 0x0000000099000000| PB 0x0000000099000000| Untracked 
| 401|0x0000000099100000, 0x0000000099100000, 0x0000000099200000|  0%| F|  |TAMS 0x0000000099100000| PB 0x0000000099100000| Untracked 
| 402|0x0000000099200000, 0x0000000099200000, 0x0000000099300000|  0%| F|  |TAMS 0x0000000099200000| PB 0x0000000099200000| Untracked 
| 403|0x0000000099300000, 0x0000000099300000, 0x0000000099400000|  0%| F|  |TAMS 0x0000000099300000| PB 0x0000000099300000| Untracked 
| 404|0x0000000099400000, 0x0000000099400000, 0x0000000099500000|  0%| F|  |TAMS 0x0000000099400000| PB 0x0000000099400000| Untracked 
| 405|0x0000000099500000, 0x0000000099500000, 0x0000000099600000|  0%| F|  |TAMS 0x0000000099500000| PB 0x0000000099500000| Untracked 
| 406|0x0000000099600000, 0x0000000099600000, 0x0000000099700000|  0%| F|  |TAMS 0x0000000099600000| PB 0x0000000099600000| Untracked 
| 407|0x0000000099700000, 0x0000000099700000, 0x0000000099800000|  0%| F|  |TAMS 0x0000000099700000| PB 0x0000000099700000| Untracked 
| 408|0x0000000099800000, 0x0000000099800000, 0x0000000099900000|  0%| F|  |TAMS 0x0000000099800000| PB 0x0000000099800000| Untracked 
| 409|0x0000000099900000, 0x0000000099900000, 0x0000000099a00000|  0%| F|  |TAMS 0x0000000099900000| PB 0x0000000099900000| Untracked 
| 410|0x0000000099a00000, 0x0000000099a00000, 0x0000000099b00000|  0%| F|  |TAMS 0x0000000099a00000| PB 0x0000000099a00000| Untracked 
| 411|0x0000000099b00000, 0x0000000099b00000, 0x0000000099c00000|  0%| F|  |TAMS 0x0000000099b00000| PB 0x0000000099b00000| Untracked 
| 412|0x0000000099c00000, 0x0000000099c00000, 0x0000000099d00000|  0%| F|  |TAMS 0x0000000099c00000| PB 0x0000000099c00000| Untracked 
| 413|0x0000000099d00000, 0x0000000099d00000, 0x0000000099e00000|  0%| F|  |TAMS 0x0000000099d00000| PB 0x0000000099d00000| Untracked 
| 414|0x0000000099e00000, 0x0000000099e00000, 0x0000000099f00000|  0%| F|  |TAMS 0x0000000099e00000| PB 0x0000000099e00000| Untracked 
| 415|0x0000000099f00000, 0x0000000099f00000, 0x000000009a000000|  0%| F|  |TAMS 0x0000000099f00000| PB 0x0000000099f00000| Untracked 
| 416|0x000000009a000000, 0x000000009a000000, 0x000000009a100000|  0%| F|  |TAMS 0x000000009a000000| PB 0x000000009a000000| Untracked 
| 417|0x000000009a100000, 0x000000009a100000, 0x000000009a200000|  0%| F|  |TAMS 0x000000009a100000| PB 0x000000009a100000| Untracked 
| 418|0x000000009a200000, 0x000000009a200000, 0x000000009a300000|  0%| F|  |TAMS 0x000000009a200000| PB 0x000000009a200000| Untracked 
| 419|0x000000009a300000, 0x000000009a300000, 0x000000009a400000|  0%| F|  |TAMS 0x000000009a300000| PB 0x000000009a300000| Untracked 
| 420|0x000000009a400000, 0x000000009a400000, 0x000000009a500000|  0%| F|  |TAMS 0x000000009a400000| PB 0x000000009a400000| Untracked 
| 421|0x000000009a500000, 0x000000009a500000, 0x000000009a600000|  0%| F|  |TAMS 0x000000009a500000| PB 0x000000009a500000| Untracked 
| 422|0x000000009a600000, 0x000000009a600000, 0x000000009a700000|  0%| F|  |TAMS 0x000000009a600000| PB 0x000000009a600000| Untracked 
| 423|0x000000009a700000, 0x000000009a700000, 0x000000009a800000|  0%| F|  |TAMS 0x000000009a700000| PB 0x000000009a700000| Untracked 
| 424|0x000000009a800000, 0x000000009a800000, 0x000000009a900000|  0%| F|  |TAMS 0x000000009a800000| PB 0x000000009a800000| Untracked 
| 425|0x000000009a900000, 0x000000009a900000, 0x000000009aa00000|  0%| F|  |TAMS 0x000000009a900000| PB 0x000000009a900000| Untracked 
| 426|0x000000009aa00000, 0x000000009aa00000, 0x000000009ab00000|  0%| F|  |TAMS 0x000000009aa00000| PB 0x000000009aa00000| Untracked 
| 427|0x000000009ab00000, 0x000000009ab00000, 0x000000009ac00000|  0%| F|  |TAMS 0x000000009ab00000| PB 0x000000009ab00000| Untracked 
| 428|0x000000009ac00000, 0x000000009ac00000, 0x000000009ad00000|  0%| F|  |TAMS 0x000000009ac00000| PB 0x000000009ac00000| Untracked 
| 429|0x000000009ad00000, 0x000000009ad00000, 0x000000009ae00000|  0%| F|  |TAMS 0x000000009ad00000| PB 0x000000009ad00000| Untracked 
| 430|0x000000009ae00000, 0x000000009ae00000, 0x000000009af00000|  0%| F|  |TAMS 0x000000009ae00000| PB 0x000000009ae00000| Untracked 
| 431|0x000000009af00000, 0x000000009af00000, 0x000000009b000000|  0%| F|  |TAMS 0x000000009af00000| PB 0x000000009af00000| Untracked 
| 432|0x000000009b000000, 0x000000009b000000, 0x000000009b100000|  0%| F|  |TAMS 0x000000009b000000| PB 0x000000009b000000| Untracked 
| 433|0x000000009b100000, 0x000000009b100000, 0x000000009b200000|  0%| F|  |TAMS 0x000000009b100000| PB 0x000000009b100000| Untracked 
| 434|0x000000009b200000, 0x000000009b200000, 0x000000009b300000|  0%| F|  |TAMS 0x000000009b200000| PB 0x000000009b200000| Untracked 
| 435|0x000000009b300000, 0x000000009b300000, 0x000000009b400000|  0%| F|  |TAMS 0x000000009b300000| PB 0x000000009b300000| Untracked 
| 436|0x000000009b400000, 0x000000009b400000, 0x000000009b500000|  0%| F|  |TAMS 0x000000009b400000| PB 0x000000009b400000| Untracked 
| 437|0x000000009b500000, 0x000000009b500000, 0x000000009b600000|  0%| F|  |TAMS 0x000000009b500000| PB 0x000000009b500000| Untracked 
| 438|0x000000009b600000, 0x000000009b600000, 0x000000009b700000|  0%| F|  |TAMS 0x000000009b600000| PB 0x000000009b600000| Untracked 
| 439|0x000000009b700000, 0x000000009b700000, 0x000000009b800000|  0%| F|  |TAMS 0x000000009b700000| PB 0x000000009b700000| Untracked 
| 440|0x000000009b800000, 0x000000009b800000, 0x000000009b900000|  0%| F|  |TAMS 0x000000009b800000| PB 0x000000009b800000| Untracked 
| 441|0x000000009b900000, 0x000000009b900000, 0x000000009ba00000|  0%| F|  |TAMS 0x000000009b900000| PB 0x000000009b900000| Untracked 
| 442|0x000000009ba00000, 0x000000009ba00000, 0x000000009bb00000|  0%| F|  |TAMS 0x000000009ba00000| PB 0x000000009ba00000| Untracked 
| 443|0x000000009bb00000, 0x000000009bb00000, 0x000000009bc00000|  0%| F|  |TAMS 0x000000009bb00000| PB 0x000000009bb00000| Untracked 
| 444|0x000000009bc00000, 0x000000009bc00000, 0x000000009bd00000|  0%| F|  |TAMS 0x000000009bc00000| PB 0x000000009bc00000| Untracked 
| 445|0x000000009bd00000, 0x000000009bd00000, 0x000000009be00000|  0%| F|  |TAMS 0x000000009bd00000| PB 0x000000009bd00000| Untracked 
| 446|0x000000009be00000, 0x000000009be00000, 0x000000009bf00000|  0%| F|  |TAMS 0x000000009be00000| PB 0x000000009be00000| Untracked 
| 447|0x000000009bf00000, 0x000000009bf00000, 0x000000009c000000|  0%| F|  |TAMS 0x000000009bf00000| PB 0x000000009bf00000| Untracked 
| 448|0x000000009c000000, 0x000000009c000000, 0x000000009c100000|  0%| F|  |TAMS 0x000000009c000000| PB 0x000000009c000000| Untracked 
| 449|0x000000009c100000, 0x000000009c100000, 0x000000009c200000|  0%| F|  |TAMS 0x000000009c100000| PB 0x000000009c100000| Untracked 
| 450|0x000000009c200000, 0x000000009c200000, 0x000000009c300000|  0%| F|  |TAMS 0x000000009c200000| PB 0x000000009c200000| Untracked 
| 451|0x000000009c300000, 0x000000009c300000, 0x000000009c400000|  0%| F|  |TAMS 0x000000009c300000| PB 0x000000009c300000| Untracked 
| 452|0x000000009c400000, 0x000000009c400000, 0x000000009c500000|  0%| F|  |TAMS 0x000000009c400000| PB 0x000000009c400000| Untracked 
| 453|0x000000009c500000, 0x000000009c500000, 0x000000009c600000|  0%| F|  |TAMS 0x000000009c500000| PB 0x000000009c500000| Untracked 
| 454|0x000000009c600000, 0x000000009c600000, 0x000000009c700000|  0%| F|  |TAMS 0x000000009c600000| PB 0x000000009c600000| Untracked 
| 455|0x000000009c700000, 0x000000009c700000, 0x000000009c800000|  0%| F|  |TAMS 0x000000009c700000| PB 0x000000009c700000| Untracked 
| 456|0x000000009c800000, 0x000000009c800000, 0x000000009c900000|  0%| F|  |TAMS 0x000000009c800000| PB 0x000000009c800000| Untracked 
| 457|0x000000009c900000, 0x000000009c900000, 0x000000009ca00000|  0%| F|  |TAMS 0x000000009c900000| PB 0x000000009c900000| Untracked 
| 458|0x000000009ca00000, 0x000000009ca00000, 0x000000009cb00000|  0%| F|  |TAMS 0x000000009ca00000| PB 0x000000009ca00000| Untracked 
| 459|0x000000009cb00000, 0x000000009cb00000, 0x000000009cc00000|  0%| F|  |TAMS 0x000000009cb00000| PB 0x000000009cb00000| Untracked 
| 460|0x000000009cc00000, 0x000000009cc00000, 0x000000009cd00000|  0%| F|  |TAMS 0x000000009cc00000| PB 0x000000009cc00000| Untracked 
| 461|0x000000009cd00000, 0x000000009cd00000, 0x000000009ce00000|  0%| F|  |TAMS 0x000000009cd00000| PB 0x000000009cd00000| Untracked 
| 462|0x000000009ce00000, 0x000000009ce00000, 0x000000009cf00000|  0%| F|  |TAMS 0x000000009ce00000| PB 0x000000009ce00000| Untracked 
| 463|0x000000009cf00000, 0x000000009cf00000, 0x000000009d000000|  0%| F|  |TAMS 0x000000009cf00000| PB 0x000000009cf00000| Untracked 
| 464|0x000000009d000000, 0x000000009d000000, 0x000000009d100000|  0%| F|  |TAMS 0x000000009d000000| PB 0x000000009d000000| Untracked 
| 465|0x000000009d100000, 0x000000009d100000, 0x000000009d200000|  0%| F|  |TAMS 0x000000009d100000| PB 0x000000009d100000| Untracked 
| 466|0x000000009d200000, 0x000000009d200000, 0x000000009d300000|  0%| F|  |TAMS 0x000000009d200000| PB 0x000000009d200000| Untracked 
| 467|0x000000009d300000, 0x000000009d300000, 0x000000009d400000|  0%| F|  |TAMS 0x000000009d300000| PB 0x000000009d300000| Untracked 
| 468|0x000000009d400000, 0x000000009d400000, 0x000000009d500000|  0%| F|  |TAMS 0x000000009d400000| PB 0x000000009d400000| Untracked 
| 469|0x000000009d500000, 0x000000009d500000, 0x000000009d600000|  0%| F|  |TAMS 0x000000009d500000| PB 0x000000009d500000| Untracked 
| 470|0x000000009d600000, 0x000000009d600000, 0x000000009d700000|  0%| F|  |TAMS 0x000000009d600000| PB 0x000000009d600000| Untracked 
| 471|0x000000009d700000, 0x000000009d700000, 0x000000009d800000|  0%| F|  |TAMS 0x000000009d700000| PB 0x000000009d700000| Untracked 
| 472|0x000000009d800000, 0x000000009d800000, 0x000000009d900000|  0%| F|  |TAMS 0x000000009d800000| PB 0x000000009d800000| Untracked 
| 473|0x000000009d900000, 0x000000009d900000, 0x000000009da00000|  0%| F|  |TAMS 0x000000009d900000| PB 0x000000009d900000| Untracked 
| 474|0x000000009da00000, 0x000000009da00000, 0x000000009db00000|  0%| F|  |TAMS 0x000000009da00000| PB 0x000000009da00000| Untracked 
| 475|0x000000009db00000, 0x000000009db00000, 0x000000009dc00000|  0%| F|  |TAMS 0x000000009db00000| PB 0x000000009db00000| Untracked 
| 476|0x000000009dc00000, 0x000000009dc00000, 0x000000009dd00000|  0%| F|  |TAMS 0x000000009dc00000| PB 0x000000009dc00000| Untracked 
| 477|0x000000009dd00000, 0x000000009dd00000, 0x000000009de00000|  0%| F|  |TAMS 0x000000009dd00000| PB 0x000000009dd00000| Untracked 
| 478|0x000000009de00000, 0x000000009de00000, 0x000000009df00000|  0%| F|  |TAMS 0x000000009de00000| PB 0x000000009de00000| Untracked 
| 479|0x000000009df00000, 0x000000009df00000, 0x000000009e000000|  0%| F|  |TAMS 0x000000009df00000| PB 0x000000009df00000| Untracked 
| 480|0x000000009e000000, 0x000000009e000000, 0x000000009e100000|  0%| F|  |TAMS 0x000000009e000000| PB 0x000000009e000000| Untracked 
| 481|0x000000009e100000, 0x000000009e100000, 0x000000009e200000|  0%| F|  |TAMS 0x000000009e100000| PB 0x000000009e100000| Untracked 
| 482|0x000000009e200000, 0x000000009e200000, 0x000000009e300000|  0%| F|  |TAMS 0x000000009e200000| PB 0x000000009e200000| Untracked 
| 483|0x000000009e300000, 0x000000009e300000, 0x000000009e400000|  0%| F|  |TAMS 0x000000009e300000| PB 0x000000009e300000| Untracked 
| 484|0x000000009e400000, 0x000000009e400000, 0x000000009e500000|  0%| F|  |TAMS 0x000000009e400000| PB 0x000000009e400000| Untracked 
| 485|0x000000009e500000, 0x000000009e500000, 0x000000009e600000|  0%| F|  |TAMS 0x000000009e500000| PB 0x000000009e500000| Untracked 
| 486|0x000000009e600000, 0x000000009e600000, 0x000000009e700000|  0%| F|  |TAMS 0x000000009e600000| PB 0x000000009e600000| Untracked 
| 487|0x000000009e700000, 0x000000009e700000, 0x000000009e800000|  0%| F|  |TAMS 0x000000009e700000| PB 0x000000009e700000| Untracked 
| 488|0x000000009e800000, 0x000000009e800000, 0x000000009e900000|  0%| F|  |TAMS 0x000000009e800000| PB 0x000000009e800000| Untracked 
| 489|0x000000009e900000, 0x000000009e900000, 0x000000009ea00000|  0%| F|  |TAMS 0x000000009e900000| PB 0x000000009e900000| Untracked 
| 490|0x000000009ea00000, 0x000000009ea00000, 0x000000009eb00000|  0%| F|  |TAMS 0x000000009ea00000| PB 0x000000009ea00000| Untracked 
| 491|0x000000009eb00000, 0x000000009eb00000, 0x000000009ec00000|  0%| F|  |TAMS 0x000000009eb00000| PB 0x000000009eb00000| Untracked 
| 492|0x000000009ec00000, 0x000000009ec00000, 0x000000009ed00000|  0%| F|  |TAMS 0x000000009ec00000| PB 0x000000009ec00000| Untracked 
| 493|0x000000009ed00000, 0x000000009ed00000, 0x000000009ee00000|  0%| F|  |TAMS 0x000000009ed00000| PB 0x000000009ed00000| Untracked 
| 494|0x000000009ee00000, 0x000000009ee00000, 0x000000009ef00000|  0%| F|  |TAMS 0x000000009ee00000| PB 0x000000009ee00000| Untracked 
| 495|0x000000009ef00000, 0x000000009ef00000, 0x000000009f000000|  0%| F|  |TAMS 0x000000009ef00000| PB 0x000000009ef00000| Untracked 
| 496|0x000000009f000000, 0x000000009f000000, 0x000000009f100000|  0%| F|  |TAMS 0x000000009f000000| PB 0x000000009f000000| Untracked 
| 497|0x000000009f100000, 0x000000009f100000, 0x000000009f200000|  0%| F|  |TAMS 0x000000009f100000| PB 0x000000009f100000| Untracked 
| 498|0x000000009f200000, 0x000000009f200000, 0x000000009f300000|  0%| F|  |TAMS 0x000000009f200000| PB 0x000000009f200000| Untracked 
| 499|0x000000009f300000, 0x000000009f300000, 0x000000009f400000|  0%| F|  |TAMS 0x000000009f300000| PB 0x000000009f300000| Untracked 
| 500|0x000000009f400000, 0x000000009f400000, 0x000000009f500000|  0%| F|  |TAMS 0x000000009f400000| PB 0x000000009f400000| Untracked 
| 501|0x000000009f500000, 0x000000009f500000, 0x000000009f600000|  0%| F|  |TAMS 0x000000009f500000| PB 0x000000009f500000| Untracked 
| 502|0x000000009f600000, 0x000000009f600000, 0x000000009f700000|  0%| F|  |TAMS 0x000000009f600000| PB 0x000000009f600000| Untracked 
| 503|0x000000009f700000, 0x000000009f700000, 0x000000009f800000|  0%| F|  |TAMS 0x000000009f700000| PB 0x000000009f700000| Untracked 
| 504|0x000000009f800000, 0x000000009f800000, 0x000000009f900000|  0%| F|  |TAMS 0x000000009f800000| PB 0x000000009f800000| Untracked 
| 505|0x000000009f900000, 0x000000009f900000, 0x000000009fa00000|  0%| F|  |TAMS 0x000000009f900000| PB 0x000000009f900000| Untracked 
| 506|0x000000009fa00000, 0x000000009fa00000, 0x000000009fb00000|  0%| F|  |TAMS 0x000000009fa00000| PB 0x000000009fa00000| Untracked 
| 507|0x000000009fb00000, 0x000000009fb00000, 0x000000009fc00000|  0%| F|  |TAMS 0x000000009fb00000| PB 0x000000009fb00000| Untracked 
| 508|0x000000009fc00000, 0x000000009fc00000, 0x000000009fd00000|  0%| F|  |TAMS 0x000000009fc00000| PB 0x000000009fc00000| Untracked 
| 509|0x000000009fd00000, 0x000000009fd00000, 0x000000009fe00000|  0%| F|  |TAMS 0x000000009fd00000| PB 0x000000009fd00000| Untracked 
| 510|0x000000009fe00000, 0x000000009fe00000, 0x000000009ff00000|  0%| F|  |TAMS 0x000000009fe00000| PB 0x000000009fe00000| Untracked 
| 511|0x000000009ff00000, 0x000000009ff00000, 0x00000000a0000000|  0%| F|  |TAMS 0x000000009ff00000| PB 0x000000009ff00000| Untracked 
| 512|0x00000000a0000000, 0x00000000a0000000, 0x00000000a0100000|  0%| F|  |TAMS 0x00000000a0000000| PB 0x00000000a0000000| Untracked 
| 513|0x00000000a0100000, 0x00000000a0100000, 0x00000000a0200000|  0%| F|  |TAMS 0x00000000a0100000| PB 0x00000000a0100000| Untracked 
| 514|0x00000000a0200000, 0x00000000a0200000, 0x00000000a0300000|  0%| F|  |TAMS 0x00000000a0200000| PB 0x00000000a0200000| Untracked 
| 515|0x00000000a0300000, 0x00000000a0300000, 0x00000000a0400000|  0%| F|  |TAMS 0x00000000a0300000| PB 0x00000000a0300000| Untracked 
| 516|0x00000000a0400000, 0x00000000a0400000, 0x00000000a0500000|  0%| F|  |TAMS 0x00000000a0400000| PB 0x00000000a0400000| Untracked 
| 517|0x00000000a0500000, 0x00000000a0500000, 0x00000000a0600000|  0%| F|  |TAMS 0x00000000a0500000| PB 0x00000000a0500000| Untracked 
| 518|0x00000000a0600000, 0x00000000a0600000, 0x00000000a0700000|  0%| F|  |TAMS 0x00000000a0600000| PB 0x00000000a0600000| Untracked 
| 519|0x00000000a0700000, 0x00000000a0700000, 0x00000000a0800000|  0%| F|  |TAMS 0x00000000a0700000| PB 0x00000000a0700000| Untracked 
| 520|0x00000000a0800000, 0x00000000a0800000, 0x00000000a0900000|  0%| F|  |TAMS 0x00000000a0800000| PB 0x00000000a0800000| Untracked 
| 521|0x00000000a0900000, 0x00000000a0900000, 0x00000000a0a00000|  0%| F|  |TAMS 0x00000000a0900000| PB 0x00000000a0900000| Untracked 
| 522|0x00000000a0a00000, 0x00000000a0a4a0a0, 0x00000000a0b00000| 28%| E|  |TAMS 0x00000000a0a00000| PB 0x00000000a0a00000| Complete 
| 523|0x00000000a0b00000, 0x00000000a0c00000, 0x00000000a0c00000|100%| E|CS|TAMS 0x00000000a0b00000| PB 0x00000000a0b00000| Complete 
| 524|0x00000000a0c00000, 0x00000000a0d00000, 0x00000000a0d00000|100%| E|CS|TAMS 0x00000000a0c00000| PB 0x00000000a0c00000| Complete 
| 525|0x00000000a0d00000, 0x00000000a0e00000, 0x00000000a0e00000|100%| E|CS|TAMS 0x00000000a0d00000| PB 0x00000000a0d00000| Complete 
| 526|0x00000000a0e00000, 0x00000000a0f00000, 0x00000000a0f00000|100%| S|CS|TAMS 0x00000000a0e00000| PB 0x00000000a0e00000| Complete 
| 527|0x00000000a0f00000, 0x00000000a1000000, 0x00000000a1000000|100%| S|CS|TAMS 0x00000000a0f00000| PB 0x00000000a0f00000| Complete 
| 528|0x00000000a1000000, 0x00000000a1100000, 0x00000000a1100000|100%| S|CS|TAMS 0x00000000a1000000| PB 0x00000000a1000000| Complete 
| 529|0x00000000a1100000, 0x00000000a1200000, 0x00000000a1200000|100%| S|CS|TAMS 0x00000000a1100000| PB 0x00000000a1100000| Complete 
| 530|0x00000000a1200000, 0x00000000a1300000, 0x00000000a1300000|100%| S|CS|TAMS 0x00000000a1200000| PB 0x00000000a1200000| Complete 
| 531|0x00000000a1300000, 0x00000000a1400000, 0x00000000a1400000|100%| S|CS|TAMS 0x00000000a1300000| PB 0x00000000a1300000| Complete 
| 532|0x00000000a1400000, 0x00000000a1500000, 0x00000000a1500000|100%| S|CS|TAMS 0x00000000a1400000| PB 0x00000000a1400000| Complete 
| 533|0x00000000a1500000, 0x00000000a1600000, 0x00000000a1600000|100%| S|CS|TAMS 0x00000000a1500000| PB 0x00000000a1500000| Complete 
| 534|0x00000000a1600000, 0x00000000a1700000, 0x00000000a1700000|100%| S|CS|TAMS 0x00000000a1600000| PB 0x00000000a1600000| Complete 
| 535|0x00000000a1700000, 0x00000000a1800000, 0x00000000a1800000|100%| S|CS|TAMS 0x00000000a1700000| PB 0x00000000a1700000| Complete 
| 536|0x00000000a1800000, 0x00000000a1900000, 0x00000000a1900000|100%| S|CS|TAMS 0x00000000a1800000| PB 0x00000000a1800000| Complete 
| 537|0x00000000a1900000, 0x00000000a1a00000, 0x00000000a1a00000|100%| S|CS|TAMS 0x00000000a1900000| PB 0x00000000a1900000| Complete 
| 538|0x00000000a1a00000, 0x00000000a1b00000, 0x00000000a1b00000|100%| S|CS|TAMS 0x00000000a1a00000| PB 0x00000000a1a00000| Complete 
| 539|0x00000000a1b00000, 0x00000000a1c00000, 0x00000000a1c00000|100%| S|CS|TAMS 0x00000000a1b00000| PB 0x00000000a1b00000| Complete 
|2031|0x00000000fef00000, 0x00000000ff000000, 0x00000000ff000000|100%| S|CS|TAMS 0x00000000fef00000| PB 0x00000000fef00000| Complete 
|2032|0x00000000ff000000, 0x00000000ff100000, 0x00000000ff100000|100%| O|  |TAMS 0x00000000ff000000| PB 0x00000000ff000000| Untracked 
|2033|0x00000000ff100000, 0x00000000ff200000, 0x00000000ff200000|100%| O|  |TAMS 0x00000000ff100000| PB 0x00000000ff100000| Untracked 
|2034|0x00000000ff200000, 0x00000000ff300000, 0x00000000ff300000|100%| S|CS|TAMS 0x00000000ff200000| PB 0x00000000ff200000| Complete 
|2035|0x00000000ff300000, 0x00000000ff400000, 0x00000000ff400000|100%| S|CS|TAMS 0x00000000ff300000| PB 0x00000000ff300000| Complete 
|2036|0x00000000ff400000, 0x00000000ff500000, 0x00000000ff500000|100%| S|CS|TAMS 0x00000000ff400000| PB 0x00000000ff400000| Complete 
|2037|0x00000000ff500000, 0x00000000ff600000, 0x00000000ff600000|100%| O|  |TAMS 0x00000000ff500000| PB 0x00000000ff500000| Untracked 
|2038|0x00000000ff600000, 0x00000000ff700000, 0x00000000ff700000|100%| O|  |TAMS 0x00000000ff600000| PB 0x00000000ff600000| Untracked 
|2039|0x00000000ff700000, 0x00000000ff800000, 0x00000000ff800000|100%| O|  |TAMS 0x00000000ff700000| PB 0x00000000ff700000| Untracked 
|2040|0x00000000ff800000, 0x00000000ff900000, 0x00000000ff900000|100%| S|CS|TAMS 0x00000000ff800000| PB 0x00000000ff800000| Complete 
|2041|0x00000000ff900000, 0x00000000ffa00000, 0x00000000ffa00000|100%| O|  |TAMS 0x00000000ff900000| PB 0x00000000ff900000| Untracked 
|2042|0x00000000ffa00000, 0x00000000ffb00000, 0x00000000ffb00000|100%| O|  |TAMS 0x00000000ffa00000| PB 0x00000000ffa00000| Untracked 
|2043|0x00000000ffb00000, 0x00000000ffc00000, 0x00000000ffc00000|100%| O|  |TAMS 0x00000000ffb00000| PB 0x00000000ffb00000| Untracked 
|2044|0x00000000ffc00000, 0x00000000ffd00000, 0x00000000ffd00000|100%| O|  |TAMS 0x00000000ffc00000| PB 0x00000000ffc00000| Untracked 
|2045|0x00000000ffd00000, 0x00000000ffe00000, 0x00000000ffe00000|100%| E|CS|TAMS 0x00000000ffd00000| PB 0x00000000ffd00000| Complete 
|2046|0x00000000ffe00000, 0x00000000fff00000, 0x00000000fff00000|100%| E|CS|TAMS 0x00000000ffe00000| PB 0x00000000ffe00000| Complete 
|2047|0x00000000fff00000, 0x0000000100000000, 0x0000000100000000|100%| O|  |TAMS 0x00000000fff00000| PB 0x00000000fff00000| Untracked 

Card table byte_map: [0x000001ac75770000,0x000001ac75b70000] _byte_map_base: 0x000001ac75370000

Marking Bits: (CMBitMap*) 0x000001ac71f33ec0
 Bits: [0x000001ac75b70000, 0x000001ac77b70000)

Polling page: 0x000001ac6fd10000

Metaspace:

Usage:
  Non-class:    119.47 MB used.
      Class:     20.19 MB used.
       Both:    139.66 MB used.

Virtual space:
  Non-class space:      128.00 MB reserved,     120.75 MB ( 94%) committed,  2 nodes.
      Class space:        1.00 GB reserved,      21.38 MB (  2%) committed,  1 nodes.
             Both:        1.12 GB reserved,     142.12 MB ( 12%) committed. 

Chunk freelists:
   Non-Class:  7.22 MB
       Class:  10.52 MB
        Both:  17.73 MB

MaxMetaspaceSize: unlimited
CompressedClassSpaceSize: 1.00 GB
Initial GC threshold: 21.00 MB
Current GC threshold: 190.56 MB
CDS: off
 - commit_granule_bytes: 65536.
 - commit_granule_words: 8192.
 - virtual_space_node_default_size: 8388608.
 - enlarge_chunks_in_place: 1.
 - use_allocation_guard: 0.


Internal statistics:

num_allocs_failed_limit: 6.
num_arena_births: 4880.
num_arena_deaths: 0.
num_vsnodes_births: 3.
num_vsnodes_deaths: 0.
num_space_committed: 2273.
num_space_uncommitted: 0.
num_chunks_returned_to_freelist: 6.
num_chunks_taken_from_freelist: 11009.
num_chunk_merges: 6.
num_chunk_splits: 7294.
num_chunks_enlarged: 4711.
num_inconsistent_stats: 0.

CodeHeap 'non-profiled nmethods': size=120000Kb used=11632Kb max_used=11632Kb free=108367Kb
 bounds [0x000001ac07ad0000, 0x000001ac08630000, 0x000001ac0f000000]
CodeHeap 'profiled nmethods': size=120000Kb used=34301Kb max_used=34301Kb free=85698Kb
 bounds [0x000001ac00000000, 0x000001ac02180000, 0x000001ac07530000]
CodeHeap 'non-nmethods': size=5760Kb used=2069Kb max_used=2146Kb free=3691Kb
 bounds [0x000001ac07530000, 0x000001ac077a0000, 0x000001ac07ad0000]
CodeCache: size=245760Kb, used=48002Kb, max_used=48079Kb, free=197756Kb
 total_blobs=18505, nmethods=17563, adapters=844, full_count=0
Compilation: enabled, stopped_count=0, restarted_count=0

Compilation events (20 events):
Event: 51.740 Thread 0x000001ac7a79bcb0 20549       2       com.android.zipflinger.Ints::intToUshort (20 bytes)
Event: 51.740 Thread 0x000001ac7a79bcb0 nmethod 20549 0x000001ac02175890 code [0x000001ac02175a40, 0x000001ac02175c08]
Event: 51.740 Thread 0x000001ac7a79bcb0 20552   !   3       java.lang.Thread::blockedOn (27 bytes)
Event: 51.740 Thread 0x000001ac7a79bcb0 nmethod 20552 0x000001ac02175d10 code [0x000001ac02175ec0, 0x000001ac02176130]
Event: 51.740 Thread 0x000001ac7a79bcb0 20550       1       com.android.zipflinger.Source::getVersionMadeBy (5 bytes)
Event: 51.740 Thread 0x000001ac7a79bcb0 nmethod 20550 0x000001ac0862b910 code [0x000001ac0862baa0, 0x000001ac0862bb70]
Event: 51.740 Thread 0x000001ac7a79bcb0 20551       1       com.android.zipflinger.Source::getExternalAttributes (5 bytes)
Event: 51.740 Thread 0x000001ac7a79bcb0 nmethod 20551 0x000001ac0862bc10 code [0x000001ac0862bda0, 0x000001ac0862be68]
Event: 51.740 Thread 0x000001ac7a79bcb0 20553       1       com.android.zipflinger.ZipSource::getChannel (5 bytes)
Event: 51.740 Thread 0x000001ac7a79bcb0 nmethod 20553 0x000001ac0862bf10 code [0x000001ac0862c0a0, 0x000001ac0862c168]
Event: 51.841 Thread 0x000001ac7a79bcb0 20554       2       java.lang.ThreadLocal::setInitialValue (64 bytes)
Event: 51.841 Thread 0x000001ac7a79bcb0 nmethod 20554 0x000001ac02176210 code [0x000001ac02176420, 0x000001ac02176750]
Event: 51.850 Thread 0x000001ac7a79bcb0 20555       2       java.lang.Thread::onSpinWait (1 bytes)
Event: 51.851 Thread 0x000001ac7a79bcb0 nmethod 20555 0x000001ac02176990 code [0x000001ac02176b20, 0x000001ac02176c08]
Event: 51.887 Thread 0x000001ac7a79bcb0 20556       2       jdk.internal.reflect.Reflection::filterMethods (28 bytes)
Event: 51.887 Thread 0x000001ac7a79bcb0 nmethod 20556 0x000001ac02176c90 code [0x000001ac02176e60, 0x000001ac02177070]
Event: 51.914 Thread 0x000001ac7a79bcb0 20557       2       java.lang.invoke.DirectMethodHandle::fieldOffset (9 bytes)
Event: 51.914 Thread 0x000001ac7a79bcb0 nmethod 20557 0x000001ac02177190 code [0x000001ac02177320, 0x000001ac02177448]
Event: 51.914 Thread 0x000001ac7a79bcb0 20558       2       java.lang.invoke.DirectMethodHandle::checkBase (5 bytes)
Event: 51.914 Thread 0x000001ac7a79bcb0 nmethod 20558 0x000001ac02177510 code [0x000001ac021776c0, 0x000001ac02177858]

GC Heap History (20 events):
Event: 37.791 GC heap before
{Heap before GC invocations=71 (full 0):
 garbage-first heap   total 505856K, used 424261K [0x0000000080000000, 0x0000000100000000)
  region size 1024K, 296 young (303104K), 16 survivors (16384K)
 Metaspace       used 114825K, committed 117184K, reserved 1179648K
  class space    used 16384K, committed 17536K, reserved 1048576K
}
Event: 37.805 GC heap after
{Heap after GC invocations=72 (full 0):
 garbage-first heap   total 505856K, used 140401K [0x0000000080000000, 0x0000000100000000)
  region size 1024K, 17 young (17408K), 17 survivors (17408K)
 Metaspace       used 114825K, committed 117184K, reserved 1179648K
  class space    used 16384K, committed 17536K, reserved 1048576K
}
Event: 38.098 GC heap before
{Heap before GC invocations=72 (full 0):
 garbage-first heap   total 505856K, used 425073K [0x0000000080000000, 0x0000000100000000)
  region size 1024K, 296 young (303104K), 17 survivors (17408K)
 Metaspace       used 114827K, committed 117184K, reserved 1179648K
  class space    used 16384K, committed 17536K, reserved 1048576K
}
Event: 38.114 GC heap after
{Heap after GC invocations=73 (full 0):
 garbage-first heap   total 505856K, used 141419K [0x0000000080000000, 0x0000000100000000)
  region size 1024K, 17 young (17408K), 17 survivors (17408K)
 Metaspace       used 114827K, committed 117184K, reserved 1179648K
  class space    used 16384K, committed 17536K, reserved 1048576K
}
Event: 38.542 GC heap before
{Heap before GC invocations=73 (full 0):
 garbage-first heap   total 505856K, used 426091K [0x0000000080000000, 0x0000000100000000)
  region size 1024K, 296 young (303104K), 17 survivors (17408K)
 Metaspace       used 114890K, committed 117248K, reserved 1179648K
  class space    used 16392K, committed 17536K, reserved 1048576K
}
Event: 38.559 GC heap after
{Heap after GC invocations=74 (full 0):
 garbage-first heap   total 505856K, used 142558K [0x0000000080000000, 0x0000000100000000)
  region size 1024K, 17 young (17408K), 17 survivors (17408K)
 Metaspace       used 114890K, committed 117248K, reserved 1179648K
  class space    used 16392K, committed 17536K, reserved 1048576K
}
Event: 38.899 GC heap before
{Heap before GC invocations=74 (full 0):
 garbage-first heap   total 505856K, used 427230K [0x0000000080000000, 0x0000000100000000)
  region size 1024K, 296 young (303104K), 17 survivors (17408K)
 Metaspace       used 114893K, committed 117248K, reserved 1179648K
  class space    used 16392K, committed 17536K, reserved 1048576K
}
Event: 38.917 GC heap after
{Heap after GC invocations=75 (full 0):
 garbage-first heap   total 570368K, used 143037K [0x0000000080000000, 0x0000000100000000)
  region size 1024K, 16 young (16384K), 16 survivors (16384K)
 Metaspace       used 114893K, committed 117248K, reserved 1179648K
  class space    used 16392K, committed 17536K, reserved 1048576K
}
Event: 40.675 GC heap before
{Heap before GC invocations=75 (full 0):
 garbage-first heap   total 570368K, used 472765K [0x0000000080000000, 0x0000000100000000)
  region size 1024K, 334 young (342016K), 16 survivors (16384K)
 Metaspace       used 119215K, committed 121600K, reserved 1179648K
  class space    used 16910K, committed 18048K, reserved 1048576K
}
Event: 40.697 GC heap after
{Heap after GC invocations=76 (full 0):
 garbage-first heap   total 570368K, used 148063K [0x0000000080000000, 0x0000000100000000)
  region size 1024K, 20 young (20480K), 20 survivors (20480K)
 Metaspace       used 119215K, committed 121600K, reserved 1179648K
  class space    used 16910K, committed 18048K, reserved 1048576K
}
Event: 43.744 GC heap before
{Heap before GC invocations=76 (full 0):
 garbage-first heap   total 570368K, used 468575K [0x0000000080000000, 0x0000000100000000)
  region size 1024K, 334 young (342016K), 20 survivors (20480K)
 Metaspace       used 138100K, committed 140544K, reserved 1179648K
  class space    used 20072K, committed 21248K, reserved 1048576K
}
Event: 43.773 GC heap after
{Heap after GC invocations=77 (full 0):
 garbage-first heap   total 570368K, used 156234K [0x0000000080000000, 0x0000000100000000)
  region size 1024K, 27 young (27648K), 27 survivors (27648K)
 Metaspace       used 138100K, committed 140544K, reserved 1179648K
  class space    used 20072K, committed 21248K, reserved 1048576K
}
Event: 45.910 GC heap before
{Heap before GC invocations=77 (full 0):
 garbage-first heap   total 570368K, used 469578K [0x0000000080000000, 0x0000000100000000)
  region size 1024K, 334 young (342016K), 27 survivors (27648K)
 Metaspace       used 139639K, committed 142016K, reserved 1179648K
  class space    used 20225K, committed 21376K, reserved 1048576K
}
Event: 45.931 GC heap after
{Heap after GC invocations=78 (full 0):
 garbage-first heap   total 570368K, used 149378K [0x0000000080000000, 0x0000000100000000)
  region size 1024K, 15 young (15360K), 15 survivors (15360K)
 Metaspace       used 139639K, committed 142016K, reserved 1179648K
  class space    used 20225K, committed 21376K, reserved 1048576K
}
Event: 46.581 GC heap before
{Heap before GC invocations=78 (full 0):
 garbage-first heap   total 570368K, used 476034K [0x0000000080000000, 0x0000000100000000)
  region size 1024K, 334 young (342016K), 15 survivors (15360K)
 Metaspace       used 139639K, committed 142016K, reserved 1179648K
  class space    used 20225K, committed 21376K, reserved 1048576K
}
Event: 46.600 GC heap after
{Heap after GC invocations=79 (full 0):
 garbage-first heap   total 570368K, used 150292K [0x0000000080000000, 0x0000000100000000)
  region size 1024K, 16 young (16384K), 16 survivors (16384K)
 Metaspace       used 139639K, committed 142016K, reserved 1179648K
  class space    used 20225K, committed 21376K, reserved 1048576K
}
Event: 49.613 GC heap before
{Heap before GC invocations=79 (full 0):
 garbage-first heap   total 570368K, used 411412K [0x0000000080000000, 0x0000000100000000)
  region size 1024K, 230 young (235520K), 16 survivors (16384K)
 Metaspace       used 142591K, committed 145024K, reserved 1179648K
  class space    used 20611K, committed 21760K, reserved 1048576K
}
Event: 49.642 GC heap after
{Heap after GC invocations=80 (full 0):
 garbage-first heap   total 570368K, used 198233K [0x0000000080000000, 0x0000000100000000)
  region size 1024K, 20 young (20480K), 20 survivors (20480K)
 Metaspace       used 142591K, committed 145024K, reserved 1179648K
  class space    used 20611K, committed 21760K, reserved 1048576K
}
Event: 50.659 GC heap before
{Heap before GC invocations=80 (full 0):
 garbage-first heap   total 570368K, used 211545K [0x0000000080000000, 0x0000000100000000)
  region size 1024K, 22 young (22528K), 20 survivors (20480K)
 Metaspace       used 142600K, committed 145024K, reserved 1179648K
  class space    used 20612K, committed 21760K, reserved 1048576K
}
Event: 50.682 GC heap after
{Heap after GC invocations=81 (full 0):
 garbage-first heap   total 570368K, used 153474K [0x0000000080000000, 0x0000000100000000)
  region size 1024K, 19 young (19456K), 19 survivors (19456K)
 Metaspace       used 142600K, committed 145024K, reserved 1179648K
  class space    used 20612K, committed 21760K, reserved 1048576K
}

Dll operation events (3 events):
Event: 0.020 Loaded shared library C:\Program Files\Android\Android Studio\jbr\bin\java.dll
Event: 0.031 Loaded shared library C:\Program Files\Android\Android Studio\jbr\bin\zip.dll
Event: 1.767 Loaded shared library C:\Program Files\Android\Android Studio\jbr\bin\verify.dll

Deoptimization events (20 events):
Event: 48.548 Thread 0x000001ac14c9c430 Uncommon trap: trap_request=0xffffffde fr.pc=0x000001ac082d69e8 relative=0x0000000000000aa8
Event: 48.548 Thread 0x000001ac14c9c430 Uncommon trap: reason=class_check action=maybe_recompile pc=0x000001ac082d69e8 method=java.lang.ThreadLocal.setInitialValue(Ljava/lang/Thread;)Ljava/lang/Object; @ 27 c2
Event: 48.548 Thread 0x000001ac14c9c430 DEOPT PACKING pc=0x000001ac082d69e8 sp=0x000000540eefef00
Event: 48.548 Thread 0x000001ac14c9c430 DEOPT UNPACKING pc=0x000001ac075843a2 sp=0x000000540eefeec0 mode 2
Event: 48.548 Thread 0x000001ac1202d410 Uncommon trap: trap_request=0xffffffde fr.pc=0x000001ac082d69e8 relative=0x0000000000000aa8
Event: 48.548 Thread 0x000001ac1202d410 Uncommon trap: reason=class_check action=maybe_recompile pc=0x000001ac082d69e8 method=java.lang.ThreadLocal.setInitialValue(Ljava/lang/Thread;)Ljava/lang/Object; @ 27 c2
Event: 48.548 Thread 0x000001ac1202d410 DEOPT PACKING pc=0x000001ac082d69e8 sp=0x000000540edfeb70
Event: 48.548 Thread 0x000001ac1202fb70 Uncommon trap: trap_request=0xffffffde fr.pc=0x000001ac082d69e8 relative=0x0000000000000aa8
Event: 48.548 Thread 0x000001ac1202fb70 Uncommon trap: reason=class_check action=maybe_recompile pc=0x000001ac082d69e8 method=java.lang.ThreadLocal.setInitialValue(Ljava/lang/Thread;)Ljava/lang/Object; @ 27 c2
Event: 48.548 Thread 0x000001ac1202fb70 DEOPT PACKING pc=0x000001ac082d69e8 sp=0x000000540eafecf0
Event: 48.548 Thread 0x000001ac1202fb70 DEOPT UNPACKING pc=0x000001ac075843a2 sp=0x000000540eafecb0 mode 2
Event: 48.548 Thread 0x000001ac1202d410 DEOPT UNPACKING pc=0x000001ac075843a2 sp=0x000000540edfeb30 mode 2
Event: 51.723 Thread 0x000001ac12029f90 Uncommon trap: trap_request=0xffffffde fr.pc=0x000001ac07c9f270 relative=0x0000000000000170
Event: 51.723 Thread 0x000001ac12029f90 Uncommon trap: reason=class_check action=maybe_recompile pc=0x000001ac07c9f270 method=sun.nio.ch.IOUtil.writeFromNativeBuffer(Ljava/io/FileDescriptor;Ljava/nio/ByteBuffer;JZZILsun/nio/ch/NativeDispatcher;)I @ 162 c2
Event: 51.723 Thread 0x000001ac12029f90 DEOPT PACKING pc=0x000001ac07c9f270 sp=0x000000540e8fd520
Event: 51.724 Thread 0x000001ac12029f90 DEOPT UNPACKING pc=0x000001ac075843a2 sp=0x000000540e8fd470 mode 2
Event: 51.744 Thread 0x000001ac12029f90 Uncommon trap: trap_request=0xffffffde fr.pc=0x000001ac07c9f270 relative=0x0000000000000170
Event: 51.744 Thread 0x000001ac12029f90 Uncommon trap: reason=class_check action=maybe_recompile pc=0x000001ac07c9f270 method=sun.nio.ch.IOUtil.writeFromNativeBuffer(Ljava/io/FileDescriptor;Ljava/nio/ByteBuffer;JZZILsun/nio/ch/NativeDispatcher;)I @ 162 c2
Event: 51.744 Thread 0x000001ac12029f90 DEOPT PACKING pc=0x000001ac07c9f270 sp=0x000000540e8fd520
Event: 51.744 Thread 0x000001ac12029f90 DEOPT UNPACKING pc=0x000001ac075843a2 sp=0x000000540e8fd470 mode 2

Classes loaded (20 events):
Event: 51.704 Loading class jdk/internal/access/foreign/UnmapperProxy
Event: 51.704 Loading class jdk/internal/access/foreign/UnmapperProxy done
Event: 51.704 Loading class sun/nio/ch/FileChannelImpl$Unmapper done
Event: 51.704 Loading class sun/nio/ch/FileChannelImpl$DefaultUnmapper done
Event: 51.704 Loading class sun/nio/ch/Util$4
Event: 51.707 Loading class sun/nio/ch/Util$4 done
Event: 51.774 Loading class java/nio/BufferOverflowException
Event: 51.774 Loading class java/nio/BufferOverflowException done
Event: 51.790 Loading class java/security/DigestException
Event: 51.790 Loading class java/security/DigestException done
Event: 51.794 Loading class java/security/InvalidAlgorithmParameterException
Event: 51.794 Loading class java/security/InvalidAlgorithmParameterException done
Event: 51.805 Loading class java/security/spec/InvalidKeySpecException
Event: 51.808 Loading class java/security/spec/InvalidKeySpecException done
Event: 51.842 Loading class java/security/spec/MGF1ParameterSpec
Event: 51.842 Loading class java/security/spec/MGF1ParameterSpec done
Event: 51.850 Loading class java/util/concurrent/ForkJoinTask$AdaptedInterruptibleRunnable
Event: 51.850 Loading class java/util/concurrent/ForkJoinTask$AdaptedInterruptibleRunnable done
Event: 51.850 Loading class java/util/concurrent/CountedCompleter
Event: 51.851 Loading class java/util/concurrent/CountedCompleter done

Classes unloaded (0 events):
No events

Classes redefined (0 events):
No events

Internal exceptions (20 events):
Event: 51.871 Thread 0x000001ac12029f90 Exception <a 'sun/nio/fs/WindowsException'{0x00000000a0c7dab8}> (0x00000000a0c7dab8) 
thrown [s\src\hotspot\share\prims\jni.cpp, line 537]
Event: 51.872 Thread 0x000001ac12029f90 Exception <a 'sun/nio/fs/WindowsException'{0x00000000a0c83e50}> (0x00000000a0c83e50) 
thrown [s\src\hotspot\share\prims\jni.cpp, line 537]
Event: 51.876 Thread 0x000001ac12029f90 Exception <a 'sun/nio/fs/WindowsException'{0x00000000a0c8a1b0}> (0x00000000a0c8a1b0) 
thrown [s\src\hotspot\share\prims\jni.cpp, line 537]
Event: 51.880 Thread 0x000001ac12029f90 Exception <a 'sun/nio/fs/WindowsException'{0x00000000a0c97f58}> (0x00000000a0c97f58) 
thrown [s\src\hotspot\share\prims\jni.cpp, line 537]
Event: 51.881 Thread 0x000001ac12029f90 Exception <a 'sun/nio/fs/WindowsException'{0x00000000a0c9df88}> (0x00000000a0c9df88) 
thrown [s\src\hotspot\share\prims\jni.cpp, line 537]
Event: 51.882 Thread 0x000001ac12029f90 Exception <a 'sun/nio/fs/WindowsException'{0x00000000a0caa490}> (0x00000000a0caa490) 
thrown [s\src\hotspot\share\prims\jni.cpp, line 537]
Event: 51.884 Thread 0x000001ac12029f90 Exception <a 'sun/nio/fs/WindowsException'{0x00000000a0cb2078}> (0x00000000a0cb2078) 
thrown [s\src\hotspot\share\prims\jni.cpp, line 537]
Event: 51.885 Thread 0x000001ac12029f90 Exception <a 'sun/nio/fs/WindowsException'{0x00000000a0cb8698}> (0x00000000a0cb8698) 
thrown [s\src\hotspot\share\prims\jni.cpp, line 537]
Event: 51.889 Thread 0x000001ac12029f90 Exception <a 'sun/nio/fs/WindowsException'{0x00000000a0cce740}> (0x00000000a0cce740) 
thrown [s\src\hotspot\share\prims\jni.cpp, line 537]
Event: 51.897 Thread 0x000001ac12029f90 Exception <a 'sun/nio/fs/WindowsException'{0x00000000a0cd5838}> (0x00000000a0cd5838) 
thrown [s\src\hotspot\share\prims\jni.cpp, line 537]
Event: 51.898 Thread 0x000001ac12029f90 Exception <a 'sun/nio/fs/WindowsException'{0x00000000a0cdd180}> (0x00000000a0cdd180) 
thrown [s\src\hotspot\share\prims\jni.cpp, line 537]
Event: 51.899 Thread 0x000001ac12029f90 Exception <a 'sun/nio/fs/WindowsException'{0x00000000a0ce5048}> (0x00000000a0ce5048) 
thrown [s\src\hotspot\share\prims\jni.cpp, line 537]
Event: 51.901 Thread 0x000001ac12029f90 Exception <a 'sun/nio/fs/WindowsException'{0x00000000a0cf4060}> (0x00000000a0cf4060) 
thrown [s\src\hotspot\share\prims\jni.cpp, line 537]
Event: 51.902 Thread 0x000001ac12029f90 Exception <a 'sun/nio/fs/WindowsException'{0x00000000a0cfb0d8}> (0x00000000a0cfb0d8) 
thrown [s\src\hotspot\share\prims\jni.cpp, line 537]
Event: 51.904 Thread 0x000001ac12029f90 Exception <a 'sun/nio/fs/WindowsException'{0x00000000a0b1a870}> (0x00000000a0b1a870) 
thrown [s\src\hotspot\share\prims\jni.cpp, line 537]
Event: 51.906 Thread 0x000001ac12029f90 Exception <a 'sun/nio/fs/WindowsException'{0x00000000a0b2d388}> (0x00000000a0b2d388) 
thrown [s\src\hotspot\share\prims\jni.cpp, line 537]
Event: 51.907 Thread 0x000001ac12029f90 Exception <a 'sun/nio/fs/WindowsException'{0x00000000a0b3c000}> (0x00000000a0b3c000) 
thrown [s\src\hotspot\share\prims\jni.cpp, line 537]
Event: 51.909 Thread 0x000001ac12029f90 Exception <a 'sun/nio/fs/WindowsException'{0x00000000a0b47000}> (0x00000000a0b47000) 
thrown [s\src\hotspot\share\prims\jni.cpp, line 537]
Event: 51.910 Thread 0x000001ac12029f90 Exception <a 'sun/nio/fs/WindowsException'{0x00000000a0b4fe00}> (0x00000000a0b4fe00) 
thrown [s\src\hotspot\share\prims\jni.cpp, line 537]
Event: 51.914 Thread 0x000001ac12029f90 Exception <a 'sun/nio/fs/WindowsException'{0x00000000a0b57480}> (0x00000000a0b57480) 
thrown [s\src\hotspot\share\prims\jni.cpp, line 537]

ZGC Phase Switch (0 events):
No events

VM Operations (20 events):
Event: 45.931 Executing VM operation: G1CollectForAllocation (G1 Evacuation Pause) done
Event: 46.580 Executing VM operation: G1CollectForAllocation (G1 Evacuation Pause)
Event: 46.600 Executing VM operation: G1CollectForAllocation (G1 Evacuation Pause) done
Event: 46.964 Executing VM operation: HandshakeAllThreads (Deoptimize)
Event: 46.965 Executing VM operation: HandshakeAllThreads (Deoptimize) done
Event: 47.939 Executing VM operation: HandshakeAllThreads (Deoptimize)
Event: 47.940 Executing VM operation: HandshakeAllThreads (Deoptimize) done
Event: 47.940 Executing VM operation: Cleanup
Event: 47.940 Executing VM operation: Cleanup done
Event: 47.973 Executing VM operation: HandshakeAllThreads (Deoptimize)
Event: 47.973 Executing VM operation: HandshakeAllThreads (Deoptimize) done
Event: 47.979 Executing VM operation: HandshakeAllThreads (Deoptimize)
Event: 47.980 Executing VM operation: HandshakeAllThreads (Deoptimize) done
Event: 48.574 Executing VM operation: G1TryInitiateConcMark (G1 Humongous Allocation)
Event: 48.596 Executing VM operation: G1TryInitiateConcMark (G1 Humongous Allocation) done
Event: 48.596 Executing VM operation: G1TryInitiateConcMark (G1 Humongous Allocation)
Event: 49.642 Executing VM operation: G1TryInitiateConcMark (G1 Humongous Allocation) done
Event: 50.659 Executing VM operation: G1TryInitiateConcMark (G1 Humongous Allocation)
Event: 50.682 Executing VM operation: G1TryInitiateConcMark (G1 Humongous Allocation) done
Event: 52.703 Executing VM operation: Cleanup

Memory protections (0 events):
No events

Nmethod flushes (20 events):
Event: 34.821 Thread 0x000001ac7a5c3a00 flushing  nmethod 0x000001ac004a3090
Event: 34.821 Thread 0x000001ac7a5c3a00 flushing  nmethod 0x000001ac00527210
Event: 34.821 Thread 0x000001ac7a5c3a00 flushing  nmethod 0x000001ac00685f90
Event: 34.821 Thread 0x000001ac7a5c3a00 flushing  nmethod 0x000001ac00686310
Event: 34.821 Thread 0x000001ac7a5c3a00 flushing  nmethod 0x000001ac00687010
Event: 34.821 Thread 0x000001ac7a5c3a00 flushing  nmethod 0x000001ac0092a090
Event: 34.821 Thread 0x000001ac7a5c3a00 flushing  nmethod 0x000001ac00abcb10
Event: 34.821 Thread 0x000001ac7a5c3a00 flushing  nmethod 0x000001ac00b9ee10
Event: 34.821 Thread 0x000001ac7a5c3a00 flushing  nmethod 0x000001ac00ba2210
Event: 34.821 Thread 0x000001ac7a5c3a00 flushing  nmethod 0x000001ac00c15d10
Event: 34.821 Thread 0x000001ac7a5c3a00 flushing  nmethod 0x000001ac00c19e10
Event: 34.821 Thread 0x000001ac7a5c3a00 flushing  nmethod 0x000001ac00c58f10
Event: 34.821 Thread 0x000001ac7a5c3a00 flushing  nmethod 0x000001ac01316090
Event: 34.821 Thread 0x000001ac7a5c3a00 flushing  nmethod 0x000001ac013c2f90
Event: 34.821 Thread 0x000001ac7a5c3a00 flushing  nmethod 0x000001ac0141a190
Event: 34.821 Thread 0x000001ac7a5c3a00 flushing  nmethod 0x000001ac0141b410
Event: 34.821 Thread 0x000001ac7a5c3a00 flushing  nmethod 0x000001ac01448f90
Event: 34.821 Thread 0x000001ac7a5c3a00 flushing  nmethod 0x000001ac01457c90
Event: 34.821 Thread 0x000001ac7a5c3a00 flushing  nmethod 0x000001ac013f7190
Event: 34.821 Thread 0x000001ac7a5c3a00 flushing  nmethod 0x000001ac01466710

Events (20 events):
Event: 38.695 Thread 0x000001ac11376430 Thread exited: 0x000001ac11376430
Event: 39.304 Thread 0x000001ac7a79bcb0 Thread added: 0x000001ac11376430
Event: 40.073 Thread 0x000001ac14c9a360 Thread added: 0x000001ac12026480
Event: 40.074 Thread 0x000001ac14c9a360 Thread added: 0x000001ac12026b10
Event: 40.075 Thread 0x000001ac14c9a360 Thread added: 0x000001ac12023d20
Event: 40.077 Thread 0x000001ac14c9a360 Thread added: 0x000001ac12029900
Event: 40.092 Thread 0x000001ac14c9a360 Thread added: 0x000001ac1202b340
Event: 40.094 Thread 0x000001ac14c9a360 Thread added: 0x000001ac1202a620
Event: 40.097 Thread 0x000001ac14c9a360 Thread added: 0x000001ac12027ec0
Event: 40.098 Thread 0x000001ac14c9a360 Thread added: 0x000001ac12029f90
Event: 41.781 Thread 0x000001ac11376430 Thread exited: 0x000001ac11376430
Event: 41.857 Thread 0x000001ac7a797440 Thread added: 0x000001ac1b063020
Event: 48.541 Thread 0x000001ac12029f90 Thread added: 0x000001ac1202f4e0
Event: 48.542 Thread 0x000001ac1202f4e0 Thread added: 0x000001ac1202fb70
Event: 48.542 Thread 0x000001ac1202fb70 Thread added: 0x000001ac12030890
Event: 48.543 Thread 0x000001ac12030890 Thread added: 0x000001ac12030200
Event: 48.544 Thread 0x000001ac12030200 Thread added: 0x000001ac1202d410
Event: 48.547 Thread 0x000001ac1202d410 Thread added: 0x000001ac14c9c430
Event: 48.547 Thread 0x000001ac14c9c430 Thread added: 0x000001ac14c9d7e0
Event: 51.701 Thread 0x000001ac7a79bcb0 Thread added: 0x000001ac1b060740


Dynamic libraries:
0x00007ff7eb740000 - 0x00007ff7eb74a000 	C:\Program Files\Android\Android Studio\jbr\bin\java.exe
0x00007ffba31c0000 - 0x00007ffba3423000 	C:\Windows\SYSTEM32\ntdll.dll
0x00007ffba2560000 - 0x00007ffba2628000 	C:\Windows\System32\KERNEL32.DLL
0x00007ffba0990000 - 0x00007ffba0d42000 	C:\Windows\System32\KERNELBASE.dll
0x00007ffba0590000 - 0x00007ffba06db000 	C:\Windows\System32\ucrtbase.dll
0x00007ffb98440000 - 0x00007ffb98458000 	C:\Program Files\Android\Android Studio\jbr\bin\jli.dll
0x00007ffba2aa0000 - 0x00007ffba2c68000 	C:\Windows\System32\USER32.dll
0x00007ffba0ff0000 - 0x00007ffba1017000 	C:\Windows\System32\win32u.dll
0x00007ffb98400000 - 0x00007ffb9841b000 	C:\Program Files\Android\Android Studio\jbr\bin\VCRUNTIME140.dll
0x00007ffb86790000 - 0x00007ffb86a20000 	C:\Windows\WinSxS\amd64_microsoft.windows.common-controls_6595b64144ccf1df_6.0.26100.2454_none_3e0b68a2e331ad60\COMCTL32.dll
0x00007ffba30d0000 - 0x00007ffba3179000 	C:\Windows\System32\msvcrt.dll
0x00007ffba1020000 - 0x00007ffba104a000 	C:\Windows\System32\GDI32.dll
0x00007ffba06e0000 - 0x00007ffba080b000 	C:\Windows\System32\gdi32full.dll
0x00007ffba0e80000 - 0x00007ffba0f23000 	C:\Windows\System32\msvcp_win.dll
0x00007ffba1050000 - 0x00007ffba107f000 	C:\Windows\System32\IMM32.DLL
0x00007ffb98460000 - 0x00007ffb9846c000 	C:\Program Files\Android\Android Studio\jbr\bin\vcruntime140_1.dll
0x00007ffb8b140000 - 0x00007ffb8b1cd000 	C:\Program Files\Android\Android Studio\jbr\bin\msvcp140.dll
0x00007ffb3b110000 - 0x00007ffb3bda6000 	C:\Program Files\Android\Android Studio\jbr\bin\server\jvm.dll
0x00007ffba2760000 - 0x00007ffba2814000 	C:\Windows\System32\ADVAPI32.dll
0x00007ffba3020000 - 0x00007ffba30c6000 	C:\Windows\System32\sechost.dll
0x00007ffba2980000 - 0x00007ffba2a96000 	C:\Windows\System32\RPCRT4.dll
0x00007ffba2c70000 - 0x00007ffba2ce4000 	C:\Windows\System32\WS2_32.dll
0x00007ffb9f200000 - 0x00007ffb9f24e000 	C:\Windows\SYSTEM32\POWRPROF.dll
0x00007ffb97ea0000 - 0x00007ffb97eab000 	C:\Windows\SYSTEM32\VERSION.dll
0x00007ffb874f0000 - 0x00007ffb87526000 	C:\Windows\SYSTEM32\WINMM.dll
0x00007ffb9f1e0000 - 0x00007ffb9f1f4000 	C:\Windows\SYSTEM32\UMPDC.dll
0x00007ffb9f4a0000 - 0x00007ffb9f4ba000 	C:\Windows\SYSTEM32\kernel.appcore.dll
0x00007ffb983f0000 - 0x00007ffb983fa000 	C:\Program Files\Android\Android Studio\jbr\bin\jimage.dll
0x00007ffb9dc90000 - 0x00007ffb9ded1000 	C:\Windows\SYSTEM32\DBGHELP.DLL
0x00007ffba2110000 - 0x00007ffba248e000 	C:\Windows\System32\combase.dll
0x00007ffba1110000 - 0x00007ffba11e6000 	C:\Windows\System32\OLEAUT32.dll
0x00007ffb89fe0000 - 0x00007ffb8a019000 	C:\Windows\SYSTEM32\dbgcore.DLL
0x00007ffba0d50000 - 0x00007ffba0de9000 	C:\Windows\System32\bcryptPrimitives.dll
0x00007ffb984f0000 - 0x00007ffb984fe000 	C:\Program Files\Android\Android Studio\jbr\bin\instrument.dll
0x00007ffb974c0000 - 0x00007ffb974e0000 	C:\Program Files\Android\Android Studio\jbr\bin\java.dll
0x00007ffb97450000 - 0x00007ffb97468000 	C:\Program Files\Android\Android Studio\jbr\bin\zip.dll
0x00007ffba1860000 - 0x00007ffba1f60000 	C:\Windows\System32\SHELL32.dll
0x00007ffb9e280000 - 0x00007ffb9eab1000 	C:\Windows\SYSTEM32\windows.storage.dll
0x00007ffba2630000 - 0x00007ffba270a000 	C:\Windows\System32\SHCORE.dll
0x00007ffba2920000 - 0x00007ffba297d000 	C:\Windows\System32\shlwapi.dll
0x00007ffba04a0000 - 0x00007ffba04ce000 	C:\Windows\SYSTEM32\profapi.dll
0x00007ffb98220000 - 0x00007ffb98230000 	C:\Program Files\Android\Android Studio\jbr\bin\net.dll
0x00007ffb999c0000 - 0x00007ffb99ae6000 	C:\Windows\SYSTEM32\WINHTTP.dll
0x00007ffb9f980000 - 0x00007ffb9f9e8000 	C:\Windows\system32\mswsock.dll
0x00007ffb958f0000 - 0x00007ffb95906000 	C:\Program Files\Android\Android Studio\jbr\bin\nio.dll
0x00007ffb8cd10000 - 0x00007ffb8cd20000 	C:\Program Files\Android\Android Studio\jbr\bin\verify.dll
0x00007ffb98480000 - 0x00007ffb984a7000 	C:\Users\Albaheth\.gradle\native\1def1411415f61bf3af743bc5b6707747c0891f09f0c88961ee8f79bc544acac\windows-amd64\native-platform.dll
0x00007ffb8b520000 - 0x00007ffb8b597000 	C:\Users\Albaheth\.gradle\native\0.2.8\x86_64-windows-gnu\gradle-fileevents.dll
0x00007ffb958e0000 - 0x00007ffb958e9000 	C:\Program Files\Android\Android Studio\jbr\bin\management.dll
0x00007ffb95810000 - 0x00007ffb9581b000 	C:\Program Files\Android\Android Studio\jbr\bin\management_ext.dll
0x00007ffba24d0000 - 0x00007ffba24d8000 	C:\Windows\System32\PSAPI.DLL
0x00007ffb9eef0000 - 0x00007ffb9ef22000 	C:\Windows\SYSTEM32\IPHLPAPI.DLL
0x00007ffba2e50000 - 0x00007ffba2e5a000 	C:\Windows\System32\NSI.dll
0x00007ffb98190000 - 0x00007ffb98199000 	C:\Program Files\Android\Android Studio\jbr\bin\extnet.dll
0x00007ffb9fd30000 - 0x00007ffb9fd4c000 	C:\Windows\SYSTEM32\CRYPTSP.dll
0x00007ffb9f400000 - 0x00007ffb9f438000 	C:\Windows\system32\rsaenh.dll
0x00007ffb9fa20000 - 0x00007ffb9fa4b000 	C:\Windows\SYSTEM32\USERENV.dll
0x00007ffb9fec0000 - 0x00007ffb9fee6000 	C:\Windows\SYSTEM32\bcrypt.dll
0x00007ffb9fbb0000 - 0x00007ffb9fbbc000 	C:\Windows\SYSTEM32\CRYPTBASE.dll
0x00007ffb1aab0000 - 0x00007ffb1aab8000 	C:\Windows\system32\wshunix.dll

JVMTI agents:
C:\Users\Albaheth\.gradle\wrapper\dists\gradle-9.1.0-bin\9agqghryom9wkf8r80qlhnts3\gradle-9.1.0\lib\agents\gradle-instrumentation-agent-9.1.0.jar path:C:\Program Files\Android\Android Studio\jbr\bin\instrument.dll, loaded, initialized, instrumentlib options:none

dbghelp: loaded successfully - version: 4.0.5 - missing functions: none
symbol engine: initialized successfully - sym options: 0x614 - pdb path: .;C:\Program Files\Android\Android Studio\jbr\bin;C:\Windows\SYSTEM32;C:\Windows\WinSxS\amd64_microsoft.windows.common-controls_6595b64144ccf1df_6.0.26100.2454_none_3e0b68a2e331ad60;C:\Program Files\Android\Android Studio\jbr\bin\server;C:\Users\Albaheth\.gradle\native\1def1411415f61bf3af743bc5b6707747c0891f09f0c88961ee8f79bc544acac\windows-amd64;C:\Users\Albaheth\.gradle\native\0.2.8\x86_64-windows-gnu

VM Arguments:
jvm_args: --add-opens=java.base/java.lang=ALL-UNNAMED --add-opens=java.base/java.lang.invoke=ALL-UNNAMED --add-opens=java.base/java.util=ALL-UNNAMED --add-opens=java.prefs/java.util.prefs=ALL-UNNAMED --add-exports=jdk.compiler/com.sun.tools.javac.api=ALL-UNNAMED --add-exports=jdk.compiler/com.sun.tools.javac.util=ALL-UNNAMED --add-opens=java.base/java.util=ALL-UNNAMED --add-opens=java.prefs/java.util.prefs=ALL-UNNAMED --add-opens=java.base/java.nio.charset=ALL-UNNAMED --add-opens=java.base/java.net=ALL-UNNAMED --add-opens=java.base/java.util.concurrent=ALL-UNNAMED --add-opens=java.base/java.util.concurrent.atomic=ALL-UNNAMED --add-opens=java.xml/javax.xml.namespace=ALL-UNNAMED --add-opens=java.base/java.time=ALL-UNNAMED -Xmx2048m -Dfile.encoding=UTF-8 -Duser.country=US -Duser.language=en -Duser.variant -javaagent:C:\Users\Albaheth\.gradle\wrapper\dists\gradle-9.1.0-bin\9agqghryom9wkf8r80qlhnts3\gradle-9.1.0\lib\agents\gradle-instrumentation-agent-9.1.0.jar 
java_command: org.gradle.launcher.daemon.bootstrap.GradleDaemon 9.1.0
java_class_path (initial): C:\Users\Albaheth\.gradle\wrapper\dists\gradle-9.1.0-bin\9agqghryom9wkf8r80qlhnts3\gradle-9.1.0\lib\gradle-daemon-main-9.1.0.jar
Launcher Type: SUN_STANDARD

[Global flags]
     intx CICompilerCount                          = 4                                         {product} {ergonomic}
     uint ConcGCThreads                            = 2                                         {product} {ergonomic}
     uint G1ConcRefinementThreads                  = 8                                         {product} {ergonomic}
   size_t G1HeapRegionSize                         = 1048576                                   {product} {ergonomic}
    uintx GCDrainStackTargetSize                   = 64                                        {product} {ergonomic}
   size_t InitialHeapSize                          = 132120576                                 {product} {ergonomic}
   size_t MarkStackSize                            = 4194304                                   {product} {ergonomic}
   size_t MaxHeapSize                              = 2147483648                                {product} {command line}
   size_t MaxNewSize                               = 1287651328                                {product} {ergonomic}
   size_t MinHeapDeltaBytes                        = 1048576                                   {product} {ergonomic}
   size_t MinHeapSize                              = 8388608                                   {product} {ergonomic}
    uintx NonNMethodCodeHeapSize                   = 5839372                                {pd product} {ergonomic}
    uintx NonProfiledCodeHeapSize                  = 122909434                              {pd product} {ergonomic}
    uintx ProfiledCodeHeapSize                     = 122909434                              {pd product} {ergonomic}
    uintx ReservedCodeCacheSize                    = 251658240                              {pd product} {ergonomic}
     bool SegmentedCodeCache                       = true                                      {product} {ergonomic}
   size_t SoftMaxHeapSize                          = 2147483648                             {manageable} {ergonomic}
     bool UseCompressedOops                        = true                           {product lp64_product} {ergonomic}
     bool UseG1GC                                  = true                                      {product} {ergonomic}
     bool UseLargePagesIndividualAllocation        = false                                  {pd product} {ergonomic}

Logging:
Log output configuration:
 #0: stdout all=warning uptime,level,tags foldmultilines=false
 #1: stderr all=off uptime,level,tags foldmultilines=false

Release file:
JAVA_VERSION="21.0.9" 
MODULES="java.base java.compiler java.datatransfer java.xml java.prefs java.desktop java.instrument java.logging java.management java.security.sasl java.naming java.rmi java.management.rmi java.net.http java.scripting java.security.jgss java.transaction.xa java.sql java.sql.rowset java.xml.crypto java.se java.smartcardio jdk.accessibility jdk.internal.jvmstat jdk.attach jdk.charsets jdk.internal.opt jdk.zipfs jdk.compiler jdk.crypto.ec jdk.crypto.cryptoki jdk.dynalink jdk.hotspot.agent jdk.httpserver jdk.internal.ed jdk.internal.le jdk.internal.vm.ci jdk.jartool jdk.javadoc jdk.jcmd jdk.jdeps jdk.jdwp.agent jdk.jdi jdk.jfr jdk.jlink jdk.jsobject jdk.localedata jdk.management jdk.management.agent jdk.management.jfr jdk.naming.dns jdk.naming.rmi jdk.net jdk.sctp jdk.security.auth jdk.security.jgss jdk.unsupported jdk.unsupported.desktop jdk.xml.dom" 
IMPLEMENTOR="JetBrains s.r.o." 
JAVA_RUNTIME_VERSION="21.0.9+-14649483-b1163.86" 
LIBC="default" 
OS_ARCH="x86_64" 
OS_NAME="Windows" 
SOURCE=".:git:554d0c326095" 

Environment Variables:
JAVA_HOME=C:\oracleJdk-25
PATH=C:\oracleJdk-25\bin;C:\javafx-25;C:\xampp\php;C:\Windows\system32;C:\Windows;C:\Windows\System32\Wbem;C:\Windows\System32\WindowsPowerShell\v1.0\;C:\Windows\System32\OpenSSH\;C:\Program Files\dotnet\;C:\Program Files\Git\cmd;C:\Program Files\nodejs\;C:\Users\Albaheth\Downloads\winlibs-x86_64-posix-seh-gcc-14.2.0-llvm-18.1.8-mingw-w64ucrt-12.0.0-r1\mingw64\bin;C:\win_flex_bison-latest;C:\Users\Albaheth\Downloads\winlibs-x86_64-posix-seh-gcc-14.2.0-llvm-18.1.8-mingw-w64ucrt-12.0.0-r1\mingw64\bin;C:\Users\Albaheth\AppData\Local\Programs\Python\Python314\Scripts\;C:\Users\Albaheth\AppData\Local\Programs\Python\Python314\;C:\Users\Albaheth\AppData\Local\Programs\Python\Launcher\;C:\Users\Albaheth\AppData\Local\Microsoft\WindowsApps;C:\Users\Albaheth\AppData\Local\Programs\Microsoft VS Code\bin;C:\Users\Albaheth\AppData\Roaming\npm;C:\Flex Windows\gcc\bin;C:\Flex Windows\Lex\bin;C:\Flex Windows\bison\bin;C:\Users\Albaheth\Downloads\openjdk-25.0.1_windows-x64_bin\bin;
USERNAME=Dell Abir
OS=Windows_NT
PROCESSOR_IDENTIFIER=Intel64 Family 6 Model 142 Stepping 12, GenuineIntel
TMP=C:\Users\Albaheth\AppData\Local\Temp
TEMP=C:\Users\Albaheth\AppData\Local\Temp




Periodic native trim disabled

JNI global refs:
JNI global refs: 31, weak refs: 72

JNI global refs memory usage: 835, weak refs: 2097

Process memory usage:
Resident Set Size: 813776K (9% of 8162212K total physical memory with 709736K free physical memory)

OOME stack traces (most recent first):
Classloader memory used:
Loader org.gradle.internal.classloader.VisitableURLClassLoader$InstrumentingVisitableURLClassLoader: 53540K
Loader org.gradle.internal.classloader.VisitableURLClassLoader                         : 44833K
Loader bootstrap                                                                       : 30202K
Loader org.gradle.initialization.MixInLegacyTypesClassLoader                           : 13212K
Loader jdk.internal.reflect.DelegatingClassLoader                                      : 469K
Loader org.gradle.internal.classloader.VisitableURLClassLoader                         : 268K
Loader jdk.internal.loader.ClassLoaders$AppClassLoader                                 : 232K
Loader jdk.internal.loader.ClassLoaders$PlatformClassLoader                            : 148K
Loader org.gradle.groovy.scripts.internal.DefaultScriptCompilationHandler$ScriptClassLoader: 127K

Classes loaded by more than one classloader:
Class Program                                                                         : loaded 5 times (x 72B)
Class Build_gradle                                                                    : loaded 3 times (x 126B)
Class com.google.common.collect.RegularImmutableMap$KeySet                            : loaded 2 times (x 152B)
Class org.gradle.internal.classloader.FilteringClassLoader                            : loaded 2 times (x 105B)
Class com.google.common.collect.SortedSetMultimap                                     : loaded 2 times (x 70B)
Class com.google.common.base.CharMatcher$IsEither                                     : loaded 2 times (x 111B)
Class org.gradle.internal.classloader.ClassLoaderHierarchy                            : loaded 2 times (x 70B)
Class com.google.common.collect.AbstractMapBasedMultimap$WrappedCollection            : loaded 2 times (x 124B)
Class com.google.common.collect.ImmutableEnumSet                                      : loaded 2 times (x 146B)
Class com.google.common.util.concurrent.ExecutionError                                : loaded 2 times (x 82B)
Class com.google.common.collect.ImmutableList$1                                       : loaded 2 times (x 97B)
Class org.gradle.api.internal.classpath.ManifestUtil                                  : loaded 2 times (x 71B)
Class com.google.common.io.ByteArrayDataOutput                                        : loaded 2 times (x 70B)
Class com.google.common.collect.RegularImmutableMap                                   : loaded 2 times (x 121B)
Class com.google.common.collect.ImmutableMap$MapViewOfValuesAsSingletonSets           : loaded 2 times (x 126B)
Class [Lorg.objectweb.asm.Symbol;                                                     : loaded 2 times (x 69B)
Class org.objectweb.asm.ClassVisitor                                                  : loaded 2 times (x 88B)
Class com.google.common.collect.UnmodifiableListIterator                              : loaded 2 times (x 95B)
Class com.google.common.base.Platform$JdkPatternCompiler                              : loaded 2 times (x 75B)
Class org.objectweb.asm.MethodTooLargeException                                       : loaded 2 times (x 83B)
Class [Lcom.google.common.cache.CacheBuilder$OneWeigher;                              : loaded 2 times (x 69B)
Class com.google.common.base.Suppliers                                                : loaded 2 times (x 71B)
Class org.gradle.internal.classloader.DefaultClassLoaderFactory                       : loaded 2 times (x 82B)
Class [Lcom.google.common.collect.AbstractIterator$State;                             : loaded 2 times (x 69B)
Class org.gradle.internal.classloader.ClassLoaderVisitor                              : loaded 2 times (x 76B)
Class [Lcom.google.common.collect.ImmutableMapEntry;                                  : loaded 2 times (x 69B)
Class org.gradle.api.internal.classpath.EffectiveClassPath                            : loaded 2 times (x 90B)
Class com.google.common.collect.ListMultimap                                          : loaded 2 times (x 70B)
Class com.google.common.collect.ImmutableEnumMap                                      : loaded 2 times (x 126B)
Class ijJvmDebugger1_4nk09ie7rajpf56fhqp8qjy4i                                        : loaded 2 times (x 171B)
Class com.google.common.collect.Sets$1                                                : loaded 2 times (x 139B)
Class org.objectweb.asm.AnnotationVisitor                                             : loaded 2 times (x 78B)
Class org.gradle.api.internal.DefaultClassPathProvider                                : loaded 2 times (x 76B)
Class [Lcom.google.common.base.Function;                                              : loaded 2 times (x 69B)
Class com.google.common.collect.Maps$ViewCachingAbstractMap                           : loaded 2 times (x 125B)
Class com.google.common.collect.Sets$2                                                : loaded 2 times (x 139B)
Class [Lorg.gradle.api.internal.ClassPathProvider;                                    : loaded 2 times (x 69B)
Class org.gradle.api.internal.ClassPathProvider                                       : loaded 2 times (x 70B)
Class [Lorg.objectweb.asm.AnnotationVisitor;                                          : loaded 2 times (x 69B)
Class com.google.common.collect.Sets$3                                                : loaded 2 times (x 139B)
Class com.google.common.cache.LocalCache$LocalLoadingCache                            : loaded 2 times (x 134B)
Class org.gradle.internal.service.UnknownServiceException                             : loaded 2 times (x 83B)
Class com.google.common.io.ByteArrayDataInput                                         : loaded 2 times (x 70B)
Class com.google.common.collect.Sets$4                                                : loaded 2 times (x 139B)
Class org.objectweb.asm.ModuleVisitor                                                 : loaded 2 times (x 81B)
Class com.google.common.cache.LocalCache$Strength$1                                   : loaded 2 times (x 81B)
Class com.google.common.collect.Collections2$FilteredCollection                       : loaded 2 times (x 119B)
Class com.google.common.util.concurrent.SettableFuture                                : loaded 2 times (x 114B)
Class com.google.common.cache.LocalCache$Strength$2                                   : loaded 2 times (x 81B)
Class [Lcom.google.common.collect.Maps$EntryFunction;                                 : loaded 2 times (x 69B)
Class com.google.common.collect.TransformedIterator                                   : loaded 2 times (x 80B)
Class com.google.common.io.ByteStreams                                                : loaded 2 times (x 71B)
Class com.google.common.cache.LocalCache$Strength$3                                   : loaded 2 times (x 81B)
Class com.google.common.collect.MapDifference                                         : loaded 2 times (x 70B)
Class org.objectweb.asm.FieldWriter                                                   : loaded 2 times (x 78B)
Class com.google.common.cache.CacheBuilder$NullListener                               : loaded 2 times (x 82B)
Class org.gradle.internal.classpath.TransformedClassPath                              : loaded 2 times (x 96B)
Class org.gradle.internal.classloader.InstrumentingClassLoader                        : loaded 2 times (x 70B)
Class com.google.common.collect.Maps$IteratorBasedAbstractMap$1                       : loaded 2 times (x 138B)
Class com.google.common.cache.CacheLoader$FunctionToCacheLoader                       : loaded 2 times (x 75B)
Class com.google.common.collect.Iterators$ArrayItr                                    : loaded 2 times (x 97B)
Class com.google.common.collect.ImmutableCollection$Builder                           : loaded 2 times (x 76B)
Class com.google.common.base.Joiner                                                   : loaded 2 times (x 79B)
Class com.google.common.base.MoreObjects                                              : loaded 2 times (x 71B)
Class com.google.common.collect.Platform                                              : loaded 2 times (x 71B)
Class [Lorg.objectweb.asm.Type;                                                       : loaded 2 times (x 69B)
Class com.google.common.base.Equivalence$Identity                                     : loaded 2 times (x 82B)
Class org.gradle.internal.service.ServiceLocator                                      : loaded 2 times (x 70B)
Class com.google.common.base.Ascii                                                    : loaded 2 times (x 71B)
Class com.google.common.collect.SingletonImmutableBiMap                               : loaded 2 times (x 143B)
Class com.google.common.cache.LocalCache$1                                            : loaded 2 times (x 89B)
Class com.google.common.collect.Iterators$SingletonIterator                           : loaded 2 times (x 81B)
Class com.google.common.collect.AbstractMapEntry                                      : loaded 2 times (x 81B)
Class com.google.common.collect.AbstractSetMultimap                                   : loaded 2 times (x 174B)
Class com.google.common.collect.Sets$ImprovedAbstractSet                              : loaded 2 times (x 135B)
Class com.google.common.collect.ImmutableList$Builder                                 : loaded 2 times (x 77B)
Class com.google.common.collect.AbstractMultimap                                      : loaded 2 times (x 123B)
Class com.google.common.cache.LocalCache$2                                            : loaded 2 times (x 142B)
Class com.google.common.collect.RegularImmutableAsList                                : loaded 2 times (x 217B)
Class com.google.common.base.Optional                                                 : loaded 2 times (x 80B)
Class com.google.common.util.concurrent.AbstractFuture$Trusted                        : loaded 2 times (x 70B)
Class com.google.common.collect.Iterators                                             : loaded 2 times (x 71B)
Class com.google.common.collect.Lists$StringAsImmutableList                           : loaded 2 times (x 207B)
Class com.google.common.util.concurrent.UncheckedExecutionException                   : loaded 2 times (x 82B)
Class org.gradle.kotlin.dsl.VersionCatalogAccessorsKt                                 : loaded 2 times (x 71B)
Class org.gradle.internal.InternalTransformer                                         : loaded 2 times (x 70B)
Class com.google.common.collect.AbstractMapBasedMultimap$KeySet$1                     : loaded 2 times (x 82B)
Class org.objectweb.asm.ClassWriter                                                   : loaded 2 times (x 106B)
Class com.google.common.cache.CacheLoader$UnsupportedLoadingOperationException        : loaded 2 times (x 82B)
Class com.google.common.base.CharMatcher$And                                          : loaded 2 times (x 112B)
Class org.gradle.internal.classloader.ClasspathUtil$1                                 : loaded 2 times (x 76B)
Class com.google.common.collect.FluentIterable$1                                      : loaded 2 times (x 81B)
Class com.google.common.base.Objects                                                  : loaded 2 times (x 71B)
Class org.objectweb.asm.FieldVisitor                                                  : loaded 2 times (x 77B)
Class com.google.common.collect.IndexedImmutableSet                                   : loaded 2 times (x 152B)
Class com.google.common.collect.ImmutableMap$1                                        : loaded 2 times (x 81B)
Class com.google.common.collect.BiMap                                                 : loaded 2 times (x 70B)
Class org.gradle.api.internal.classpath.DefaultModuleRegistry$DefaultModule           : loaded 2 times (x 86B)
Class com.google.common.collect.FluentIterable$2                                      : loaded 2 times (x 81B)
Class com.google.common.base.Absent                                                   : loaded 2 times (x 80B)
Class com.google.common.primitives.Ints                                               : loaded 2 times (x 71B)
Class com.google.common.collect.AbstractIterator                                      : loaded 2 times (x 82B)
Class com.google.common.collect.FluentIterable$3                                      : loaded 2 times (x 81B)
Class com.google.common.collect.ObjectArrays                                          : loaded 2 times (x 71B)
Class com.google.common.math.MathPreconditions                                        : loaded 2 times (x 71B)
Class com.google.common.collect.Multiset                                              : loaded 2 times (x 70B)
Class com.google.common.collect.ArrayListMultimapGwtSerializationDependencies         : loaded 2 times (x 172B)
Class com.google.common.collect.AbstractIndexedListIterator                           : loaded 2 times (x 96B)
Class com.google.common.collect.ImmutableMapEntrySet                                  : loaded 2 times (x 152B)
Class org.gradle.api.internal.classpath.Module                                        : loaded 2 times (x 70B)
Class com.google.common.cache.Weigher                                                 : loaded 2 times (x 70B)
Class org.gradle.api.internal.classpath.UnknownModuleException                        : loaded 2 times (x 82B)
Class com.google.common.base.Stopwatch                                                : loaded 2 times (x 72B)
Class com.google.common.cache.LocalCache$Strength                                     : loaded 2 times (x 81B)
Class com.google.common.cache.Cache                                                   : loaded 2 times (x 70B)
Class com.google.common.base.NullnessCasts                                            : loaded 2 times (x 71B)
Class com.google.common.util.concurrent.AbstractFuture$Cancellation                   : loaded 2 times (x 72B)
Class com.google.common.collect.ImmutableMap$Builder                                  : loaded 2 times (x 82B)
Class com.google.common.base.Throwables                                               : loaded 2 times (x 71B)
Class com.google.common.collect.Maps$EntryFunction$1                                  : loaded 2 times (x 91B)
Class com.google.common.base.Present                                                  : loaded 2 times (x 81B)
Class com.google.common.collect.AbstractMapBasedMultimap$WrappedCollection$WrappedIterator: loaded 2 times (x 84B)
Class com.google.common.cache.RemovalListener                                         : loaded 2 times (x 70B)
Class org.gradle.api.internal.DefaultClassPathRegistry                                : loaded 2 times (x 76B)
Class com.google.common.collect.Maps$EntryFunction$2                                  : loaded 2 times (x 91B)
Class com.google.common.primitives.IntsMethodsForWeb                                  : loaded 2 times (x 71B)
Class com.google.common.collect.Multimap                                              : loaded 2 times (x 70B)
Class org.gradle.api.internal.ClassPathRegistry                                       : loaded 2 times (x 70B)
Class org.gradle.internal.classpath.DefaultClassPath$ImmutableUniqueList              : loaded 2 times (x 199B)
Class com.google.common.collect.NullnessCasts                                         : loaded 2 times (x 71B)
Class com.google.common.base.ExtraObjectsMethodsForWeb                                : loaded 2 times (x 71B)
Class com.google.common.collect.UnmodifiableIterator                                  : loaded 2 times (x 80B)
Class com.google.common.cache.CacheBuilder                                            : loaded 2 times (x 72B)
Class com.google.common.collect.SingletonImmutableList                                : loaded 2 times (x 207B)
Class Settings_gradle$1                                                               : loaded 2 times (x 74B)
Class org.gradle.internal.classpath.ClassPath                                         : loaded 2 times (x 70B)
Class com.google.common.base.JdkPattern                                               : loaded 2 times (x 75B)
Class com.google.common.collect.ImmutableList$ReverseImmutableList                    : loaded 2 times (x 209B)
Class org.objectweb.asm.SymbolTable$Entry                                             : loaded 2 times (x 74B)
Class org.objectweb.asm.Edge                                                          : loaded 2 times (x 72B)
Class com.google.common.base.Suppliers$SupplierOfInstance                             : loaded 2 times (x 79B)
Class com.google.common.collect.Iterators$1                                           : loaded 2 times (x 81B)
Class ijJvmDebugger1_4nk09ie7rajpf56fhqp8qjy4i$_run_closure1$_closure2                : loaded 2 times (x 140B)
Class com.google.common.cache.LocalCache$ComputingValueReference                      : loaded 2 times (x 96B)
Class com.google.common.collect.SingletonImmutableSet                                 : loaded 2 times (x 146B)
Class com.google.common.collect.ImmutableMap$IteratorBasedImmutableMap                : loaded 2 times (x 126B)
Class com.google.common.cache.LocalCache$Segment                                      : loaded 2 times (x 154B)
Class ijJvmDebugger1_4nk09ie7rajpf56fhqp8qjy4i$_run_closure1                          : loaded 2 times (x 139B)
Class com.google.common.collect.AbstractListMultimap                                  : loaded 2 times (x 172B)
Class [Lorg.objectweb.asm.SymbolTable$Entry;                                          : loaded 2 times (x 69B)
Class com.google.common.cache.CacheLoader                                             : loaded 2 times (x 74B)
Class com.google.common.collect.Iterators$4                                           : loaded 2 times (x 82B)
Class com.google.common.collect.ImmutableBiMap                                        : loaded 2 times (x 143B)
Class org.gradle.internal.installation.GradleInstallation$1                           : loaded 2 times (x 75B)
Class org.gradle.api.internal.classpath.ModuleRegistry                                : loaded 2 times (x 70B)
Class com.google.common.collect.ImmutableSet$JdkBackedSetBuilderImpl                  : loaded 2 times (x 76B)
Class com.google.common.util.concurrent.internal.InternalFutureFailureAccess          : loaded 2 times (x 72B)
Class com.google.common.collect.Iterators$5                                           : loaded 2 times (x 82B)
Class com.google.common.collect.Iterators$6                                           : loaded 2 times (x 81B)
Class com.google.common.cache.LocalCache$LocalManualCache$1                           : loaded 2 times (x 75B)
Class com.google.common.base.CharMatcher$ForPredicate                                 : loaded 2 times (x 112B)
Class com.google.common.collect.Multimaps$CustomSetMultimap                           : loaded 2 times (x 178B)
Class com.google.common.base.CharMatcher$AnyOf                                        : loaded 2 times (x 112B)
Class com.google.common.collect.ImmutableCollection                                   : loaded 2 times (x 125B)
Class ijKotlinCoroutineJvmDebugInit1_5ro5ikkthzfd4ov1s0iwde684$_run_closure1          : loaded 2 times (x 139B)
Class org.gradle.api.internal.classpath.DefaultModuleRegistry                         : loaded 2 times (x 86B)
Class com.google.common.collect.Lists                                                 : loaded 2 times (x 71B)
Class com.google.common.util.concurrent.ListenableFuture                              : loaded 2 times (x 70B)
Class com.google.common.cache.ReferenceEntry                                          : loaded 2 times (x 70B)
Class com.google.common.base.Converter                                                : loaded 2 times (x 90B)
Class com.google.common.collect.ImmutableSet$CachingAsList                            : loaded 2 times (x 148B)
Class com.google.common.collect.AbstractMapBasedMultimap                              : loaded 2 times (x 139B)
Class com.google.common.util.concurrent.AbstractFuture                                : loaded 2 times (x 106B)
Class com.google.common.base.FunctionalEquivalence                                    : loaded 2 times (x 83B)
Class com.google.common.collect.Iterators$9                                           : loaded 2 times (x 81B)
Class com.google.common.collect.ImmutableAsList                                       : loaded 2 times (x 209B)
Class ijKotlinCoroutineJvmDebugInit1_5ro5ikkthzfd4ov1s0iwde684$_run_closure1$_closure2: loaded 2 times (x 139B)
Class org.objectweb.asm.RecordComponentVisitor                                        : loaded 2 times (x 77B)
Class com.google.common.cache.CacheLoader$SupplierToCacheLoader                       : loaded 2 times (x 75B)
Class com.google.common.collect.Maps$EntryTransformer                                 : loaded 2 times (x 70B)
Class org.gradle.internal.service.ServiceLookupException                              : loaded 2 times (x 82B)
Class [Lcom.google.common.cache.LocalCache$EntryFactory;                              : loaded 2 times (x 69B)
Class org.gradle.internal.classloader.ClassLoaderFactory                              : loaded 2 times (x 70B)
Class com.google.common.base.CommonPattern                                            : loaded 2 times (x 74B)
Class com.google.common.cache.LocalCache$LocalManualCache                             : loaded 2 times (x 99B)
Class com.google.common.base.CharMatcher$IsNot                                        : loaded 2 times (x 111B)
Class org.gradle.internal.service.CachingServiceLocator                               : loaded 2 times (x 82B)
Class com.google.common.collect.AbstractMapBasedMultimap$KeySet                       : loaded 2 times (x 137B)
Class com.google.common.math.IntMath                                                  : loaded 2 times (x 71B)
Class com.google.common.collect.ImmutableMapEntry                                     : loaded 2 times (x 85B)
Class com.google.common.base.Predicates                                               : loaded 2 times (x 71B)
Class com.google.common.base.Equivalence                                              : loaded 2 times (x 82B)
Class com.google.common.base.Function                                                 : loaded 2 times (x 70B)
Class com.google.common.collect.ImmutableMapEntry$NonTerminalImmutableMapEntry        : loaded 2 times (x 85B)
Class com.google.common.cache.CacheBuilder$OneWeigher                                 : loaded 2 times (x 82B)
Class com.google.common.collect.RegularImmutableList                                  : loaded 2 times (x 213B)
Class com.google.common.collect.Maps$EntryFunction                                    : loaded 2 times (x 91B)
Class org.gradle.internal.classloader.ClasspathUtil                                   : loaded 2 times (x 71B)
Class com.google.common.util.concurrent.Uninterruptibles                              : loaded 2 times (x 71B)
Class com.google.common.collect.AbstractMapBasedMultimap$WrappedSet                   : loaded 2 times (x 142B)
Class com.google.common.util.concurrent.LazyLogger                                    : loaded 2 times (x 72B)
Class com.google.common.collect.Maps                                                  : loaded 2 times (x 71B)
Class org.gradle.api.specs.Spec                                                       : loaded 2 times (x 70B)
Class [Lcom.google.common.collect.ImmutableEntry;                                     : loaded 2 times (x 69B)
Class com.google.common.collect.Sets$3$1                                              : loaded 2 times (x 82B)
Class com.google.common.cache.LocalCache$LoadingValueReference                        : loaded 2 times (x 96B)
Class com.google.common.base.Platform                                                 : loaded 2 times (x 71B)
Class [Lorg.objectweb.asm.AnnotationWriter;                                           : loaded 2 times (x 69B)
Class com.google.common.collect.Maps$8                                                : loaded 2 times (x 82B)
Class com.google.common.base.Predicates$CompositionPredicate                          : loaded 2 times (x 88B)
Class com.google.common.collect.Sets$SetView                                          : loaded 2 times (x 138B)
Class com.google.common.cache.LocalCache$StrongValueReference                         : loaded 2 times (x 90B)
Class org.objectweb.asm.Type                                                          : loaded 2 times (x 72B)
Class org.gradle.internal.classloader.VisitableURLClassLoader$InstrumentingVisitableURLClassLoader: loaded 2 times (x 123B)
Class com.google.common.math.IntMath$1                                                : loaded 2 times (x 71B)
Class org.objectweb.asm.ByteVector                                                    : loaded 2 times (x 79B)
Class [Lcom.google.common.cache.CacheBuilder$NullListener;                            : loaded 2 times (x 69B)
Class org.gradle.internal.classloader.VisitableURLClassLoader$Spec                    : loaded 2 times (x 74B)
Class org.gradle.internal.classpath.DefaultClassPath                                  : loaded 2 times (x 90B)
Class org.objectweb.asm.Symbol                                                        : loaded 2 times (x 73B)
Class com.google.common.collect.Sets$FilteredSet                                      : loaded 2 times (x 137B)
Class com.google.common.io.Closer                                                     : loaded 2 times (x 78B)
Class com.google.common.base.CharMatcher$BitSetMatcher                                : loaded 2 times (x 112B)
Class com.google.common.collect.RegularImmutableMap$Values                            : loaded 2 times (x 207B)
Class com.google.common.collect.ImmutableSet                                          : loaded 2 times (x 145B)
Class org.gradle.internal.classloader.ClassLoaderSpec                                 : loaded 2 times (x 71B)
Class org.objectweb.asm.AnnotationWriter                                              : loaded 2 times (x 79B)
Class com.google.common.cache.CacheStats                                              : loaded 2 times (x 71B)
Class com.google.common.io.Closer$Suppressor                                          : loaded 2 times (x 70B)
Class org.objectweb.asm.RecordComponentWriter                                         : loaded 2 times (x 78B)
Class com.google.common.util.concurrent.AbstractFuture$Listener                       : loaded 2 times (x 72B)
Class com.google.common.base.CharMatcher$Or                                           : loaded 2 times (x 112B)
Class Settings_gradle$1$1                                                             : loaded 2 times (x 74B)
Class org.objectweb.asm.Attribute                                                     : loaded 2 times (x 77B)
Class com.google.common.base.Supplier                                                 : loaded 2 times (x 70B)
Class org.gradle.internal.classloader.VisitableURLClassLoader                         : loaded 2 times (x 117B)
Class com.google.common.collect.ImmutableList$SerializedForm                          : loaded 2 times (x 73B)
Class Settings_gradle                                                                 : loaded 2 times (x 124B)
Class org.gradle.internal.Cast                                                        : loaded 2 times (x 71B)
Class org.gradle.api.Action                                                           : loaded 2 times (x 70B)
Class com.google.common.base.Strings                                                  : loaded 2 times (x 71B)
Class com.google.common.collect.Sets                                                  : loaded 2 times (x 71B)
Class org.objectweb.asm.Handler                                                       : loaded 2 times (x 72B)
Class com.google.common.base.Ticker                                                   : loaded 2 times (x 72B)
Class com.google.common.base.CharMatcher$FastMatcher                                  : loaded 2 times (x 111B)
Class ijKotlinCoroutineJvmDebugInit1_5ro5ikkthzfd4ov1s0iwde684                        : loaded 2 times (x 171B)
Class [Lcom.google.common.cache.LocalCache$Segment;                                   : loaded 2 times (x 69B)
Class [Lcom.google.common.cache.LocalCache$Strength;                                  : loaded 2 times (x 69B)
Class com.google.common.cache.CacheBuilder$1                                          : loaded 2 times (x 85B)
Class com.google.common.base.Predicate                                                : loaded 2 times (x 70B)
Class com.google.common.collect.ImmutableMap                                          : loaded 2 times (x 120B)
Class org.gradle.internal.classpath.DefaultClassPath$ImmutableUniqueList$Builder      : loaded 2 times (x 75B)
Class com.google.common.cache.LocalCache                                              : loaded 2 times (x 187B)
Class com.google.common.cache.CacheBuilder$2                                          : loaded 2 times (x 79B)
Class com.google.common.base.CharMatcher$NegatedFastMatcher                           : loaded 2 times (x 113B)
Class com.google.common.collect.ArrayListMultimap                                     : loaded 2 times (x 172B)
Class com.google.common.cache.CacheBuilder$3                                          : loaded 2 times (x 72B)
Class [Lcom.google.common.collect.AbstractMapEntry;                                   : loaded 2 times (x 69B)
Class com.google.common.collect.ImmutableEntry                                        : loaded 2 times (x 82B)
Class org.gradle.api.GradleException                                                  : loaded 2 times (x 82B)
Class com.google.common.base.Suppliers$MemoizingSupplier                              : loaded 2 times (x 79B)
Class com.google.common.collect.CollectPreconditions                                  : loaded 2 times (x 71B)
Class com.google.common.collect.Maps$AbstractFilteredMap                              : loaded 2 times (x 127B)
Class com.google.common.collect.SortedMapDifference                                   : loaded 2 times (x 70B)
Class com.google.common.cache.LocalCache$EntryFactory                                 : loaded 2 times (x 83B)
Class com.google.common.collect.Iterables$5                                           : loaded 2 times (x 81B)
Class com.google.common.cache.LocalCache$AbstractReferenceEntry                       : loaded 2 times (x 107B)
Class org.gradle.internal.IoActions                                                   : loaded 2 times (x 71B)
Class org.objectweb.asm.SymbolTable                                                   : loaded 2 times (x 72B)
Class com.google.common.cache.CacheLoader$InvalidCacheLoadException                   : loaded 2 times (x 82B)
Class com.google.common.collect.ImmutableSet$RegularSetBuilderImpl                    : loaded 2 times (x 77B)
Class org.gradle.internal.classloader.SystemClassLoaderSpec                           : loaded 2 times (x 71B)
Class com.google.common.collect.FluentIterable                                        : loaded 2 times (x 81B)
Class com.google.common.cache.LocalCache$StrongEntry                                  : loaded 2 times (x 108B)
Class com.google.common.util.concurrent.AbstractFuture$TrustedFuture                  : loaded 2 times (x 114B)
Class com.google.common.cache.LoadingCache                                            : loaded 2 times (x 70B)
Class com.google.common.io.ByteStreams$LimitedInputStream                             : loaded 2 times (x 92B)
Class com.google.common.base.Suppliers$NonSerializableMemoizingSupplier               : loaded 2 times (x 79B)
Class org.objectweb.asm.MethodWriter                                                  : loaded 2 times (x 106B)
Class [Lcom.google.common.cache.Weigher;                                              : loaded 2 times (x 69B)
Class com.google.common.collect.RegularImmutableMap$BucketOverflowException           : loaded 2 times (x 82B)
Class com.google.common.collect.AbstractIterator$State                                : loaded 2 times (x 79B)
Class com.google.common.collect.RegularImmutableBiMap                                 : loaded 2 times (x 149B)
Class com.google.common.cache.LocalCache$ValueReference                               : loaded 2 times (x 70B)
Class com.google.common.base.CharMatcher$Is                                           : loaded 2 times (x 111B)
Class com.google.common.base.CharMatcher$Negated                                      : loaded 2 times (x 113B)
Class com.google.common.hash.PrimitiveSink                                            : loaded 2 times (x 70B)
Class com.google.common.base.PatternCompiler                                          : loaded 2 times (x 70B)
Class com.google.common.util.concurrent.AbstractFuture$Failure                        : loaded 2 times (x 72B)
Class com.google.common.base.Equivalence$Equals                                       : loaded 2 times (x 82B)
Class com.google.common.collect.Hashing                                               : loaded 2 times (x 71B)
Class com.google.common.base.Preconditions                                            : loaded 2 times (x 71B)
Class com.google.common.base.Joiner$1                                                 : loaded 2 times (x 80B)
Class org.objectweb.asm.Label                                                         : loaded 2 times (x 73B)
Class org.objectweb.asm.CurrentFrame                                                  : loaded 2 times (x 73B)
Class org.objectweb.asm.ClassTooLargeException                                        : loaded 2 times (x 83B)
Class com.google.common.base.CharMatcher                                              : loaded 2 times (x 111B)
Class com.google.common.collect.PeekingIterator                                       : loaded 2 times (x 70B)
Class com.google.common.collect.Maps$IteratorBasedAbstractMap                         : loaded 2 times (x 125B)
Class com.google.common.base.Joiner$2                                                 : loaded 2 times (x 79B)
Class org.objectweb.asm.Frame                                                         : loaded 2 times (x 73B)
Class org.objectweb.asm.MethodVisitor                                                 : loaded 2 times (x 105B)
Class com.google.common.cache.LocalCache$EntryFactory$1                               : loaded 2 times (x 83B)
Class [Lcom.google.common.cache.RemovalListener;                                      : loaded 2 times (x 69B)
Class com.google.common.base.CharMatcher$1                                            : loaded 2 times (x 113B)
Class com.google.common.base.CharMatcher$NamedFastMatcher                             : loaded 2 times (x 112B)
Class com.google.common.cache.LocalCache$EntryFactory$2                               : loaded 2 times (x 83B)
Class org.gradle.api.internal.classpath.GlobalCacheRootsProvider                      : loaded 2 times (x 70B)
Class com.google.common.collect.Multimaps                                             : loaded 2 times (x 71B)
Class org.objectweb.asm.ModuleWriter                                                  : loaded 2 times (x 82B)
Class com.google.common.cache.LocalCache$EntryFactory$3                               : loaded 2 times (x 83B)
Class com.google.common.base.Ticker$1                                                 : loaded 2 times (x 72B)
Class com.google.common.collect.Maps$BiMapConverter                                   : loaded 2 times (x 90B)
Class com.google.common.collect.ImmutableMapEntrySet$RegularEntrySet                  : loaded 2 times (x 152B)
Class com.google.common.collect.SetMultimap                                           : loaded 2 times (x 70B)
Class com.google.common.collect.ImmutableSet$Builder                                  : loaded 2 times (x 85B)
Class com.google.common.cache.LocalCache$EntryFactory$4                               : loaded 2 times (x 83B)
Class com.google.common.base.CharMatcher$InRange                                      : loaded 2 times (x 111B)
Class com.google.common.io.ByteStreams$1                                              : loaded 2 times (x 85B)
Class com.google.common.cache.LocalCache$EntryFactory$5                               : loaded 2 times (x 83B)
Class com.google.common.base.PairwiseEquivalence                                      : loaded 2 times (x 83B)
Class com.google.common.cache.LocalCache$EntryFactory$6                               : loaded 2 times (x 83B)
Class org.gradle.internal.installation.CurrentGradleInstallationLocator               : loaded 2 times (x 71B)
Class com.google.common.collect.Maps$KeySet                                           : loaded 2 times (x 137B)
Class com.google.common.collect.ImmutableSet$EmptySetBuilderImpl                      : loaded 2 times (x 76B)
Class com.google.common.cache.LocalCache$EntryFactory$7                               : loaded 2 times (x 83B)
Class com.google.common.collect.ImmutableList                                         : loaded 2 times (x 206B)
Class org.gradle.internal.service.DefaultServiceLocator                               : loaded 2 times (x 83B)
Class com.google.common.collect.Maps$EntrySet                                         : loaded 2 times (x 136B)
Class com.google.common.cache.LocalCache$EntryFactory$8                               : loaded 2 times (x 83B)
Class com.google.common.collect.ImmutableSet$SetBuilderImpl                           : loaded 2 times (x 76B)
Class org.gradle.internal.installation.CurrentGradleInstallation                      : loaded 2 times (x 73B)
Class com.google.common.cache.CacheLoader$1                                           : loaded 2 times (x 75B)
Class com.google.common.collect.ForwardingObject                                      : loaded 2 times (x 72B)
Class com.google.common.collect.ImmutableList$SubList                                 : loaded 2 times (x 209B)
Class org.gradle.util.internal.GUtil                                                  : loaded 2 times (x 71B)
Class com.google.common.cache.AbstractCache$StatsCounter                              : loaded 2 times (x 70B)
Class com.google.common.collect.Iterators$MergingIterator                             : loaded 2 times (x 81B)
Class com.google.common.collect.RegularImmutableSet                                   : loaded 2 times (x 149B)
Class org.gradle.internal.installation.GradleInstallation                             : loaded 2 times (x 75B)
Class com.google.common.collect.Iterables                                             : loaded 2 times (x 71B)

---------------  S Y S T E M  ---------------

OS:
 Windows 11 , 64 bit Build 26100 (10.0.26100.2454)
OS uptime: 8 days 20:52 hours
Hyper-V role detected

CPU: total 8 (initial active 8) (4 cores per cpu, 2 threads per core) family 6 model 142 stepping 12 microcode 0xde, cx8, cmov, fxsr, ht, mmx, 3dnowpref, sse, sse2, sse3, ssse3, sse4.1, sse4.2, popcnt, lzcnt, tsc, tscinvbit, avx, avx2, aes, erms, clmul, bmi1, bmi2, adx, fma, vzeroupper, clflush, clflushopt, hv, rdtscp, f16c
Processor Information for the first 8 processors :
  Max Mhz: 1896, Current Mhz: 1596, Mhz Limit: 1592

Memory: 4k page, system-wide physical 7970M (982M free)
TotalPageFile size 23508M (AvailPageFile size 49M)
current process WorkingSet (physical memory assigned to process): 797M, peak: 924M
current process commit charge ("private bytes"): 1002M, peak: 1030M

vm_info: OpenJDK 64-Bit Server VM (21.0.9+-14649483-b1163.86) for windows-amd64 JRE (21.0.9+-14649483-b1163.86), built on 2025-12-30T22:08:35Z by "builder" with MS VC++ 16.10 / 16.11 (VS2019)

END.
