#
# There is insufficient memory for the Java Runtime Environment to continue.
# Native memory allocation (malloc) failed to allocate 2605520 bytes. Error detail: Chunk::new
# Possible reasons:
#   The system is out of physical RAM or swap space
#   This process is running with CompressedOops enabled, and the Java Heap may be blocking the growth of the native heap
# Possible solutions:
#   Reduce memory load on the system
#   Increase physical memory or swap space
#   Check if swap backing store is full
#   Decrease Java heap size (-Xmx/-Xms)
#   Decrease number of Java threads
#   Decrease Java thread stack sizes (-Xss)
#   Set larger code cache with -XX:ReservedCodeCacheSize=
#   JVM is running with Unscaled Compressed Oops mode in which the Java heap is
#     placed in the first 4GB address space. The Java Heap base address is the
#     maximum limit for the native heap growth. Please use -XX:HeapBaseMinAddress
#     to set the Java Heap base and to place the Java Heap above 4GB virtual address.
# This output file may be truncated or incomplete.
#
#  Out of Memory Error (arena.cpp:168), pid=6964, tid=16204
#
# JRE version: OpenJDK Runtime Environment (21.0.9) (build 21.0.9+-14649483-b1163.86)
# Java VM: OpenJDK 64-Bit Server VM (21.0.9+-14649483-b1163.86, mixed mode, tiered, compressed oops, compressed class ptrs, g1 gc, windows-amd64)
# No core dump will be written. Minidumps are not enabled by default on client versions of Windows
#

---------------  S U M M A R Y ------------

Command Line: --add-opens=java.base/java.lang=ALL-UNNAMED --add-opens=java.base/java.lang.invoke=ALL-UNNAMED --add-opens=java.base/java.util=ALL-UNNAMED --add-opens=java.prefs/java.util.prefs=ALL-UNNAMED --add-exports=jdk.compiler/com.sun.tools.javac.api=ALL-UNNAMED --add-exports=jdk.compiler/com.sun.tools.javac.util=ALL-UNNAMED --add-opens=java.base/java.util=ALL-UNNAMED --add-opens=java.prefs/java.util.prefs=ALL-UNNAMED --add-opens=java.base/java.nio.charset=ALL-UNNAMED --add-opens=java.base/java.net=ALL-UNNAMED --add-opens=java.base/java.util.concurrent=ALL-UNNAMED --add-opens=java.base/java.util.concurrent.atomic=ALL-UNNAMED --add-opens=java.xml/javax.xml.namespace=ALL-UNNAMED --add-opens=java.base/java.time=ALL-UNNAMED -Xmx2048m -Dfile.encoding=UTF-8 -Duser.country=US -Duser.language=en -Duser.variant -javaagent:C:\Users\Albaheth\.gradle\wrapper\dists\gradle-9.1.0-bin\9agqghryom9wkf8r80qlhnts3\gradle-9.1.0\lib\agents\gradle-instrumentation-agent-9.1.0.jar org.gradle.launcher.daemon.bootstrap.GradleDaemon 9.1.0

Host: Intel(R) Core(TM) i5-8365U CPU @ 1.60GHz, 8 cores, 7G,  Windows 11 , 64 bit Build 26100 (10.0.26100.2454)
Time: Mon Apr 27 13:05:17 2026 W. Central Africa Standard Time elapsed time: 72.093587 seconds (0d 0h 1m 12s)

---------------  T H R E A D  ---------------

Current thread (0x0000027cbd0bcc90):  JavaThread "C2 CompilerThread0" daemon [_thread_in_native, id=16204, stack(0x000000cc1dc00000,0x000000cc1dd00000) (1024K)]


Current CompileTask:
C2:72094 26249       4       org.gradle.api.internal.artifacts.ivyservice.resolveengine.graph.builder.DependencyGraphBuilder::performSelectionSerially (119 bytes)

Stack: [0x000000cc1dc00000,0x000000cc1dd00000]
Native frames: (J=compiled Java code, j=interpreted, Vv=VM code, C=native code)
V  [jvm.dll+0x6d6c99]
V  [jvm.dll+0x866b83]
V  [jvm.dll+0x86919e]
V  [jvm.dll+0x869883]
V  [jvm.dll+0x280776]
V  [jvm.dll+0xc07cd]
V  [jvm.dll+0xc0d03]
V  [jvm.dll+0x3b986b]
V  [jvm.dll+0x1dfcb2]
V  [jvm.dll+0x2495b4]
V  [jvm.dll+0x248a31]
V  [jvm.dll+0x1c7344]
V  [jvm.dll+0x2581ae]
V  [jvm.dll+0x2566f6]
V  [jvm.dll+0x3f48a6]
V  [jvm.dll+0x80f118]
V  [jvm.dll+0x6d54ed]
C  [ucrtbase.dll+0x14ea0]
C  [KERNEL32.DLL+0x2e8d7]
C  [ntdll.dll+0xdfbcc]


---------------  P R O C E S S  ---------------

Threads class SMR info:
_java_thread_list=0x0000027cca885bb0, length=142, elements={
0x0000027ca144b1e0, 0x0000027cbd069e10, 0x0000027cbd06aef0, 0x0000027cbd092180,
0x0000027cbd0b15c0, 0x0000027cbd0ba0f0, 0x0000027cbd0bab50, 0x0000027cbd0bbdd0,
0x0000027cbd0bcc90, 0x0000027cbd0bd730, 0x0000027cbd360630, 0x0000027cbf0ad5b0,
0x0000027cbeab06a0, 0x0000027cbf98e8c0, 0x0000027cbf1140a0, 0x0000027cbe442460,
0x0000027cbf19b1a0, 0x0000027cbf1990d0, 0x0000027cbf1983b0, 0x0000027cc18d32f0,
0x0000027cc18d25d0, 0x0000027cc18d3980, 0x0000027cc18d1f40, 0x0000027cc18d0500,
0x0000027cc18d6e00, 0x0000027cc329f120, 0x0000027cc32a11f0, 0x0000027cc2ae0d60,
0x0000027cc2ae3b50, 0x0000027cc2ae06d0, 0x0000027cbe62e180, 0x0000027cc01d6060,
0x0000027cc05b7820, 0x0000027cca556bb0, 0x0000027cca557240, 0x0000027cca555e90,
0x0000027cca55a6c0, 0x0000027cca55ad50, 0x0000027cca55b3e0, 0x0000027cca557f60,
0x0000027cca555800, 0x0000027cca5585f0, 0x0000027cca556520, 0x0000027cca5599a0,
0x0000027cca558c80, 0x0000027cca55db40, 0x0000027cca55c790, 0x0000027cca55ba70,
0x0000027cca55e1d0, 0x0000027cca55ce20, 0x0000027cca55f580, 0x0000027cca561650,
0x0000027cca561ce0, 0x0000027cca55eef0, 0x0000027cca55e860, 0x0000027cca563720,
0x0000027ccb680250, 0x0000027cca562370, 0x0000027cca563db0, 0x0000027cca562a00,
0x0000027cca563090, 0x0000027cca564440, 0x0000027cca564ad0, 0x0000027cc36bc2a0,
0x0000027cc36bc930, 0x0000027cc36b9b40, 0x0000027cc36b94b0, 0x0000027cc36bcfc0,
0x0000027cc36bd650, 0x0000027cc36ba860, 0x0000027cc36bb580, 0x0000027cc36be370,
0x0000027cc36baef0, 0x0000027cc36bea00, 0x0000027cc36bf090, 0x0000027cc36bbc10,
0x0000027cc36c0440, 0x0000027cc36c0ad0, 0x0000027cc36bf720, 0x0000027cc36bfdb0,
0x0000027cc01d2550, 0x0000027cc01d2be0, 0x0000027cc01d5340, 0x0000027cc01d66f0,
0x0000027cc01d3f90, 0x0000027cc01d3270, 0x0000027cc01d6d80, 0x0000027cc01d3900,
0x0000027cc01d7aa0, 0x0000027cc01d7410, 0x0000027cc01d4620, 0x0000027cc01d8130,
0x0000027cc01d4cb0, 0x0000027cc01d87c0, 0x0000027cc01d94e0, 0x0000027cbe627880,
0x0000027cbe628c30, 0x0000027cbe629fe0, 0x0000027cbe6292c0, 0x0000027cbe6271f0,
0x0000027cbe626b60, 0x0000027cbe62ad00, 0x0000027cbe62b390, 0x0000027cbe627f10,
0x0000027cbe629950, 0x0000027cbe62ba20, 0x0000027cbe6285a0, 0x0000027cbe62c740,
0x0000027cbe62daf0, 0x0000027cbe62cdd0, 0x0000027cc2029180, 0x0000027cc202a530,
0x0000027cc202b250, 0x0000027cc2029810, 0x0000027cc202abc0, 0x0000027cc2029ea0,
0x0000027cc202bf70, 0x0000027cc202b8e0, 0x0000027cc2028af0, 0x0000027cc202ed60,
0x0000027cc202f3f0, 0x0000027cc202c600, 0x0000027cc2030110, 0x0000027cc202d320,
0x0000027cc202cc90, 0x0000027cc2ae27a0, 0x0000027cc2ae2e30, 0x0000027cc2ae34c0,
0x0000027cc2ae0040, 0x0000027cc2ae41e0, 0x0000027cc2ae4870, 0x0000027cc2ae1a80,
0x0000027cc2ae13f0, 0x0000027cc2ae5590, 0x0000027cc2ae4f00, 0x0000027cc2ae2110,
0x0000027cc2ae7660, 0x0000027cc2ae62b0, 0x0000027cc2ae5c20, 0x0000027cc18cfe70,
0x0000027cc18d1220, 0x0000027cc18d2c60
}

Java Threads: ( => current thread )
  0x0000027ca144b1e0 JavaThread "main"                              [_thread_blocked, id=9880, stack(0x000000cc1cd00000,0x000000cc1ce00000) (1024K)]
  0x0000027cbd069e10 JavaThread "Common-Cleaner"             daemon [_thread_blocked, id=3772, stack(0x000000cc1d500000,0x000000cc1d600000) (1024K)]
  0x0000027cbd06aef0 JavaThread "Reference Handler"          daemon [_thread_blocked, id=14328, stack(0x000000cc1d600000,0x000000cc1d700000) (1024K)]
  0x0000027cbd092180 JavaThread "Finalizer"                  daemon [_thread_blocked, id=20308, stack(0x000000cc1d700000,0x000000cc1d800000) (1024K)]
  0x0000027cbd0b15c0 JavaThread "Signal Dispatcher"          daemon [_thread_blocked, id=18348, stack(0x000000cc1d800000,0x000000cc1d900000) (1024K)]
  0x0000027cbd0ba0f0 JavaThread "Attach Listener"            daemon [_thread_blocked, id=18696, stack(0x000000cc1d900000,0x000000cc1da00000) (1024K)]
  0x0000027cbd0bab50 JavaThread "Service Thread"             daemon [_thread_blocked, id=23748, stack(0x000000cc1da00000,0x000000cc1db00000) (1024K)]
  0x0000027cbd0bbdd0 JavaThread "Monitor Deflation Thread"   daemon [_thread_blocked, id=18856, stack(0x000000cc1db00000,0x000000cc1dc00000) (1024K)]
=>0x0000027cbd0bcc90 JavaThread "C2 CompilerThread0"         daemon [_thread_in_native, id=16204, stack(0x000000cc1dc00000,0x000000cc1dd00000) (1024K)]
  0x0000027cbd0bd730 JavaThread "C1 CompilerThread0"         daemon [_thread_blocked, id=12504, stack(0x000000cc1dd00000,0x000000cc1de00000) (1024K)]
  0x0000027cbd360630 JavaThread "Notification Thread"        daemon [_thread_blocked, id=10432, stack(0x000000cc1de00000,0x000000cc1df00000) (1024K)]
  0x0000027cbf0ad5b0 JavaThread "Daemon health stats"               [_thread_blocked, id=10380, stack(0x000000cc1e200000,0x000000cc1e300000) (1024K)]
  0x0000027cbeab06a0 JavaThread "Incoming local TCP Connector on port 58990"        [_thread_in_native, id=10852, stack(0x000000cc1e500000,0x000000cc1e600000) (1024K)]
  0x0000027cbf98e8c0 JavaThread "Daemon periodic checks"            [_thread_blocked, id=20224, stack(0x000000cc1e600000,0x000000cc1e700000) (1024K)]
  0x0000027cbf1140a0 JavaThread "Daemon"                            [_thread_blocked, id=23784, stack(0x000000cc1e700000,0x000000cc1e800000) (1024K)]
  0x0000027cbe442460 JavaThread "Daemon worker"                     [_thread_blocked, id=372, stack(0x000000cc1ea00000,0x000000cc1eb00000) (1024K)]
  0x0000027cbf19b1a0 JavaThread "Cache worker for journal cache (C:\Users\Albaheth\.gradle\caches\journal-1)"        [_thread_blocked, id=4756, stack(0x000000cc1f200000,0x000000cc1f300000) (1024K)]
  0x0000027cbf1990d0 JavaThread "File lock request listener"        [_thread_in_native, id=13712, stack(0x000000cc1f300000,0x000000cc1f400000) (1024K)]
  0x0000027cbf1983b0 JavaThread "Cache worker for file hash cache (C:\Users\Albaheth\.gradle\caches\9.1.0\fileHashes)"        [_thread_blocked, id=22432, stack(0x000000cc1f400000,0x000000cc1f500000) (1024K)]
  0x0000027cc18d32f0 JavaThread "File watcher server"        daemon [_thread_in_native, id=18036, stack(0x000000cc1f700000,0x000000cc1f800000) (1024K)]
  0x0000027cc18d25d0 JavaThread "File watcher consumer"      daemon [_thread_blocked, id=21392, stack(0x000000cc1f800000,0x000000cc1f900000) (1024K)]
  0x0000027cc18d3980 JavaThread "Cache worker for file content cache (C:\Users\Albaheth\.gradle\caches\9.1.0\fileContent)"        [_thread_blocked, id=24564, stack(0x000000cc1fa00000,0x000000cc1fb00000) (1024K)]
  0x0000027cc18d1f40 JavaThread "jar transforms"                    [_thread_blocked, id=19304, stack(0x000000cc1fd00000,0x000000cc1fe00000) (1024K)]
  0x0000027cc18d0500 JavaThread "jar transforms Thread 2"           [_thread_blocked, id=5124, stack(0x000000cc1fe00000,0x000000cc1ff00000) (1024K)]
  0x0000027cc18d6e00 JavaThread "jar transforms Thread 3"           [_thread_blocked, id=25052, stack(0x000000cc1ff00000,0x000000cc20000000) (1024K)]
  0x0000027cc329f120 JavaThread "jar transforms Thread 4"           [_thread_blocked, id=15672, stack(0x000000cc20e00000,0x000000cc20f00000) (1024K)]
  0x0000027cc32a11f0 JavaThread "jar transforms Thread 5"           [_thread_blocked, id=10596, stack(0x000000cc20f00000,0x000000cc21000000) (1024K)]
  0x0000027cc2ae0d60 JavaThread "jar transforms Thread 6"           [_thread_blocked, id=25436, stack(0x000000cc21700000,0x000000cc21800000) (1024K)]
  0x0000027cc2ae3b50 JavaThread "jar transforms Thread 7"           [_thread_blocked, id=15320, stack(0x000000cc21800000,0x000000cc21900000) (1024K)]
  0x0000027cc2ae06d0 JavaThread "jar transforms Thread 8"           [_thread_blocked, id=5240, stack(0x000000cc21900000,0x000000cc21a00000) (1024K)]
  0x0000027cbe62e180 JavaThread "Memory manager"                    [_thread_blocked, id=19888, stack(0x000000cc23900000,0x000000cc23a00000) (1024K)]
  0x0000027cc01d6060 JavaThread "included builds"                   [_thread_blocked, id=8028, stack(0x000000cc23b00000,0x000000cc23c00000) (1024K)]
  0x0000027cc05b7820 JavaThread "Cache worker for Java compile cache (C:\Users\Albaheth\.gradle\caches\9.1.0\javaCompile)"        [_thread_blocked, id=23572, stack(0x000000cc1df00000,0x000000cc1e000000) (1024K)]
  0x0000027cca556bb0 JavaThread "ForkJoinPool.commonPool-worker-1" daemon [_thread_blocked, id=22776, stack(0x000000cc27000000,0x000000cc27100000) (1024K)]
  0x0000027cca557240 JavaThread "ForkJoinPool.commonPool-worker-2" daemon [_thread_blocked, id=23048, stack(0x000000cc27100000,0x000000cc27200000) (1024K)]
  0x0000027cca555e90 JavaThread "ForkJoinPool.commonPool-worker-3" daemon [_thread_blocked, id=21312, stack(0x000000cc27200000,0x000000cc27300000) (1024K)]
  0x0000027cca55a6c0 JavaThread "ForkJoinPool.commonPool-worker-4" daemon [_thread_blocked, id=696, stack(0x000000cc27300000,0x000000cc27400000) (1024K)]
  0x0000027cca55ad50 JavaThread "ForkJoinPool.commonPool-worker-5" daemon [_thread_blocked, id=3744, stack(0x000000cc27400000,0x000000cc27500000) (1024K)]
  0x0000027cca55b3e0 JavaThread "ForkJoinPool.commonPool-worker-6" daemon [_thread_blocked, id=23308, stack(0x000000cc27500000,0x000000cc27600000) (1024K)]
  0x0000027cca557f60 JavaThread "ForkJoinPool.commonPool-worker-7" daemon [_thread_blocked, id=19760, stack(0x000000cc27600000,0x000000cc27700000) (1024K)]
  0x0000027cca555800 JavaThread "VFS cleanup"                       [_thread_blocked, id=23792, stack(0x000000cc1ca00000,0x000000cc1cb00000) (1024K)]
  0x0000027cca5585f0 JavaThread "Handler for socket connection from /127.0.0.1:58990 to /127.0.0.1:58997"        [_thread_in_native, id=13756, stack(0x000000cc1cb00000,0x000000cc1cc00000) (1024K)]
  0x0000027cca556520 JavaThread "Cancel handler"                    [_thread_blocked, id=18636, stack(0x000000cc1cc00000,0x000000cc1cd00000) (1024K)]
  0x0000027cca5599a0 JavaThread "Asynchronous log dispatcher for DefaultDaemonConnection: socket connection from /127.0.0.1:58990 to /127.0.0.1:58997"        [_thread_blocked, id=10552, stack(0x000000cc1e800000,0x000000cc1e900000) (1024K)]
  0x0000027cca558c80 JavaThread "Stdin handler"                     [_thread_blocked, id=13532, stack(0x000000cc1e900000,0x000000cc1ea00000) (1024K)]
  0x0000027cca55db40 JavaThread "Daemon client event forwarder"        [_thread_blocked, id=21872, stack(0x000000cc1eb00000,0x000000cc1ec00000) (1024K)]
  0x0000027cca55c790 JavaThread "Cache worker for file hash cache (C:\Users\Albaheth\AndroidStudioProjects\Maktaba\.gradle\9.1.0\fileHashes)"        [_thread_blocked, id=21612, stack(0x000000cc1ec00000,0x000000cc1ed00000) (1024K)]
  0x0000027cca55ba70 JavaThread "Cache worker for Build Output Cleanup Cache (C:\Users\Albaheth\AndroidStudioProjects\Maktaba\.gradle\buildOutputCleanup)"        [_thread_blocked, id=18840, stack(0x000000cc1f000000,0x000000cc1f100000) (1024K)]
  0x0000027cca55e1d0 JavaThread "Cache worker for checksums cache (C:\Users\Albaheth\AndroidStudioProjects\Maktaba\.gradle\9.1.0\checksums)"        [_thread_blocked, id=20152, stack(0x000000cc1f500000,0x000000cc1f600000) (1024K)]
  0x0000027cca55ce20 JavaThread "Cache worker for cache directory md-supplier (C:\Users\Albaheth\.gradle\caches\9.1.0\md-supplier)"        [_thread_blocked, id=18044, stack(0x000000cc1f600000,0x000000cc1f700000) (1024K)]
  0x0000027cca55f580 JavaThread "Cache worker for cache directory md-rule (C:\Users\Albaheth\.gradle\caches\9.1.0\md-rule)"        [_thread_blocked, id=8008, stack(0x000000cc1f900000,0x000000cc1fa00000) (1024K)]
  0x0000027cca561650 JavaThread "Unconstrained build operations"        [_thread_blocked, id=17008, stack(0x000000cc1fb00000,0x000000cc1fc00000) (1024K)]
  0x0000027cca561ce0 JavaThread "Unconstrained build operations Thread 2"        [_thread_blocked, id=11664, stack(0x000000cc1fc00000,0x000000cc1fd00000) (1024K)]
  0x0000027cca55eef0 JavaThread "Unconstrained build operations Thread 3"        [_thread_blocked, id=16864, stack(0x000000cc20000000,0x000000cc20100000) (1024K)]
  0x0000027cca55e860 JavaThread "Unconstrained build operations Thread 4"        [_thread_blocked, id=9792, stack(0x000000cc20100000,0x000000cc20200000) (1024K)]
  0x0000027cca563720 JavaThread "Unconstrained build operations Thread 5"        [_thread_blocked, id=14800, stack(0x000000cc20200000,0x000000cc20300000) (1024K)]
  0x0000027ccb680250 JavaThread "C2 CompilerThread1"         daemon [_thread_in_native, id=24700, stack(0x000000cc20300000,0x000000cc20400000) (1024K)]
  0x0000027cca562370 JavaThread "Unconstrained build operations Thread 6"        [_thread_blocked, id=21120, stack(0x000000cc20400000,0x000000cc20500000) (1024K)]
  0x0000027cca563db0 JavaThread "Unconstrained build operations Thread 7"        [_thread_blocked, id=11704, stack(0x000000cc20500000,0x000000cc20600000) (1024K)]
  0x0000027cca562a00 JavaThread "Unconstrained build operations Thread 8"        [_thread_blocked, id=2368, stack(0x000000cc20600000,0x000000cc20700000) (1024K)]
  0x0000027cca563090 JavaThread "Unconstrained build operations Thread 9"        [_thread_blocked, id=6784, stack(0x000000cc20700000,0x000000cc20800000) (1024K)]
  0x0000027cca564440 JavaThread "Unconstrained build operations Thread 10"        [_thread_blocked, id=22820, stack(0x000000cc20800000,0x000000cc20900000) (1024K)]
  0x0000027cca564ad0 JavaThread "Unconstrained build operations Thread 11"        [_thread_blocked, id=19048, stack(0x000000cc20900000,0x000000cc20a00000) (1024K)]
  0x0000027cc36bc2a0 JavaThread "Unconstrained build operations Thread 12"        [_thread_blocked, id=2532, stack(0x000000cc20a00000,0x000000cc20b00000) (1024K)]
  0x0000027cc36bc930 JavaThread "Unconstrained build operations Thread 13"        [_thread_blocked, id=2300, stack(0x000000cc20b00000,0x000000cc20c00000) (1024K)]
  0x0000027cc36b9b40 JavaThread "Unconstrained build operations Thread 14"        [_thread_blocked, id=21592, stack(0x000000cc20c00000,0x000000cc20d00000) (1024K)]
  0x0000027cc36b94b0 JavaThread "Unconstrained build operations Thread 15"        [_thread_blocked, id=8376, stack(0x000000cc20d00000,0x000000cc20e00000) (1024K)]
  0x0000027cc36bcfc0 JavaThread "Unconstrained build operations Thread 16"        [_thread_blocked, id=12432, stack(0x000000cc21000000,0x000000cc21100000) (1024K)]
  0x0000027cc36bd650 JavaThread "Unconstrained build operations Thread 17"        [_thread_blocked, id=23876, stack(0x000000cc21100000,0x000000cc21200000) (1024K)]
  0x0000027cc36ba860 JavaThread "Unconstrained build operations Thread 18"        [_thread_blocked, id=14104, stack(0x000000cc21200000,0x000000cc21300000) (1024K)]
  0x0000027cc36bb580 JavaThread "Unconstrained build operations Thread 19"        [_thread_blocked, id=5300, stack(0x000000cc21300000,0x000000cc21400000) (1024K)]
  0x0000027cc36be370 JavaThread "Unconstrained build operations Thread 20"        [_thread_blocked, id=14288, stack(0x000000cc21400000,0x000000cc21500000) (1024K)]
  0x0000027cc36baef0 JavaThread "Unconstrained build operations Thread 21"        [_thread_blocked, id=19020, stack(0x000000cc21500000,0x000000cc21600000) (1024K)]
  0x0000027cc36bea00 JavaThread "Unconstrained build operations Thread 22"        [_thread_blocked, id=19196, stack(0x000000cc21600000,0x000000cc21700000) (1024K)]
  0x0000027cc36bf090 JavaThread "Unconstrained build operations Thread 23"        [_thread_blocked, id=14380, stack(0x000000cc21a00000,0x000000cc21b00000) (1024K)]
  0x0000027cc36bbc10 JavaThread "Unconstrained build operations Thread 24"        [_thread_blocked, id=11708, stack(0x000000cc21b00000,0x000000cc21c00000) (1024K)]
  0x0000027cc36c0440 JavaThread "Unconstrained build operations Thread 25"        [_thread_blocked, id=19748, stack(0x000000cc21c00000,0x000000cc21d00000) (1024K)]
  0x0000027cc36c0ad0 JavaThread "Unconstrained build operations Thread 26"        [_thread_blocked, id=2608, stack(0x000000cc21d00000,0x000000cc21e00000) (1024K)]
  0x0000027cc36bf720 JavaThread "Unconstrained build operations Thread 27"        [_thread_blocked, id=20156, stack(0x000000cc21e00000,0x000000cc21f00000) (1024K)]
  0x0000027cc36bfdb0 JavaThread "Unconstrained build operations Thread 28"        [_thread_blocked, id=25208, stack(0x000000cc21f00000,0x000000cc22000000) (1024K)]
  0x0000027cc01d2550 JavaThread "Unconstrained build operations Thread 29"        [_thread_blocked, id=8180, stack(0x000000cc22000000,0x000000cc22100000) (1024K)]
  0x0000027cc01d2be0 JavaThread "Unconstrained build operations Thread 30"        [_thread_blocked, id=2908, stack(0x000000cc22100000,0x000000cc22200000) (1024K)]
  0x0000027cc01d5340 JavaThread "Unconstrained build operations Thread 31"        [_thread_blocked, id=8548, stack(0x000000cc22200000,0x000000cc22300000) (1024K)]
  0x0000027cc01d66f0 JavaThread "Unconstrained build operations Thread 32"        [_thread_blocked, id=18012, stack(0x000000cc22300000,0x000000cc22400000) (1024K)]
  0x0000027cc01d3f90 JavaThread "Unconstrained build operations Thread 33"        [_thread_blocked, id=14492, stack(0x000000cc22400000,0x000000cc22500000) (1024K)]
  0x0000027cc01d3270 JavaThread "Unconstrained build operations Thread 34"        [_thread_blocked, id=3720, stack(0x000000cc22500000,0x000000cc22600000) (1024K)]
  0x0000027cc01d6d80 JavaThread "Unconstrained build operations Thread 35"        [_thread_blocked, id=25156, stack(0x000000cc22600000,0x000000cc22700000) (1024K)]
  0x0000027cc01d3900 JavaThread "Unconstrained build operations Thread 36"        [_thread_blocked, id=17216, stack(0x000000cc22700000,0x000000cc22800000) (1024K)]
  0x0000027cc01d7aa0 JavaThread "build event listener"              [_thread_blocked, id=20780, stack(0x000000cc22800000,0x000000cc22900000) (1024K)]
  0x0000027cc01d7410 JavaThread "build event listener"              [_thread_blocked, id=22532, stack(0x000000cc22900000,0x000000cc22a00000) (1024K)]
  0x0000027cc01d4620 JavaThread "included builds"                   [_thread_blocked, id=25140, stack(0x000000cc22a00000,0x000000cc22b00000) (1024K)]
  0x0000027cc01d8130 JavaThread "Execution worker"                  [_thread_blocked, id=9312, stack(0x000000cc22b00000,0x000000cc22c00000) (1024K)]
  0x0000027cc01d4cb0 JavaThread "Execution worker Thread 2"         [_thread_blocked, id=24936, stack(0x000000cc22c00000,0x000000cc22d00000) (1024K)]
  0x0000027cc01d87c0 JavaThread "Execution worker Thread 3"         [_thread_blocked, id=18512, stack(0x000000cc22d00000,0x000000cc22e00000) (1024K)]
  0x0000027cc01d94e0 JavaThread "Execution worker Thread 4"         [_thread_blocked, id=10452, stack(0x000000cc22e00000,0x000000cc22f00000) (1024K)]
  0x0000027cbe627880 JavaThread "Execution worker Thread 5"         [_thread_blocked, id=17796, stack(0x000000cc22f00000,0x000000cc23000000) (1024K)]
  0x0000027cbe628c30 JavaThread "Execution worker Thread 6"         [_thread_blocked, id=18092, stack(0x000000cc23000000,0x000000cc23100000) (1024K)]
  0x0000027cbe629fe0 JavaThread "Execution worker Thread 7"         [_thread_blocked, id=11900, stack(0x000000cc23100000,0x000000cc23200000) (1024K)]
  0x0000027cbe6292c0 JavaThread "Cache worker for execution history cache (C:\Users\Albaheth\AndroidStudioProjects\Maktaba\.gradle\9.1.0\executionHistory)"        [_thread_blocked, id=5888, stack(0x000000cc23200000,0x000000cc23300000) (1024K)]
  0x0000027cbe6271f0 JavaThread "Unconstrained build operations Thread 37"        [_thread_blocked, id=17404, stack(0x000000cc23300000,0x000000cc23400000) (1024K)]
  0x0000027cbe626b60 JavaThread "Unconstrained build operations Thread 38"        [_thread_blocked, id=7600, stack(0x000000cc23400000,0x000000cc23500000) (1024K)]
  0x0000027cbe62ad00 JavaThread "Unconstrained build operations Thread 39"        [_thread_blocked, id=23788, stack(0x000000cc23500000,0x000000cc23600000) (1024K)]
  0x0000027cbe62b390 JavaThread "Unconstrained build operations Thread 40"        [_thread_blocked, id=16552, stack(0x000000cc23600000,0x000000cc23700000) (1024K)]
  0x0000027cbe627f10 JavaThread "Unconstrained build operations Thread 41"        [_thread_blocked, id=10132, stack(0x000000cc23700000,0x000000cc23800000) (1024K)]
  0x0000027cbe629950 JavaThread "Unconstrained build operations Thread 42"        [_thread_blocked, id=7760, stack(0x000000cc23800000,0x000000cc23900000) (1024K)]
  0x0000027cbe62ba20 JavaThread "Unconstrained build operations Thread 43"        [_thread_blocked, id=19268, stack(0x000000cc23a00000,0x000000cc23b00000) (1024K)]
  0x0000027cbe6285a0 JavaThread "Unconstrained build operations Thread 44"        [_thread_blocked, id=24288, stack(0x000000cc23c00000,0x000000cc23d00000) (1024K)]
  0x0000027cbe62c740 JavaThread "Unconstrained build operations Thread 45"        [_thread_blocked, id=22852, stack(0x000000cc23d00000,0x000000cc23e00000) (1024K)]
  0x0000027cbe62daf0 JavaThread "Unconstrained build operations Thread 46"        [_thread_blocked, id=5224, stack(0x000000cc23e00000,0x000000cc23f00000) (1024K)]
  0x0000027cbe62cdd0 JavaThread "Unconstrained build operations Thread 47"        [_thread_blocked, id=19796, stack(0x000000cc23f00000,0x000000cc24000000) (1024K)]
  0x0000027cc2029180 JavaThread "Unconstrained build operations Thread 48"        [_thread_blocked, id=3512, stack(0x000000cc24000000,0x000000cc24100000) (1024K)]
  0x0000027cc202a530 JavaThread "Unconstrained build operations Thread 49"        [_thread_blocked, id=25116, stack(0x000000cc24100000,0x000000cc24200000) (1024K)]
  0x0000027cc202b250 JavaThread "Unconstrained build operations Thread 50"        [_thread_blocked, id=6136, stack(0x000000cc24200000,0x000000cc24300000) (1024K)]
  0x0000027cc2029810 JavaThread "Unconstrained build operations Thread 51"        [_thread_blocked, id=4812, stack(0x000000cc24300000,0x000000cc24400000) (1024K)]
  0x0000027cc202abc0 JavaThread "Unconstrained build operations Thread 52"        [_thread_blocked, id=16524, stack(0x000000cc24400000,0x000000cc24500000) (1024K)]
  0x0000027cc2029ea0 JavaThread "Unconstrained build operations Thread 53"        [_thread_blocked, id=18628, stack(0x000000cc24500000,0x000000cc24600000) (1024K)]
  0x0000027cc202bf70 JavaThread "Unconstrained build operations Thread 54"        [_thread_blocked, id=5540, stack(0x000000cc24600000,0x000000cc24700000) (1024K)]
  0x0000027cc202b8e0 JavaThread "Unconstrained build operations Thread 55"        [_thread_blocked, id=19468, stack(0x000000cc24700000,0x000000cc24800000) (1024K)]
  0x0000027cc2028af0 JavaThread "Unconstrained build operations Thread 56"        [_thread_blocked, id=24192, stack(0x000000cc24800000,0x000000cc24900000) (1024K)]
  0x0000027cc202ed60 JavaThread "Unconstrained build operations Thread 57"        [_thread_blocked, id=16516, stack(0x000000cc24900000,0x000000cc24a00000) (1024K)]
  0x0000027cc202f3f0 JavaThread "Unconstrained build operations Thread 58"        [_thread_blocked, id=19132, stack(0x000000cc24a00000,0x000000cc24b00000) (1024K)]
  0x0000027cc202c600 JavaThread "Unconstrained build operations Thread 59"        [_thread_blocked, id=20948, stack(0x000000cc24b00000,0x000000cc24c00000) (1024K)]
  0x0000027cc2030110 JavaThread "Unconstrained build operations Thread 60"        [_thread_blocked, id=24596, stack(0x000000cc24c00000,0x000000cc24d00000) (1024K)]
  0x0000027cc202d320 JavaThread "Unconstrained build operations Thread 61"        [_thread_blocked, id=13512, stack(0x000000cc24d00000,0x000000cc24e00000) (1024K)]
  0x0000027cc202cc90 JavaThread "Unconstrained build operations Thread 62"        [_thread_blocked, id=24812, stack(0x000000cc24e00000,0x000000cc24f00000) (1024K)]
  0x0000027cc2ae27a0 JavaThread "Unconstrained build operations Thread 63"        [_thread_blocked, id=1828, stack(0x000000cc24f00000,0x000000cc25000000) (1024K)]
  0x0000027cc2ae2e30 JavaThread "Unconstrained build operations Thread 64"        [_thread_blocked, id=23964, stack(0x000000cc25000000,0x000000cc25100000) (1024K)]
  0x0000027cc2ae34c0 JavaThread "Unconstrained build operations Thread 65"        [_thread_blocked, id=17760, stack(0x000000cc25100000,0x000000cc25200000) (1024K)]
  0x0000027cc2ae0040 JavaThread "Unconstrained build operations Thread 66"        [_thread_blocked, id=15032, stack(0x000000cc25200000,0x000000cc25300000) (1024K)]
  0x0000027cc2ae41e0 JavaThread "Unconstrained build operations Thread 67"        [_thread_blocked, id=25040, stack(0x000000cc25300000,0x000000cc25400000) (1024K)]
  0x0000027cc2ae4870 JavaThread "Unconstrained build operations Thread 68"        [_thread_blocked, id=20776, stack(0x000000cc25400000,0x000000cc25500000) (1024K)]
  0x0000027cc2ae1a80 JavaThread "Unconstrained build operations Thread 69"        [_thread_blocked, id=25464, stack(0x000000cc25500000,0x000000cc25600000) (1024K)]
  0x0000027cc2ae13f0 JavaThread "Unconstrained build operations Thread 70"        [_thread_blocked, id=19336, stack(0x000000cc25600000,0x000000cc25700000) (1024K)]
  0x0000027cc2ae5590 JavaThread "Unconstrained build operations Thread 71"        [_thread_blocked, id=16568, stack(0x000000cc25700000,0x000000cc25800000) (1024K)]
  0x0000027cc2ae4f00 JavaThread "Unconstrained build operations Thread 72"        [_thread_blocked, id=11980, stack(0x000000cc25800000,0x000000cc25900000) (1024K)]
  0x0000027cc2ae2110 JavaThread "Unconstrained build operations Thread 73"        [_thread_blocked, id=23084, stack(0x000000cc25900000,0x000000cc25a00000) (1024K)]
  0x0000027cc2ae7660 JavaThread "Unconstrained build operations Thread 74"        [_thread_blocked, id=8296, stack(0x000000cc25a00000,0x000000cc25b00000) (1024K)]
  0x0000027cc2ae62b0 JavaThread "Unconstrained build operations Thread 75"        [_thread_blocked, id=9384, stack(0x000000cc25b00000,0x000000cc25c00000) (1024K)]
  0x0000027cc2ae5c20 JavaThread "Unconstrained build operations Thread 76"        [_thread_blocked, id=6720, stack(0x000000cc25c00000,0x000000cc25d00000) (1024K)]
  0x0000027cc18cfe70 JavaThread "Unconstrained build operations Thread 77"        [_thread_blocked, id=15892, stack(0x000000cc25d00000,0x000000cc25e00000) (1024K)]
  0x0000027cc18d1220 JavaThread "Unconstrained build operations Thread 78"        [_thread_blocked, id=18764, stack(0x000000cc25e00000,0x000000cc25f00000) (1024K)]
  0x0000027cc18d2c60 JavaThread "WorkerExecutor Queue"              [_thread_in_Java, id=25192, stack(0x000000cc25f00000,0x000000cc26000000) (1024K)]
Total: 142

Other Threads:
  0x0000027cb86dc8e0 VMThread "VM Thread"                           [id=3120, stack(0x000000cc1d400000,0x000000cc1d500000) (1024K)]
  0x0000027cb86c9060 WatcherThread "VM Periodic Task Thread"        [id=9352, stack(0x000000cc1d300000,0x000000cc1d400000) (1024K)]
  0x0000027ca14a3040 WorkerThread "GC Thread#0"                     [id=25200, stack(0x000000cc1ce00000,0x000000cc1cf00000) (1024K)]
  0x0000027cb86dba60 WorkerThread "GC Thread#1"                     [id=15844, stack(0x000000cc1e000000,0x000000cc1e100000) (1024K)]
  0x0000027cb86dc540 WorkerThread "GC Thread#2"                     [id=19480, stack(0x000000cc1e100000,0x000000cc1e200000) (1024K)]
  0x0000027cb86dbe00 WorkerThread "GC Thread#3"                     [id=19364, stack(0x000000cc1e300000,0x000000cc1e400000) (1024K)]
  0x0000027cb86dc1a0 WorkerThread "GC Thread#4"                     [id=24112, stack(0x000000cc1e400000,0x000000cc1e500000) (1024K)]
  0x0000027cbe0b9d50 WorkerThread "GC Thread#5"                     [id=14584, stack(0x000000cc1ed00000,0x000000cc1ee00000) (1024K)]
  0x0000027cbe0bba50 WorkerThread "GC Thread#6"                     [id=21148, stack(0x000000cc1ee00000,0x000000cc1ef00000) (1024K)]
  0x0000027cbe0bc8d0 WorkerThread "GC Thread#7"                     [id=21356, stack(0x000000cc1ef00000,0x000000cc1f000000) (1024K)]
  0x0000027ca14b3f30 ConcurrentGCThread "G1 Main Marker"            [id=15936, stack(0x000000cc1cf00000,0x000000cc1d000000) (1024K)]
  0x0000027ca14b5780 WorkerThread "G1 Conc#0"                       [id=24356, stack(0x000000cc1d000000,0x000000cc1d100000) (1024K)]
  0x0000027cbe0bd750 WorkerThread "G1 Conc#1"                       [id=21704, stack(0x000000cc1f100000,0x000000cc1f200000) (1024K)]
  0x0000027ca150e750 ConcurrentGCThread "G1 Refine#0"               [id=15588, stack(0x000000cc1d100000,0x000000cc1d200000) (1024K)]
  0x0000027cb859f290 ConcurrentGCThread "G1 Service"                [id=5268, stack(0x000000cc1d200000,0x000000cc1d300000) (1024K)]
Total: 15

Threads with active compile tasks:
C2 CompilerThread0  75181 26249       4       org.gradle.api.internal.artifacts.ivyservice.resolveengine.graph.builder.DependencyGraphBuilder::performSelectionSerially (119 bytes)
C2 CompilerThread1  75181 26535       4       java.math.BigInteger::montReduce (99 bytes)
Total: 2

VM state: not at safepoint (normal execution)

VM Mutex/Monitor currently owned by a thread: None

Heap address: 0x0000000080000000, size: 2048 MB, Compressed Oops mode: 32-bit

CDS archive(s) not mapped
Compressed class space mapped at: 0x0000000100000000-0x0000000140000000, reserved size: 1073741824
Narrow klass base: 0x0000000000000000, Narrow klass shift: 3, Narrow klass range: 0x140000000

GC Precious Log:
 CardTable entry size: 512
 Card Set container configuration: InlinePtr #cards 5 size 8 Array Of Cards #cards 12 size 40 Howl #buckets 4 coarsen threshold 1843 Howl Bitmap #cards 512 size 80 coarsen threshold 460 Card regions per heap region 1 cards per card region 2048
 CPUs: 8 total, 8 available
 Memory: 7970M
 Large Page Support: Disabled
 NUMA Support: Disabled
 Compressed Oops: Enabled (32-bit)
 Heap Region Size: 1M
 Heap Min Capacity: 8M
 Heap Initial Capacity: 126M
 Heap Max Capacity: 2G
 Pre-touch: Disabled
 Parallel Workers: 8
 Concurrent Workers: 2
 Concurrent Refinement Workers: 8
 Periodic GC: Disabled

Heap:
 garbage-first heap   total 555008K, used 286048K [0x0000000080000000, 0x0000000100000000)
  region size 1024K, 54 young (55296K), 38 survivors (38912K)
 Metaspace       used 171485K, committed 173952K, reserved 1245184K
  class space    used 24215K, committed 25408K, reserved 1048576K

Heap Regions: E=young(eden), S=young(survivor), O=old, HS=humongous(starts), HC=humongous(continues), CS=collection set, F=free, TAMS=top-at-mark-start, PB=parsable bottom
|   0|0x0000000080000000, 0x0000000080100000, 0x0000000080100000|100%|HS|  |TAMS 0x0000000080100000| PB 0x0000000080000000| Complete 
|   1|0x0000000080100000, 0x0000000080200000, 0x0000000080200000|100%|HC|  |TAMS 0x0000000080200000| PB 0x0000000080100000| Complete 
|   2|0x0000000080200000, 0x0000000080300000, 0x0000000080300000|100%|HC|  |TAMS 0x0000000080300000| PB 0x0000000080200000| Complete 
|   3|0x0000000080300000, 0x0000000080400000, 0x0000000080400000|100%| O|  |TAMS 0x0000000080400000| PB 0x0000000080300000| Untracked 
|   4|0x0000000080400000, 0x0000000080500000, 0x0000000080500000|100%| O|  |TAMS 0x0000000080500000| PB 0x0000000080400000| Untracked 
|   5|0x0000000080500000, 0x0000000080600000, 0x0000000080600000|100%|HS|  |TAMS 0x0000000080600000| PB 0x0000000080500000| Complete 
|   6|0x0000000080600000, 0x0000000080700000, 0x0000000080700000|100%| O|  |TAMS 0x0000000080700000| PB 0x0000000080600000| Untracked 
|   7|0x0000000080700000, 0x0000000080800000, 0x0000000080800000|100%| O|  |TAMS 0x0000000080800000| PB 0x0000000080700000| Untracked 
|   8|0x0000000080800000, 0x0000000080900000, 0x0000000080900000|100%| O|  |TAMS 0x0000000080900000| PB 0x0000000080800000| Untracked 
|   9|0x0000000080900000, 0x0000000080a00000, 0x0000000080a00000|100%| O|  |TAMS 0x0000000080a00000| PB 0x0000000080900000| Untracked 
|  10|0x0000000080a00000, 0x0000000080b00000, 0x0000000080b00000|100%| O|  |TAMS 0x0000000080b00000| PB 0x0000000080a00000| Untracked 
|  11|0x0000000080b00000, 0x0000000080c00000, 0x0000000080c00000|100%| O|  |TAMS 0x0000000080c00000| PB 0x0000000080b00000| Untracked 
|  12|0x0000000080c00000, 0x0000000080d00000, 0x0000000080d00000|100%| O|  |TAMS 0x0000000080d00000| PB 0x0000000080c00000| Untracked 
|  13|0x0000000080d00000, 0x0000000080e00000, 0x0000000080e00000|100%| O|  |TAMS 0x0000000080e00000| PB 0x0000000080d00000| Untracked 
|  14|0x0000000080e00000, 0x0000000080f00000, 0x0000000080f00000|100%| O|  |TAMS 0x0000000080f00000| PB 0x0000000080e00000| Untracked 
|  15|0x0000000080f00000, 0x0000000081000000, 0x0000000081000000|100%| O|  |TAMS 0x0000000081000000| PB 0x0000000080f00000| Untracked 
|  16|0x0000000081000000, 0x0000000081100000, 0x0000000081100000|100%| O|  |TAMS 0x0000000081100000| PB 0x0000000081000000| Untracked 
|  17|0x0000000081100000, 0x0000000081200000, 0x0000000081200000|100%| O|  |TAMS 0x0000000081200000| PB 0x0000000081100000| Updating 
|  18|0x0000000081200000, 0x0000000081300000, 0x0000000081300000|100%| O|  |TAMS 0x0000000081300000| PB 0x0000000081200000| Untracked 
|  19|0x0000000081300000, 0x0000000081400000, 0x0000000081400000|100%| O|  |TAMS 0x0000000081400000| PB 0x0000000081300000| Updating 
|  20|0x0000000081400000, 0x0000000081500000, 0x0000000081500000|100%| O|  |TAMS 0x0000000081500000| PB 0x0000000081400000| Untracked 
|  21|0x0000000081500000, 0x0000000081600000, 0x0000000081600000|100%| O|  |TAMS 0x0000000081600000| PB 0x0000000081500000| Untracked 
|  22|0x0000000081600000, 0x0000000081700000, 0x0000000081700000|100%| O|  |TAMS 0x0000000081700000| PB 0x0000000081600000| Untracked 
|  23|0x0000000081700000, 0x0000000081800000, 0x0000000081800000|100%| O|  |TAMS 0x0000000081800000| PB 0x0000000081700000| Updating 
|  24|0x0000000081800000, 0x0000000081900000, 0x0000000081900000|100%| O|  |TAMS 0x0000000081900000| PB 0x0000000081800000| Untracked 
|  25|0x0000000081900000, 0x0000000081a00000, 0x0000000081a00000|100%| O|  |TAMS 0x0000000081a00000| PB 0x0000000081900000| Untracked 
|  26|0x0000000081a00000, 0x0000000081b00000, 0x0000000081b00000|100%|HS|  |TAMS 0x0000000081b00000| PB 0x0000000081a00000| Complete 
|  27|0x0000000081b00000, 0x0000000081c00000, 0x0000000081c00000|100%|HC|  |TAMS 0x0000000081c00000| PB 0x0000000081b00000| Complete 
|  28|0x0000000081c00000, 0x0000000081d00000, 0x0000000081d00000|100%| O|  |TAMS 0x0000000081d00000| PB 0x0000000081c00000| Untracked 
|  29|0x0000000081d00000, 0x0000000081e00000, 0x0000000081e00000|100%|HS|  |TAMS 0x0000000081e00000| PB 0x0000000081d00000| Complete 
|  30|0x0000000081e00000, 0x0000000081f00000, 0x0000000081f00000|100%| O|  |TAMS 0x0000000081f00000| PB 0x0000000081e00000| Untracked 
|  31|0x0000000081f00000, 0x0000000082000000, 0x0000000082000000|100%| O|  |TAMS 0x0000000082000000| PB 0x0000000081f00000| Untracked 
|  32|0x0000000082000000, 0x0000000082100000, 0x0000000082100000|100%| O|  |TAMS 0x0000000082100000| PB 0x0000000082000000| Untracked 
|  33|0x0000000082100000, 0x0000000082200000, 0x0000000082200000|100%| O|  |TAMS 0x0000000082200000| PB 0x0000000082100000| Untracked 
|  34|0x0000000082200000, 0x0000000082300000, 0x0000000082300000|100%| O|  |TAMS 0x0000000082300000| PB 0x0000000082200000| Updating 
|  35|0x0000000082300000, 0x0000000082400000, 0x0000000082400000|100%| O|  |TAMS 0x0000000082400000| PB 0x0000000082300000| Untracked 
|  36|0x0000000082400000, 0x0000000082500000, 0x0000000082500000|100%| O|  |TAMS 0x0000000082500000| PB 0x0000000082400000| Updating 
|  37|0x0000000082500000, 0x0000000082600000, 0x0000000082600000|100%| O|  |TAMS 0x0000000082600000| PB 0x0000000082500000| Updating 
|  38|0x0000000082600000, 0x0000000082700000, 0x0000000082700000|100%| O|  |TAMS 0x0000000082700000| PB 0x0000000082600000| Updating 
|  39|0x0000000082700000, 0x0000000082800000, 0x0000000082800000|100%| O|  |TAMS 0x0000000082800000| PB 0x0000000082700000| Updating 
|  40|0x0000000082800000, 0x0000000082900000, 0x0000000082900000|100%| O|  |TAMS 0x0000000082900000| PB 0x0000000082800000| Untracked 
|  41|0x0000000082900000, 0x0000000082a00000, 0x0000000082a00000|100%| O|  |TAMS 0x0000000082a00000| PB 0x0000000082900000| Untracked 
|  42|0x0000000082a00000, 0x0000000082b00000, 0x0000000082b00000|100%| O|  |TAMS 0x0000000082b00000| PB 0x0000000082a00000| Updating 
|  43|0x0000000082b00000, 0x0000000082c00000, 0x0000000082c00000|100%| O|  |TAMS 0x0000000082c00000| PB 0x0000000082b00000| Updating 
|  44|0x0000000082c00000, 0x0000000082d00000, 0x0000000082d00000|100%| O|  |TAMS 0x0000000082d00000| PB 0x0000000082c00000| Untracked 
|  45|0x0000000082d00000, 0x0000000082e00000, 0x0000000082e00000|100%|HS|  |TAMS 0x0000000082e00000| PB 0x0000000082d00000| Complete 
|  46|0x0000000082e00000, 0x0000000082f00000, 0x0000000082f00000|100%| O|  |TAMS 0x0000000082f00000| PB 0x0000000082e00000| Untracked 
|  47|0x0000000082f00000, 0x0000000083000000, 0x0000000083000000|100%| O|  |TAMS 0x0000000083000000| PB 0x0000000082f00000| Updating 
|  48|0x0000000083000000, 0x0000000083100000, 0x0000000083100000|100%| O|  |TAMS 0x0000000083100000| PB 0x0000000083000000| Updating 
|  49|0x0000000083100000, 0x0000000083200000, 0x0000000083200000|100%| O|  |TAMS 0x0000000083200000| PB 0x0000000083100000| Updating 
|  50|0x0000000083200000, 0x0000000083300000, 0x0000000083300000|100%| O|  |TAMS 0x0000000083300000| PB 0x0000000083200000| Untracked 
|  51|0x0000000083300000, 0x0000000083400000, 0x0000000083400000|100%|HS|  |TAMS 0x0000000083400000| PB 0x0000000083300000| Complete 
|  52|0x0000000083400000, 0x0000000083500000, 0x0000000083500000|100%|HC|  |TAMS 0x0000000083500000| PB 0x0000000083400000| Complete 
|  53|0x0000000083500000, 0x0000000083600000, 0x0000000083600000|100%|HS|  |TAMS 0x0000000083600000| PB 0x0000000083500000| Complete 
|  54|0x0000000083600000, 0x0000000083700000, 0x0000000083700000|100%|HS|  |TAMS 0x0000000083700000| PB 0x0000000083600000| Complete 
|  55|0x0000000083700000, 0x0000000083800000, 0x0000000083800000|100%| O|  |TAMS 0x0000000083800000| PB 0x0000000083700000| Untracked 
|  56|0x0000000083800000, 0x0000000083900000, 0x0000000083900000|100%|HS|  |TAMS 0x0000000083900000| PB 0x0000000083800000| Complete 
|  57|0x0000000083900000, 0x0000000083a00000, 0x0000000083a00000|100%|HS|  |TAMS 0x0000000083a00000| PB 0x0000000083900000| Complete 
|  58|0x0000000083a00000, 0x0000000083b00000, 0x0000000083b00000|100%| O|  |TAMS 0x0000000083b00000| PB 0x0000000083a00000| Untracked 
|  59|0x0000000083b00000, 0x0000000083c00000, 0x0000000083c00000|100%| O|  |TAMS 0x0000000083c00000| PB 0x0000000083b00000| Untracked 
|  60|0x0000000083c00000, 0x0000000083d00000, 0x0000000083d00000|100%| O|  |TAMS 0x0000000083d00000| PB 0x0000000083c00000| Untracked 
|  61|0x0000000083d00000, 0x0000000083e00000, 0x0000000083e00000|100%|HS|  |TAMS 0x0000000083e00000| PB 0x0000000083d00000| Complete 
|  62|0x0000000083e00000, 0x0000000083f00000, 0x0000000083f00000|100%| O|  |TAMS 0x0000000083f00000| PB 0x0000000083e00000| Untracked 
|  63|0x0000000083f00000, 0x0000000084000000, 0x0000000084000000|100%| O|  |TAMS 0x0000000084000000| PB 0x0000000083f00000| Untracked 
|  64|0x0000000084000000, 0x0000000084100000, 0x0000000084100000|100%| O|  |TAMS 0x0000000084100000| PB 0x0000000084000000| Untracked 
|  65|0x0000000084100000, 0x0000000084200000, 0x0000000084200000|100%| O|  |TAMS 0x0000000084200000| PB 0x0000000084100000| Untracked 
|  66|0x0000000084200000, 0x0000000084300000, 0x0000000084300000|100%|HS|  |TAMS 0x0000000084300000| PB 0x0000000084200000| Complete 
|  67|0x0000000084300000, 0x0000000084400000, 0x0000000084400000|100%|HC|  |TAMS 0x0000000084400000| PB 0x0000000084300000| Complete 
|  68|0x0000000084400000, 0x0000000084500000, 0x0000000084500000|100%| O|  |TAMS 0x0000000084500000| PB 0x0000000084400000| Untracked 
|  69|0x0000000084500000, 0x0000000084600000, 0x0000000084600000|100%| O|  |TAMS 0x0000000084600000| PB 0x0000000084500000| Untracked 
|  70|0x0000000084600000, 0x0000000084700000, 0x0000000084700000|100%| O|  |TAMS 0x0000000084700000| PB 0x0000000084600000| Updating 
|  71|0x0000000084700000, 0x0000000084800000, 0x0000000084800000|100%| O|  |TAMS 0x0000000084800000| PB 0x0000000084700000| Untracked 
|  72|0x0000000084800000, 0x0000000084900000, 0x0000000084900000|100%| O|  |TAMS 0x0000000084900000| PB 0x0000000084800000| Untracked 
|  73|0x0000000084900000, 0x0000000084a00000, 0x0000000084a00000|100%| O|  |TAMS 0x0000000084a00000| PB 0x0000000084900000| Untracked 
|  74|0x0000000084a00000, 0x0000000084b00000, 0x0000000084b00000|100%| O|  |TAMS 0x0000000084b00000| PB 0x0000000084a00000| Untracked 
|  75|0x0000000084b00000, 0x0000000084c00000, 0x0000000084c00000|100%| O|  |TAMS 0x0000000084c00000| PB 0x0000000084b00000| Untracked 
|  76|0x0000000084c00000, 0x0000000084d00000, 0x0000000084d00000|100%| O|  |TAMS 0x0000000084d00000| PB 0x0000000084c00000| Untracked 
|  77|0x0000000084d00000, 0x0000000084e00000, 0x0000000084e00000|100%| O|  |TAMS 0x0000000084e00000| PB 0x0000000084d00000| Untracked 
|  78|0x0000000084e00000, 0x0000000084f00000, 0x0000000084f00000|100%| O|  |TAMS 0x0000000084f00000| PB 0x0000000084e00000| Untracked 
|  79|0x0000000084f00000, 0x0000000085000000, 0x0000000085000000|100%| O|  |TAMS 0x0000000085000000| PB 0x0000000084f00000| Updating 
|  80|0x0000000085000000, 0x0000000085100000, 0x0000000085100000|100%| O|  |TAMS 0x0000000085100000| PB 0x0000000085000000| Untracked 
|  81|0x0000000085100000, 0x0000000085200000, 0x0000000085200000|100%| O|  |TAMS 0x0000000085200000| PB 0x0000000085100000| Untracked 
|  82|0x0000000085200000, 0x0000000085300000, 0x0000000085300000|100%| O|  |TAMS 0x0000000085300000| PB 0x0000000085200000| Untracked 
|  83|0x0000000085300000, 0x0000000085400000, 0x0000000085400000|100%| O|  |TAMS 0x0000000085400000| PB 0x0000000085300000| Updating 
|  84|0x0000000085400000, 0x0000000085500000, 0x0000000085500000|100%| O|  |TAMS 0x0000000085500000| PB 0x0000000085400000| Untracked 
|  85|0x0000000085500000, 0x0000000085600000, 0x0000000085600000|100%| O|  |TAMS 0x0000000085600000| PB 0x0000000085500000| Untracked 
|  86|0x0000000085600000, 0x0000000085700000, 0x0000000085700000|100%| O|  |TAMS 0x0000000085700000| PB 0x0000000085600000| Updating 
|  87|0x0000000085700000, 0x0000000085800000, 0x0000000085800000|100%| O|  |TAMS 0x0000000085800000| PB 0x0000000085700000| Untracked 
|  88|0x0000000085800000, 0x0000000085900000, 0x0000000085900000|100%| O|  |TAMS 0x0000000085900000| PB 0x0000000085900000| Untracked 
|  89|0x0000000085900000, 0x0000000085a00000, 0x0000000085a00000|100%| O|  |TAMS 0x0000000085a00000| PB 0x0000000085a00000| Untracked 
|  90|0x0000000085a00000, 0x0000000085b00000, 0x0000000085b00000|100%| O|  |TAMS 0x0000000085b00000| PB 0x0000000085b00000| Untracked 
|  91|0x0000000085b00000, 0x0000000085c00000, 0x0000000085c00000|100%| O|  |TAMS 0x0000000085c00000| PB 0x0000000085c00000| Untracked 
|  92|0x0000000085c00000, 0x0000000085d00000, 0x0000000085d00000|100%| O|  |TAMS 0x0000000085d00000| PB 0x0000000085d00000| Untracked 
|  93|0x0000000085d00000, 0x0000000085e00000, 0x0000000085e00000|100%| O|  |TAMS 0x0000000085e00000| PB 0x0000000085e00000| Untracked 
|  94|0x0000000085e00000, 0x0000000085f00000, 0x0000000085f00000|100%| O|  |TAMS 0x0000000085f00000| PB 0x0000000085f00000| Untracked 
|  95|0x0000000085f00000, 0x0000000086000000, 0x0000000086000000|100%| O|  |TAMS 0x0000000086000000| PB 0x0000000086000000| Untracked 
|  96|0x0000000086000000, 0x0000000086100000, 0x0000000086100000|100%| O|  |TAMS 0x0000000086100000| PB 0x0000000086100000| Untracked 
|  97|0x0000000086100000, 0x0000000086200000, 0x0000000086200000|100%| O|  |TAMS 0x0000000086200000| PB 0x0000000086200000| Untracked 
|  98|0x0000000086200000, 0x0000000086300000, 0x0000000086300000|100%| O|  |TAMS 0x0000000086300000| PB 0x0000000086300000| Updating 
|  99|0x0000000086300000, 0x0000000086400000, 0x0000000086400000|100%| O|  |TAMS 0x0000000086400000| PB 0x0000000086400000| Untracked 
| 100|0x0000000086400000, 0x0000000086500000, 0x0000000086500000|100%| O|  |TAMS 0x0000000086500000| PB 0x0000000086500000| Untracked 
| 101|0x0000000086500000, 0x0000000086600000, 0x0000000086600000|100%| O|  |TAMS 0x0000000086600000| PB 0x0000000086600000| Untracked 
| 102|0x0000000086600000, 0x0000000086700000, 0x0000000086700000|100%| O|  |TAMS 0x0000000086700000| PB 0x0000000086700000| Untracked 
| 103|0x0000000086700000, 0x0000000086800000, 0x0000000086800000|100%| O|  |TAMS 0x0000000086800000| PB 0x0000000086800000| Untracked 
| 104|0x0000000086800000, 0x0000000086900000, 0x0000000086900000|100%| O|  |TAMS 0x0000000086900000| PB 0x0000000086900000| Untracked 
| 105|0x0000000086900000, 0x0000000086a00000, 0x0000000086a00000|100%| O|  |TAMS 0x0000000086a00000| PB 0x0000000086a00000| Untracked 
| 106|0x0000000086a00000, 0x0000000086b00000, 0x0000000086b00000|100%| O|  |TAMS 0x0000000086b00000| PB 0x0000000086b00000| Untracked 
| 107|0x0000000086b00000, 0x0000000086c00000, 0x0000000086c00000|100%| O|  |TAMS 0x0000000086c00000| PB 0x0000000086c00000| Untracked 
| 108|0x0000000086c00000, 0x0000000086d00000, 0x0000000086d00000|100%| O|  |TAMS 0x0000000086d00000| PB 0x0000000086d00000| Untracked 
| 109|0x0000000086d00000, 0x0000000086e00000, 0x0000000086e00000|100%| O|  |TAMS 0x0000000086e00000| PB 0x0000000086e00000| Untracked 
| 110|0x0000000086e00000, 0x0000000086f00000, 0x0000000086f00000|100%| O|  |TAMS 0x0000000086f00000| PB 0x0000000086f00000| Untracked 
| 111|0x0000000086f00000, 0x0000000087000000, 0x0000000087000000|100%| O|  |TAMS 0x0000000087000000| PB 0x0000000087000000| Untracked 
| 112|0x0000000087000000, 0x0000000087100000, 0x0000000087100000|100%| O|  |TAMS 0x0000000087100000| PB 0x0000000087100000| Untracked 
| 113|0x0000000087100000, 0x0000000087200000, 0x0000000087200000|100%| O|  |TAMS 0x0000000087200000| PB 0x0000000087200000| Updating 
| 114|0x0000000087200000, 0x0000000087300000, 0x0000000087300000|100%| O|  |TAMS 0x0000000087300000| PB 0x0000000087300000| Updating 
| 115|0x0000000087300000, 0x0000000087400000, 0x0000000087400000|100%| O|  |TAMS 0x0000000087400000| PB 0x0000000087400000| Untracked 
| 116|0x0000000087400000, 0x0000000087500000, 0x0000000087500000|100%| O|  |TAMS 0x0000000087500000| PB 0x0000000087500000| Untracked 
| 117|0x0000000087500000, 0x0000000087600000, 0x0000000087600000|100%| O|  |TAMS 0x0000000087600000| PB 0x0000000087600000| Untracked 
| 118|0x0000000087600000, 0x0000000087700000, 0x0000000087700000|100%| O|  |TAMS 0x0000000087700000| PB 0x0000000087700000| Untracked 
| 119|0x0000000087700000, 0x0000000087800000, 0x0000000087800000|100%| O|  |TAMS 0x0000000087800000| PB 0x0000000087800000| Untracked 
| 120|0x0000000087800000, 0x0000000087900000, 0x0000000087900000|100%| O|  |TAMS 0x0000000087900000| PB 0x0000000087900000| Untracked 
| 121|0x0000000087900000, 0x0000000087a00000, 0x0000000087a00000|100%| O|  |TAMS 0x0000000087a00000| PB 0x0000000087a00000| Updating 
| 122|0x0000000087a00000, 0x0000000087b00000, 0x0000000087b00000|100%| O|  |TAMS 0x0000000087b00000| PB 0x0000000087b00000| Untracked 
| 123|0x0000000087b00000, 0x0000000087c00000, 0x0000000087c00000|100%| O|  |TAMS 0x0000000087c00000| PB 0x0000000087c00000| Untracked 
| 124|0x0000000087c00000, 0x0000000087d00000, 0x0000000087d00000|100%| O|  |TAMS 0x0000000087d00000| PB 0x0000000087d00000| Untracked 
| 125|0x0000000087d00000, 0x0000000087e00000, 0x0000000087e00000|100%| O|  |TAMS 0x0000000087e00000| PB 0x0000000087e00000| Untracked 
| 126|0x0000000087e00000, 0x0000000087f00000, 0x0000000087f00000|100%| O|  |TAMS 0x0000000087f00000| PB 0x0000000087f00000| Untracked 
| 127|0x0000000087f00000, 0x0000000088000000, 0x0000000088000000|100%|HS|  |TAMS 0x0000000087f00000| PB 0x0000000087f00000| Complete 
| 128|0x0000000088000000, 0x0000000088100000, 0x0000000088100000|100%| O|  |TAMS 0x0000000088100000| PB 0x0000000088100000| Updating 
| 129|0x0000000088100000, 0x0000000088100000, 0x0000000088200000|  0%| F|  |TAMS 0x0000000088100000| PB 0x0000000088100000| Untracked 
| 130|0x0000000088200000, 0x0000000088200000, 0x0000000088300000|  0%| F|  |TAMS 0x0000000088200000| PB 0x0000000088200000| Untracked 
| 131|0x0000000088300000, 0x0000000088300000, 0x0000000088400000|  0%| F|  |TAMS 0x0000000088300000| PB 0x0000000088300000| Untracked 
| 132|0x0000000088400000, 0x0000000088400000, 0x0000000088500000|  0%| F|  |TAMS 0x0000000088400000| PB 0x0000000088400000| Untracked 
| 133|0x0000000088500000, 0x0000000088600000, 0x0000000088600000|100%| O|  |TAMS 0x0000000088600000| PB 0x0000000088600000| Updating 
| 134|0x0000000088600000, 0x0000000088600000, 0x0000000088700000|  0%| F|  |TAMS 0x0000000088600000| PB 0x0000000088600000| Untracked 
| 135|0x0000000088700000, 0x0000000088700000, 0x0000000088800000|  0%| F|  |TAMS 0x0000000088700000| PB 0x0000000088700000| Untracked 
| 136|0x0000000088800000, 0x0000000088800000, 0x0000000088900000|  0%| F|  |TAMS 0x0000000088800000| PB 0x0000000088800000| Untracked 
| 137|0x0000000088900000, 0x0000000088a00000, 0x0000000088a00000|100%| O|  |TAMS 0x0000000088a00000| PB 0x0000000088a00000| Updating 
| 138|0x0000000088a00000, 0x0000000088a00000, 0x0000000088b00000|  0%| F|  |TAMS 0x0000000088a00000| PB 0x0000000088a00000| Untracked 
| 139|0x0000000088b00000, 0x0000000088c00000, 0x0000000088c00000|100%| O|  |TAMS 0x0000000088c00000| PB 0x0000000088c00000| Updating 
| 140|0x0000000088c00000, 0x0000000088c00000, 0x0000000088d00000|  0%| F|  |TAMS 0x0000000088c00000| PB 0x0000000088c00000| Untracked 
| 141|0x0000000088d00000, 0x0000000088d00000, 0x0000000088e00000|  0%| F|  |TAMS 0x0000000088d00000| PB 0x0000000088d00000| Untracked 
| 142|0x0000000088e00000, 0x0000000088f00000, 0x0000000088f00000|100%| O|  |TAMS 0x0000000088f00000| PB 0x0000000088f00000| Updating 
| 143|0x0000000088f00000, 0x0000000089000000, 0x0000000089000000|100%| O|  |TAMS 0x0000000089000000| PB 0x0000000089000000| Updating 
| 144|0x0000000089000000, 0x0000000089000000, 0x0000000089100000|  0%| F|  |TAMS 0x0000000089000000| PB 0x0000000089000000| Untracked 
| 145|0x0000000089100000, 0x0000000089100000, 0x0000000089200000|  0%| F|  |TAMS 0x0000000089100000| PB 0x0000000089100000| Untracked 
| 146|0x0000000089200000, 0x0000000089200000, 0x0000000089300000|  0%| F|  |TAMS 0x0000000089200000| PB 0x0000000089200000| Untracked 
| 147|0x0000000089300000, 0x0000000089300000, 0x0000000089400000|  0%| F|  |TAMS 0x0000000089300000| PB 0x0000000089300000| Untracked 
| 148|0x0000000089400000, 0x0000000089400000, 0x0000000089500000|  0%| F|  |TAMS 0x0000000089400000| PB 0x0000000089400000| Untracked 
| 149|0x0000000089500000, 0x0000000089500000, 0x0000000089600000|  0%| F|  |TAMS 0x0000000089500000| PB 0x0000000089500000| Untracked 
| 150|0x0000000089600000, 0x0000000089700000, 0x0000000089700000|100%| O|  |TAMS 0x0000000089700000| PB 0x0000000089700000| Updating 
| 151|0x0000000089700000, 0x0000000089800000, 0x0000000089800000|100%| O|  |TAMS 0x0000000089800000| PB 0x0000000089800000| Updating 
| 152|0x0000000089800000, 0x0000000089800000, 0x0000000089900000|  0%| F|  |TAMS 0x0000000089800000| PB 0x0000000089800000| Untracked 
| 153|0x0000000089900000, 0x0000000089900000, 0x0000000089a00000|  0%| F|  |TAMS 0x0000000089900000| PB 0x0000000089900000| Untracked 
| 154|0x0000000089a00000, 0x0000000089a00000, 0x0000000089b00000|  0%| F|  |TAMS 0x0000000089a00000| PB 0x0000000089a00000| Untracked 
| 155|0x0000000089b00000, 0x0000000089c00000, 0x0000000089c00000|100%| O|  |TAMS 0x0000000089c00000| PB 0x0000000089c00000| Updating 
| 156|0x0000000089c00000, 0x0000000089d00000, 0x0000000089d00000|100%| O|  |TAMS 0x0000000089d00000| PB 0x0000000089d00000| Updating 
| 157|0x0000000089d00000, 0x0000000089d00000, 0x0000000089e00000|  0%| F|  |TAMS 0x0000000089d00000| PB 0x0000000089d00000| Untracked 
| 158|0x0000000089e00000, 0x0000000089f00000, 0x0000000089f00000|100%| O|  |TAMS 0x0000000089f00000| PB 0x0000000089f00000| Updating 
| 159|0x0000000089f00000, 0x0000000089f00000, 0x000000008a000000|  0%| F|  |TAMS 0x0000000089f00000| PB 0x0000000089f00000| Untracked 
| 160|0x000000008a000000, 0x000000008a100000, 0x000000008a100000|100%| O|  |TAMS 0x000000008a100000| PB 0x000000008a100000| Updating 
| 161|0x000000008a100000, 0x000000008a200000, 0x000000008a200000|100%| O|  |TAMS 0x000000008a200000| PB 0x000000008a200000| Updating 
| 162|0x000000008a200000, 0x000000008a300000, 0x000000008a300000|100%| O|  |TAMS 0x000000008a300000| PB 0x000000008a300000| Updating 
| 163|0x000000008a300000, 0x000000008a400000, 0x000000008a400000|100%| O|  |TAMS 0x000000008a400000| PB 0x000000008a400000| Untracked 
| 164|0x000000008a400000, 0x000000008a500000, 0x000000008a500000|100%| O|  |TAMS 0x000000008a500000| PB 0x000000008a500000| Untracked 
| 165|0x000000008a500000, 0x000000008a500000, 0x000000008a600000|  0%| F|  |TAMS 0x000000008a500000| PB 0x000000008a500000| Untracked 
| 166|0x000000008a600000, 0x000000008a700000, 0x000000008a700000|100%| O|  |TAMS 0x000000008a700000| PB 0x000000008a700000| Untracked 
| 167|0x000000008a700000, 0x000000008a800000, 0x000000008a800000|100%| O|  |TAMS 0x000000008a800000| PB 0x000000008a800000| Untracked 
| 168|0x000000008a800000, 0x000000008a900000, 0x000000008a900000|100%| O|  |TAMS 0x000000008a900000| PB 0x000000008a900000| Untracked 
| 169|0x000000008a900000, 0x000000008aa00000, 0x000000008aa00000|100%| O|  |TAMS 0x000000008aa00000| PB 0x000000008aa00000| Untracked 
| 170|0x000000008aa00000, 0x000000008aa00000, 0x000000008ab00000|  0%| F|  |TAMS 0x000000008aa00000| PB 0x000000008aa00000| Untracked 
| 171|0x000000008ab00000, 0x000000008ac00000, 0x000000008ac00000|100%| O|  |TAMS 0x000000008ac00000| PB 0x000000008ac00000| Updating 
| 172|0x000000008ac00000, 0x000000008ad00000, 0x000000008ad00000|100%| O|  |TAMS 0x000000008ad00000| PB 0x000000008ad00000| Untracked 
| 173|0x000000008ad00000, 0x000000008ae00000, 0x000000008ae00000|100%| O|  |TAMS 0x000000008ae00000| PB 0x000000008ae00000| Untracked 
| 174|0x000000008ae00000, 0x000000008af00000, 0x000000008af00000|100%| O|  |TAMS 0x000000008af00000| PB 0x000000008af00000| Updating 
| 175|0x000000008af00000, 0x000000008b000000, 0x000000008b000000|100%| O|  |TAMS 0x000000008b000000| PB 0x000000008b000000| Untracked 
| 176|0x000000008b000000, 0x000000008b100000, 0x000000008b100000|100%|HS|  |TAMS 0x000000008b000000| PB 0x000000008b000000| Complete 
| 177|0x000000008b100000, 0x000000008b200000, 0x000000008b200000|100%|HC|  |TAMS 0x000000008b100000| PB 0x000000008b100000| Complete 
| 178|0x000000008b200000, 0x000000008b300000, 0x000000008b300000|100%|HC|  |TAMS 0x000000008b200000| PB 0x000000008b200000| Complete 
| 179|0x000000008b300000, 0x000000008b400000, 0x000000008b400000|100%|HC|  |TAMS 0x000000008b300000| PB 0x000000008b300000| Complete 
| 180|0x000000008b400000, 0x000000008b500000, 0x000000008b500000|100%|HC|  |TAMS 0x000000008b400000| PB 0x000000008b400000| Complete 
| 181|0x000000008b500000, 0x000000008b600000, 0x000000008b600000|100%|HC|  |TAMS 0x000000008b500000| PB 0x000000008b500000| Complete 
| 182|0x000000008b600000, 0x000000008b700000, 0x000000008b700000|100%|HC|  |TAMS 0x000000008b600000| PB 0x000000008b600000| Complete 
| 183|0x000000008b700000, 0x000000008b800000, 0x000000008b800000|100%|HC|  |TAMS 0x000000008b700000| PB 0x000000008b700000| Complete 
| 184|0x000000008b800000, 0x000000008b900000, 0x000000008b900000|100%|HC|  |TAMS 0x000000008b800000| PB 0x000000008b800000| Complete 
| 185|0x000000008b900000, 0x000000008ba00000, 0x000000008ba00000|100%|HC|  |TAMS 0x000000008b900000| PB 0x000000008b900000| Complete 
| 186|0x000000008ba00000, 0x000000008bb00000, 0x000000008bb00000|100%|HC|  |TAMS 0x000000008ba00000| PB 0x000000008ba00000| Complete 
| 187|0x000000008bb00000, 0x000000008bc00000, 0x000000008bc00000|100%|HC|  |TAMS 0x000000008bb00000| PB 0x000000008bb00000| Complete 
| 188|0x000000008bc00000, 0x000000008bd00000, 0x000000008bd00000|100%|HC|  |TAMS 0x000000008bc00000| PB 0x000000008bc00000| Complete 
| 189|0x000000008bd00000, 0x000000008be00000, 0x000000008be00000|100%|HC|  |TAMS 0x000000008bd00000| PB 0x000000008bd00000| Complete 
| 190|0x000000008be00000, 0x000000008bf00000, 0x000000008bf00000|100%|HC|  |TAMS 0x000000008be00000| PB 0x000000008be00000| Complete 
| 191|0x000000008bf00000, 0x000000008c000000, 0x000000008c000000|100%|HC|  |TAMS 0x000000008bf00000| PB 0x000000008bf00000| Complete 
| 192|0x000000008c000000, 0x000000008c100000, 0x000000008c100000|100%|HC|  |TAMS 0x000000008c000000| PB 0x000000008c000000| Complete 
| 193|0x000000008c100000, 0x000000008c200000, 0x000000008c200000|100%|HC|  |TAMS 0x000000008c100000| PB 0x000000008c100000| Complete 
| 194|0x000000008c200000, 0x000000008c300000, 0x000000008c300000|100%|HC|  |TAMS 0x000000008c200000| PB 0x000000008c200000| Complete 
| 195|0x000000008c300000, 0x000000008c400000, 0x000000008c400000|100%|HC|  |TAMS 0x000000008c300000| PB 0x000000008c300000| Complete 
| 196|0x000000008c400000, 0x000000008c500000, 0x000000008c500000|100%|HC|  |TAMS 0x000000008c400000| PB 0x000000008c400000| Complete 
| 197|0x000000008c500000, 0x000000008c600000, 0x000000008c600000|100%|HC|  |TAMS 0x000000008c500000| PB 0x000000008c500000| Complete 
| 198|0x000000008c600000, 0x000000008c700000, 0x000000008c700000|100%|HC|  |TAMS 0x000000008c600000| PB 0x000000008c600000| Complete 
| 199|0x000000008c700000, 0x000000008c800000, 0x000000008c800000|100%|HC|  |TAMS 0x000000008c700000| PB 0x000000008c700000| Complete 
| 200|0x000000008c800000, 0x000000008c900000, 0x000000008c900000|100%|HC|  |TAMS 0x000000008c800000| PB 0x000000008c800000| Complete 
| 201|0x000000008c900000, 0x000000008ca00000, 0x000000008ca00000|100%|HC|  |TAMS 0x000000008c900000| PB 0x000000008c900000| Complete 
| 202|0x000000008ca00000, 0x000000008cb00000, 0x000000008cb00000|100%|HC|  |TAMS 0x000000008ca00000| PB 0x000000008ca00000| Complete 
| 203|0x000000008cb00000, 0x000000008cc00000, 0x000000008cc00000|100%|HC|  |TAMS 0x000000008cb00000| PB 0x000000008cb00000| Complete 
| 204|0x000000008cc00000, 0x000000008cd00000, 0x000000008cd00000|100%|HC|  |TAMS 0x000000008cc00000| PB 0x000000008cc00000| Complete 
| 205|0x000000008cd00000, 0x000000008ce00000, 0x000000008ce00000|100%|HC|  |TAMS 0x000000008cd00000| PB 0x000000008cd00000| Complete 
| 206|0x000000008ce00000, 0x000000008cf00000, 0x000000008cf00000|100%|HC|  |TAMS 0x000000008ce00000| PB 0x000000008ce00000| Complete 
| 207|0x000000008cf00000, 0x000000008d000000, 0x000000008d000000|100%|HC|  |TAMS 0x000000008cf00000| PB 0x000000008cf00000| Complete 
| 208|0x000000008d000000, 0x000000008d100000, 0x000000008d100000|100%|HC|  |TAMS 0x000000008d000000| PB 0x000000008d000000| Complete 
| 209|0x000000008d100000, 0x000000008d200000, 0x000000008d200000|100%|HC|  |TAMS 0x000000008d100000| PB 0x000000008d100000| Complete 
| 210|0x000000008d200000, 0x000000008d300000, 0x000000008d300000|100%|HC|  |TAMS 0x000000008d200000| PB 0x000000008d200000| Complete 
| 211|0x000000008d300000, 0x000000008d400000, 0x000000008d400000|100%|HC|  |TAMS 0x000000008d300000| PB 0x000000008d300000| Complete 
| 212|0x000000008d400000, 0x000000008d500000, 0x000000008d500000|100%|HC|  |TAMS 0x000000008d400000| PB 0x000000008d400000| Complete 
| 213|0x000000008d500000, 0x000000008d600000, 0x000000008d600000|100%|HC|  |TAMS 0x000000008d500000| PB 0x000000008d500000| Complete 
| 214|0x000000008d600000, 0x000000008d700000, 0x000000008d700000|100%|HC|  |TAMS 0x000000008d600000| PB 0x000000008d600000| Complete 
| 215|0x000000008d700000, 0x000000008d800000, 0x000000008d800000|100%|HC|  |TAMS 0x000000008d700000| PB 0x000000008d700000| Complete 
| 216|0x000000008d800000, 0x000000008d900000, 0x000000008d900000|100%|HC|  |TAMS 0x000000008d800000| PB 0x000000008d800000| Complete 
| 217|0x000000008d900000, 0x000000008da00000, 0x000000008da00000|100%|HC|  |TAMS 0x000000008d900000| PB 0x000000008d900000| Complete 
| 218|0x000000008da00000, 0x000000008db00000, 0x000000008db00000|100%|HC|  |TAMS 0x000000008da00000| PB 0x000000008da00000| Complete 
| 219|0x000000008db00000, 0x000000008dc00000, 0x000000008dc00000|100%|HS|  |TAMS 0x000000008db00000| PB 0x000000008db00000| Complete 
| 220|0x000000008dc00000, 0x000000008dd00000, 0x000000008dd00000|100%|HC|  |TAMS 0x000000008dc00000| PB 0x000000008dc00000| Complete 
| 221|0x000000008dd00000, 0x000000008de00000, 0x000000008de00000|100%|HC|  |TAMS 0x000000008dd00000| PB 0x000000008dd00000| Complete 
| 222|0x000000008de00000, 0x000000008df00000, 0x000000008df00000|100%|HC|  |TAMS 0x000000008de00000| PB 0x000000008de00000| Complete 
| 223|0x000000008df00000, 0x000000008e000000, 0x000000008e000000|100%|HC|  |TAMS 0x000000008df00000| PB 0x000000008df00000| Complete 
| 224|0x000000008e000000, 0x000000008e100000, 0x000000008e100000|100%|HC|  |TAMS 0x000000008e000000| PB 0x000000008e000000| Complete 
| 225|0x000000008e100000, 0x000000008e200000, 0x000000008e200000|100%|HC|  |TAMS 0x000000008e100000| PB 0x000000008e100000| Complete 
| 226|0x000000008e200000, 0x000000008e300000, 0x000000008e300000|100%|HC|  |TAMS 0x000000008e200000| PB 0x000000008e200000| Complete 
| 227|0x000000008e300000, 0x000000008e400000, 0x000000008e400000|100%|HC|  |TAMS 0x000000008e300000| PB 0x000000008e300000| Complete 
| 228|0x000000008e400000, 0x000000008e500000, 0x000000008e500000|100%|HC|  |TAMS 0x000000008e400000| PB 0x000000008e400000| Complete 
| 229|0x000000008e500000, 0x000000008e600000, 0x000000008e600000|100%|HC|  |TAMS 0x000000008e500000| PB 0x000000008e500000| Complete 
| 230|0x000000008e600000, 0x000000008e700000, 0x000000008e700000|100%|HC|  |TAMS 0x000000008e600000| PB 0x000000008e600000| Complete 
| 231|0x000000008e700000, 0x000000008e800000, 0x000000008e800000|100%|HS|  |TAMS 0x000000008e700000| PB 0x000000008e700000| Complete 
| 232|0x000000008e800000, 0x000000008e900000, 0x000000008e900000|100%|HC|  |TAMS 0x000000008e800000| PB 0x000000008e800000| Complete 
| 233|0x000000008e900000, 0x000000008ea00000, 0x000000008ea00000|100%|HC|  |TAMS 0x000000008e900000| PB 0x000000008e900000| Complete 
| 234|0x000000008ea00000, 0x000000008eb00000, 0x000000008eb00000|100%|HC|  |TAMS 0x000000008ea00000| PB 0x000000008ea00000| Complete 
| 235|0x000000008eb00000, 0x000000008ec00000, 0x000000008ec00000|100%|HC|  |TAMS 0x000000008eb00000| PB 0x000000008eb00000| Complete 
| 236|0x000000008ec00000, 0x000000008ed00000, 0x000000008ed00000|100%|HC|  |TAMS 0x000000008ec00000| PB 0x000000008ec00000| Complete 
| 237|0x000000008ed00000, 0x000000008ee00000, 0x000000008ee00000|100%|HC|  |TAMS 0x000000008ed00000| PB 0x000000008ed00000| Complete 
| 238|0x000000008ee00000, 0x000000008ef00000, 0x000000008ef00000|100%|HC|  |TAMS 0x000000008ee00000| PB 0x000000008ee00000| Complete 
| 239|0x000000008ef00000, 0x000000008f000000, 0x000000008f000000|100%|HC|  |TAMS 0x000000008ef00000| PB 0x000000008ef00000| Complete 
| 240|0x000000008f000000, 0x000000008f100000, 0x000000008f100000|100%|HC|  |TAMS 0x000000008f000000| PB 0x000000008f000000| Complete 
| 241|0x000000008f100000, 0x000000008f200000, 0x000000008f200000|100%|HC|  |TAMS 0x000000008f100000| PB 0x000000008f100000| Complete 
| 242|0x000000008f200000, 0x000000008f300000, 0x000000008f300000|100%|HC|  |TAMS 0x000000008f200000| PB 0x000000008f200000| Complete 
| 243|0x000000008f300000, 0x000000008f400000, 0x000000008f400000|100%|HC|  |TAMS 0x000000008f300000| PB 0x000000008f300000| Complete 
| 244|0x000000008f400000, 0x000000008f400000, 0x000000008f500000|  0%| F|  |TAMS 0x000000008f400000| PB 0x000000008f400000| Untracked 
| 245|0x000000008f500000, 0x000000008f500000, 0x000000008f600000|  0%| F|  |TAMS 0x000000008f500000| PB 0x000000008f500000| Untracked 
| 246|0x000000008f600000, 0x000000008f600000, 0x000000008f700000|  0%| F|  |TAMS 0x000000008f600000| PB 0x000000008f600000| Untracked 
| 247|0x000000008f700000, 0x000000008f700000, 0x000000008f800000|  0%| F|  |TAMS 0x000000008f700000| PB 0x000000008f700000| Untracked 
| 248|0x000000008f800000, 0x000000008f800000, 0x000000008f900000|  0%| F|  |TAMS 0x000000008f800000| PB 0x000000008f800000| Untracked 
| 249|0x000000008f900000, 0x000000008f9e4400, 0x000000008fa00000| 89%| S|CS|TAMS 0x000000008f900000| PB 0x000000008f900000| Complete 
| 250|0x000000008fa00000, 0x000000008fb00000, 0x000000008fb00000|100%| S|CS|TAMS 0x000000008fa00000| PB 0x000000008fa00000| Complete 
| 251|0x000000008fb00000, 0x000000008fc00000, 0x000000008fc00000|100%| S|CS|TAMS 0x000000008fb00000| PB 0x000000008fb00000| Complete 
| 252|0x000000008fc00000, 0x000000008fd00000, 0x000000008fd00000|100%| S|CS|TAMS 0x000000008fc00000| PB 0x000000008fc00000| Complete 
| 253|0x000000008fd00000, 0x000000008fe00000, 0x000000008fe00000|100%| S|CS|TAMS 0x000000008fd00000| PB 0x000000008fd00000| Complete 
| 254|0x000000008fe00000, 0x000000008ff00000, 0x000000008ff00000|100%| S|CS|TAMS 0x000000008fe00000| PB 0x000000008fe00000| Complete 
| 255|0x000000008ff00000, 0x0000000090000000, 0x0000000090000000|100%| S|CS|TAMS 0x000000008ff00000| PB 0x000000008ff00000| Complete 
| 256|0x0000000090000000, 0x0000000090100000, 0x0000000090100000|100%| S|CS|TAMS 0x0000000090000000| PB 0x0000000090000000| Complete 
| 257|0x0000000090100000, 0x0000000090200000, 0x0000000090200000|100%| S|CS|TAMS 0x0000000090100000| PB 0x0000000090100000| Complete 
| 258|0x0000000090200000, 0x0000000090300000, 0x0000000090300000|100%| S|CS|TAMS 0x0000000090200000| PB 0x0000000090200000| Complete 
| 259|0x0000000090300000, 0x0000000090400000, 0x0000000090400000|100%| S|CS|TAMS 0x0000000090300000| PB 0x0000000090300000| Complete 
| 260|0x0000000090400000, 0x0000000090500000, 0x0000000090500000|100%| S|CS|TAMS 0x0000000090400000| PB 0x0000000090400000| Complete 
| 261|0x0000000090500000, 0x0000000090600000, 0x0000000090600000|100%| S|CS|TAMS 0x0000000090500000| PB 0x0000000090500000| Complete 
| 262|0x0000000090600000, 0x0000000090700000, 0x0000000090700000|100%| S|CS|TAMS 0x0000000090600000| PB 0x0000000090600000| Complete 
| 263|0x0000000090700000, 0x0000000090800000, 0x0000000090800000|100%| S|CS|TAMS 0x0000000090700000| PB 0x0000000090700000| Complete 
| 264|0x0000000090800000, 0x0000000090900000, 0x0000000090900000|100%| S|CS|TAMS 0x0000000090800000| PB 0x0000000090800000| Complete 
| 265|0x0000000090900000, 0x0000000090a00000, 0x0000000090a00000|100%| S|CS|TAMS 0x0000000090900000| PB 0x0000000090900000| Complete 
| 266|0x0000000090a00000, 0x0000000090b00000, 0x0000000090b00000|100%| S|CS|TAMS 0x0000000090a00000| PB 0x0000000090a00000| Complete 
| 267|0x0000000090b00000, 0x0000000090c00000, 0x0000000090c00000|100%| S|CS|TAMS 0x0000000090b00000| PB 0x0000000090b00000| Complete 
| 268|0x0000000090c00000, 0x0000000090d00000, 0x0000000090d00000|100%| S|CS|TAMS 0x0000000090c00000| PB 0x0000000090c00000| Complete 
| 269|0x0000000090d00000, 0x0000000090e00000, 0x0000000090e00000|100%| S|CS|TAMS 0x0000000090d00000| PB 0x0000000090d00000| Complete 
| 270|0x0000000090e00000, 0x0000000090f00000, 0x0000000090f00000|100%| S|CS|TAMS 0x0000000090e00000| PB 0x0000000090e00000| Complete 
| 271|0x0000000090f00000, 0x0000000091000000, 0x0000000091000000|100%| S|CS|TAMS 0x0000000090f00000| PB 0x0000000090f00000| Complete 
| 272|0x0000000091000000, 0x0000000091100000, 0x0000000091100000|100%| S|CS|TAMS 0x0000000091000000| PB 0x0000000091000000| Complete 
| 273|0x0000000091100000, 0x0000000091200000, 0x0000000091200000|100%| S|CS|TAMS 0x0000000091100000| PB 0x0000000091100000| Complete 
| 274|0x0000000091200000, 0x0000000091300000, 0x0000000091300000|100%| S|CS|TAMS 0x0000000091200000| PB 0x0000000091200000| Complete 
| 275|0x0000000091300000, 0x0000000091400000, 0x0000000091400000|100%| S|CS|TAMS 0x0000000091300000| PB 0x0000000091300000| Complete 
| 276|0x0000000091400000, 0x0000000091500000, 0x0000000091500000|100%| S|CS|TAMS 0x0000000091400000| PB 0x0000000091400000| Complete 
| 277|0x0000000091500000, 0x0000000091600000, 0x0000000091600000|100%| S|CS|TAMS 0x0000000091500000| PB 0x0000000091500000| Complete 
| 278|0x0000000091600000, 0x0000000091700000, 0x0000000091700000|100%| S|CS|TAMS 0x0000000091600000| PB 0x0000000091600000| Complete 
| 279|0x0000000091700000, 0x0000000091800000, 0x0000000091800000|100%| S|CS|TAMS 0x0000000091700000| PB 0x0000000091700000| Complete 
| 280|0x0000000091800000, 0x0000000091900000, 0x0000000091900000|100%| S|CS|TAMS 0x0000000091800000| PB 0x0000000091800000| Complete 
| 281|0x0000000091900000, 0x0000000091a00000, 0x0000000091a00000|100%| S|CS|TAMS 0x0000000091900000| PB 0x0000000091900000| Complete 
| 282|0x0000000091a00000, 0x0000000091b00000, 0x0000000091b00000|100%| S|CS|TAMS 0x0000000091a00000| PB 0x0000000091a00000| Complete 
| 283|0x0000000091b00000, 0x0000000091c00000, 0x0000000091c00000|100%| S|CS|TAMS 0x0000000091b00000| PB 0x0000000091b00000| Complete 
| 284|0x0000000091c00000, 0x0000000091d00000, 0x0000000091d00000|100%| S|CS|TAMS 0x0000000091c00000| PB 0x0000000091c00000| Complete 
| 285|0x0000000091d00000, 0x0000000091e00000, 0x0000000091e00000|100%| S|CS|TAMS 0x0000000091d00000| PB 0x0000000091d00000| Complete 
| 286|0x0000000091e00000, 0x0000000091f00000, 0x0000000091f00000|100%| S|CS|TAMS 0x0000000091e00000| PB 0x0000000091e00000| Complete 
| 287|0x0000000091f00000, 0x0000000091f00000, 0x0000000092000000|  0%| F|  |TAMS 0x0000000091f00000| PB 0x0000000091f00000| Untracked 
| 288|0x0000000092000000, 0x0000000092000000, 0x0000000092100000|  0%| F|  |TAMS 0x0000000092000000| PB 0x0000000092000000| Untracked 
| 289|0x0000000092100000, 0x0000000092100000, 0x0000000092200000|  0%| F|  |TAMS 0x0000000092100000| PB 0x0000000092100000| Untracked 
| 290|0x0000000092200000, 0x0000000092200000, 0x0000000092300000|  0%| F|  |TAMS 0x0000000092200000| PB 0x0000000092200000| Untracked 
| 291|0x0000000092300000, 0x0000000092300000, 0x0000000092400000|  0%| F|  |TAMS 0x0000000092300000| PB 0x0000000092300000| Untracked 
| 292|0x0000000092400000, 0x0000000092400000, 0x0000000092500000|  0%| F|  |TAMS 0x0000000092400000| PB 0x0000000092400000| Untracked 
| 293|0x0000000092500000, 0x0000000092500000, 0x0000000092600000|  0%| F|  |TAMS 0x0000000092500000| PB 0x0000000092500000| Untracked 
| 294|0x0000000092600000, 0x0000000092600000, 0x0000000092700000|  0%| F|  |TAMS 0x0000000092600000| PB 0x0000000092600000| Untracked 
| 295|0x0000000092700000, 0x0000000092700000, 0x0000000092800000|  0%| F|  |TAMS 0x0000000092700000| PB 0x0000000092700000| Untracked 
| 296|0x0000000092800000, 0x0000000092800000, 0x0000000092900000|  0%| F|  |TAMS 0x0000000092800000| PB 0x0000000092800000| Untracked 
| 297|0x0000000092900000, 0x0000000092900000, 0x0000000092a00000|  0%| F|  |TAMS 0x0000000092900000| PB 0x0000000092900000| Untracked 
| 298|0x0000000092a00000, 0x0000000092a00000, 0x0000000092b00000|  0%| F|  |TAMS 0x0000000092a00000| PB 0x0000000092a00000| Untracked 
| 299|0x0000000092b00000, 0x0000000092b00000, 0x0000000092c00000|  0%| F|  |TAMS 0x0000000092b00000| PB 0x0000000092b00000| Untracked 
| 300|0x0000000092c00000, 0x0000000092c00000, 0x0000000092d00000|  0%| F|  |TAMS 0x0000000092c00000| PB 0x0000000092c00000| Untracked 
| 301|0x0000000092d00000, 0x0000000092d00000, 0x0000000092e00000|  0%| F|  |TAMS 0x0000000092d00000| PB 0x0000000092d00000| Untracked 
| 302|0x0000000092e00000, 0x0000000092e00000, 0x0000000092f00000|  0%| F|  |TAMS 0x0000000092e00000| PB 0x0000000092e00000| Untracked 
| 303|0x0000000092f00000, 0x0000000092f00000, 0x0000000093000000|  0%| F|  |TAMS 0x0000000092f00000| PB 0x0000000092f00000| Untracked 
| 304|0x0000000093000000, 0x0000000093000000, 0x0000000093100000|  0%| F|  |TAMS 0x0000000093000000| PB 0x0000000093000000| Untracked 
| 305|0x0000000093100000, 0x0000000093100000, 0x0000000093200000|  0%| F|  |TAMS 0x0000000093100000| PB 0x0000000093100000| Untracked 
| 306|0x0000000093200000, 0x0000000093200000, 0x0000000093300000|  0%| F|  |TAMS 0x0000000093200000| PB 0x0000000093200000| Untracked 
| 307|0x0000000093300000, 0x0000000093300000, 0x0000000093400000|  0%| F|  |TAMS 0x0000000093300000| PB 0x0000000093300000| Untracked 
| 308|0x0000000093400000, 0x0000000093400000, 0x0000000093500000|  0%| F|  |TAMS 0x0000000093400000| PB 0x0000000093400000| Untracked 
| 309|0x0000000093500000, 0x0000000093500000, 0x0000000093600000|  0%| F|  |TAMS 0x0000000093500000| PB 0x0000000093500000| Untracked 
| 310|0x0000000093600000, 0x0000000093600000, 0x0000000093700000|  0%| F|  |TAMS 0x0000000093600000| PB 0x0000000093600000| Untracked 
| 311|0x0000000093700000, 0x0000000093700000, 0x0000000093800000|  0%| F|  |TAMS 0x0000000093700000| PB 0x0000000093700000| Untracked 
| 312|0x0000000093800000, 0x0000000093800000, 0x0000000093900000|  0%| F|  |TAMS 0x0000000093800000| PB 0x0000000093800000| Untracked 
| 313|0x0000000093900000, 0x0000000093900000, 0x0000000093a00000|  0%| F|  |TAMS 0x0000000093900000| PB 0x0000000093900000| Untracked 
| 314|0x0000000093a00000, 0x0000000093a00000, 0x0000000093b00000|  0%| F|  |TAMS 0x0000000093a00000| PB 0x0000000093a00000| Untracked 
| 315|0x0000000093b00000, 0x0000000093b00000, 0x0000000093c00000|  0%| F|  |TAMS 0x0000000093b00000| PB 0x0000000093b00000| Untracked 
| 316|0x0000000093c00000, 0x0000000093c00000, 0x0000000093d00000|  0%| F|  |TAMS 0x0000000093c00000| PB 0x0000000093c00000| Untracked 
| 317|0x0000000093d00000, 0x0000000093d00000, 0x0000000093e00000|  0%| F|  |TAMS 0x0000000093d00000| PB 0x0000000093d00000| Untracked 
| 318|0x0000000093e00000, 0x0000000093e00000, 0x0000000093f00000|  0%| F|  |TAMS 0x0000000093e00000| PB 0x0000000093e00000| Untracked 
| 319|0x0000000093f00000, 0x0000000093f00000, 0x0000000094000000|  0%| F|  |TAMS 0x0000000093f00000| PB 0x0000000093f00000| Untracked 
| 320|0x0000000094000000, 0x0000000094000000, 0x0000000094100000|  0%| F|  |TAMS 0x0000000094000000| PB 0x0000000094000000| Untracked 
| 321|0x0000000094100000, 0x0000000094100000, 0x0000000094200000|  0%| F|  |TAMS 0x0000000094100000| PB 0x0000000094100000| Untracked 
| 322|0x0000000094200000, 0x0000000094200000, 0x0000000094300000|  0%| F|  |TAMS 0x0000000094200000| PB 0x0000000094200000| Untracked 
| 323|0x0000000094300000, 0x0000000094300000, 0x0000000094400000|  0%| F|  |TAMS 0x0000000094300000| PB 0x0000000094300000| Untracked 
| 324|0x0000000094400000, 0x0000000094400000, 0x0000000094500000|  0%| F|  |TAMS 0x0000000094400000| PB 0x0000000094400000| Untracked 
| 325|0x0000000094500000, 0x0000000094500000, 0x0000000094600000|  0%| F|  |TAMS 0x0000000094500000| PB 0x0000000094500000| Untracked 
| 326|0x0000000094600000, 0x0000000094600000, 0x0000000094700000|  0%| F|  |TAMS 0x0000000094600000| PB 0x0000000094600000| Untracked 
| 327|0x0000000094700000, 0x0000000094700000, 0x0000000094800000|  0%| F|  |TAMS 0x0000000094700000| PB 0x0000000094700000| Untracked 
| 328|0x0000000094800000, 0x0000000094800000, 0x0000000094900000|  0%| F|  |TAMS 0x0000000094800000| PB 0x0000000094800000| Untracked 
| 329|0x0000000094900000, 0x0000000094900000, 0x0000000094a00000|  0%| F|  |TAMS 0x0000000094900000| PB 0x0000000094900000| Untracked 
| 330|0x0000000094a00000, 0x0000000094a00000, 0x0000000094b00000|  0%| F|  |TAMS 0x0000000094a00000| PB 0x0000000094a00000| Untracked 
| 331|0x0000000094b00000, 0x0000000094b00000, 0x0000000094c00000|  0%| F|  |TAMS 0x0000000094b00000| PB 0x0000000094b00000| Untracked 
| 332|0x0000000094c00000, 0x0000000094c00000, 0x0000000094d00000|  0%| F|  |TAMS 0x0000000094c00000| PB 0x0000000094c00000| Untracked 
| 333|0x0000000094d00000, 0x0000000094d00000, 0x0000000094e00000|  0%| F|  |TAMS 0x0000000094d00000| PB 0x0000000094d00000| Untracked 
| 334|0x0000000094e00000, 0x0000000094e00000, 0x0000000094f00000|  0%| F|  |TAMS 0x0000000094e00000| PB 0x0000000094e00000| Untracked 
| 335|0x0000000094f00000, 0x0000000094f00000, 0x0000000095000000|  0%| F|  |TAMS 0x0000000094f00000| PB 0x0000000094f00000| Untracked 
| 336|0x0000000095000000, 0x0000000095000000, 0x0000000095100000|  0%| F|  |TAMS 0x0000000095000000| PB 0x0000000095000000| Untracked 
| 337|0x0000000095100000, 0x0000000095100000, 0x0000000095200000|  0%| F|  |TAMS 0x0000000095100000| PB 0x0000000095100000| Untracked 
| 338|0x0000000095200000, 0x0000000095200000, 0x0000000095300000|  0%| F|  |TAMS 0x0000000095200000| PB 0x0000000095200000| Untracked 
| 339|0x0000000095300000, 0x0000000095300000, 0x0000000095400000|  0%| F|  |TAMS 0x0000000095300000| PB 0x0000000095300000| Untracked 
| 340|0x0000000095400000, 0x0000000095400000, 0x0000000095500000|  0%| F|  |TAMS 0x0000000095400000| PB 0x0000000095400000| Untracked 
| 341|0x0000000095500000, 0x0000000095500000, 0x0000000095600000|  0%| F|  |TAMS 0x0000000095500000| PB 0x0000000095500000| Untracked 
| 342|0x0000000095600000, 0x0000000095600000, 0x0000000095700000|  0%| F|  |TAMS 0x0000000095600000| PB 0x0000000095600000| Untracked 
| 343|0x0000000095700000, 0x0000000095700000, 0x0000000095800000|  0%| F|  |TAMS 0x0000000095700000| PB 0x0000000095700000| Untracked 
| 344|0x0000000095800000, 0x0000000095800000, 0x0000000095900000|  0%| F|  |TAMS 0x0000000095800000| PB 0x0000000095800000| Untracked 
| 345|0x0000000095900000, 0x0000000095900000, 0x0000000095a00000|  0%| F|  |TAMS 0x0000000095900000| PB 0x0000000095900000| Untracked 
| 346|0x0000000095a00000, 0x0000000095a00000, 0x0000000095b00000|  0%| F|  |TAMS 0x0000000095a00000| PB 0x0000000095a00000| Untracked 
| 347|0x0000000095b00000, 0x0000000095b00000, 0x0000000095c00000|  0%| F|  |TAMS 0x0000000095b00000| PB 0x0000000095b00000| Untracked 
| 348|0x0000000095c00000, 0x0000000095c00000, 0x0000000095d00000|  0%| F|  |TAMS 0x0000000095c00000| PB 0x0000000095c00000| Untracked 
| 349|0x0000000095d00000, 0x0000000095d00000, 0x0000000095e00000|  0%| F|  |TAMS 0x0000000095d00000| PB 0x0000000095d00000| Untracked 
| 350|0x0000000095e00000, 0x0000000095e00000, 0x0000000095f00000|  0%| F|  |TAMS 0x0000000095e00000| PB 0x0000000095e00000| Untracked 
| 351|0x0000000095f00000, 0x0000000095f00000, 0x0000000096000000|  0%| F|  |TAMS 0x0000000095f00000| PB 0x0000000095f00000| Untracked 
| 352|0x0000000096000000, 0x0000000096000000, 0x0000000096100000|  0%| F|  |TAMS 0x0000000096000000| PB 0x0000000096000000| Untracked 
| 353|0x0000000096100000, 0x0000000096100000, 0x0000000096200000|  0%| F|  |TAMS 0x0000000096100000| PB 0x0000000096100000| Untracked 
| 354|0x0000000096200000, 0x0000000096200000, 0x0000000096300000|  0%| F|  |TAMS 0x0000000096200000| PB 0x0000000096200000| Untracked 
| 355|0x0000000096300000, 0x0000000096300000, 0x0000000096400000|  0%| F|  |TAMS 0x0000000096300000| PB 0x0000000096300000| Untracked 
| 356|0x0000000096400000, 0x0000000096400000, 0x0000000096500000|  0%| F|  |TAMS 0x0000000096400000| PB 0x0000000096400000| Untracked 
| 357|0x0000000096500000, 0x0000000096500000, 0x0000000096600000|  0%| F|  |TAMS 0x0000000096500000| PB 0x0000000096500000| Untracked 
| 358|0x0000000096600000, 0x0000000096600000, 0x0000000096700000|  0%| F|  |TAMS 0x0000000096600000| PB 0x0000000096600000| Untracked 
| 359|0x0000000096700000, 0x0000000096700000, 0x0000000096800000|  0%| F|  |TAMS 0x0000000096700000| PB 0x0000000096700000| Untracked 
| 360|0x0000000096800000, 0x0000000096800000, 0x0000000096900000|  0%| F|  |TAMS 0x0000000096800000| PB 0x0000000096800000| Untracked 
| 361|0x0000000096900000, 0x0000000096900000, 0x0000000096a00000|  0%| F|  |TAMS 0x0000000096900000| PB 0x0000000096900000| Untracked 
| 362|0x0000000096a00000, 0x0000000096a00000, 0x0000000096b00000|  0%| F|  |TAMS 0x0000000096a00000| PB 0x0000000096a00000| Untracked 
| 363|0x0000000096b00000, 0x0000000096b00000, 0x0000000096c00000|  0%| F|  |TAMS 0x0000000096b00000| PB 0x0000000096b00000| Untracked 
| 364|0x0000000096c00000, 0x0000000096c00000, 0x0000000096d00000|  0%| F|  |TAMS 0x0000000096c00000| PB 0x0000000096c00000| Untracked 
| 365|0x0000000096d00000, 0x0000000096d00000, 0x0000000096e00000|  0%| F|  |TAMS 0x0000000096d00000| PB 0x0000000096d00000| Untracked 
| 366|0x0000000096e00000, 0x0000000096e00000, 0x0000000096f00000|  0%| F|  |TAMS 0x0000000096e00000| PB 0x0000000096e00000| Untracked 
| 367|0x0000000096f00000, 0x0000000096f00000, 0x0000000097000000|  0%| F|  |TAMS 0x0000000096f00000| PB 0x0000000096f00000| Untracked 
| 368|0x0000000097000000, 0x0000000097000000, 0x0000000097100000|  0%| F|  |TAMS 0x0000000097000000| PB 0x0000000097000000| Untracked 
| 369|0x0000000097100000, 0x0000000097100000, 0x0000000097200000|  0%| F|  |TAMS 0x0000000097100000| PB 0x0000000097100000| Untracked 
| 370|0x0000000097200000, 0x0000000097200000, 0x0000000097300000|  0%| F|  |TAMS 0x0000000097200000| PB 0x0000000097200000| Untracked 
| 371|0x0000000097300000, 0x0000000097300000, 0x0000000097400000|  0%| F|  |TAMS 0x0000000097300000| PB 0x0000000097300000| Untracked 
| 372|0x0000000097400000, 0x0000000097400000, 0x0000000097500000|  0%| F|  |TAMS 0x0000000097400000| PB 0x0000000097400000| Untracked 
| 373|0x0000000097500000, 0x0000000097500000, 0x0000000097600000|  0%| F|  |TAMS 0x0000000097500000| PB 0x0000000097500000| Untracked 
| 374|0x0000000097600000, 0x0000000097600000, 0x0000000097700000|  0%| F|  |TAMS 0x0000000097600000| PB 0x0000000097600000| Untracked 
| 375|0x0000000097700000, 0x0000000097700000, 0x0000000097800000|  0%| F|  |TAMS 0x0000000097700000| PB 0x0000000097700000| Untracked 
| 376|0x0000000097800000, 0x0000000097800000, 0x0000000097900000|  0%| F|  |TAMS 0x0000000097800000| PB 0x0000000097800000| Untracked 
| 377|0x0000000097900000, 0x0000000097900000, 0x0000000097a00000|  0%| F|  |TAMS 0x0000000097900000| PB 0x0000000097900000| Untracked 
| 378|0x0000000097a00000, 0x0000000097a00000, 0x0000000097b00000|  0%| F|  |TAMS 0x0000000097a00000| PB 0x0000000097a00000| Untracked 
| 379|0x0000000097b00000, 0x0000000097b00000, 0x0000000097c00000|  0%| F|  |TAMS 0x0000000097b00000| PB 0x0000000097b00000| Untracked 
| 380|0x0000000097c00000, 0x0000000097c00000, 0x0000000097d00000|  0%| F|  |TAMS 0x0000000097c00000| PB 0x0000000097c00000| Untracked 
| 381|0x0000000097d00000, 0x0000000097d00000, 0x0000000097e00000|  0%| F|  |TAMS 0x0000000097d00000| PB 0x0000000097d00000| Untracked 
| 382|0x0000000097e00000, 0x0000000097e00000, 0x0000000097f00000|  0%| F|  |TAMS 0x0000000097e00000| PB 0x0000000097e00000| Untracked 
| 383|0x0000000097f00000, 0x0000000097f00000, 0x0000000098000000|  0%| F|  |TAMS 0x0000000097f00000| PB 0x0000000097f00000| Untracked 
| 384|0x0000000098000000, 0x0000000098000000, 0x0000000098100000|  0%| F|  |TAMS 0x0000000098000000| PB 0x0000000098000000| Untracked 
| 385|0x0000000098100000, 0x0000000098100000, 0x0000000098200000|  0%| F|  |TAMS 0x0000000098100000| PB 0x0000000098100000| Untracked 
| 386|0x0000000098200000, 0x0000000098200000, 0x0000000098300000|  0%| F|  |TAMS 0x0000000098200000| PB 0x0000000098200000| Untracked 
| 387|0x0000000098300000, 0x0000000098300000, 0x0000000098400000|  0%| F|  |TAMS 0x0000000098300000| PB 0x0000000098300000| Untracked 
| 388|0x0000000098400000, 0x0000000098400000, 0x0000000098500000|  0%| F|  |TAMS 0x0000000098400000| PB 0x0000000098400000| Untracked 
| 389|0x0000000098500000, 0x0000000098500000, 0x0000000098600000|  0%| F|  |TAMS 0x0000000098500000| PB 0x0000000098500000| Untracked 
| 390|0x0000000098600000, 0x0000000098600000, 0x0000000098700000|  0%| F|  |TAMS 0x0000000098600000| PB 0x0000000098600000| Untracked 
| 391|0x0000000098700000, 0x0000000098700000, 0x0000000098800000|  0%| F|  |TAMS 0x0000000098700000| PB 0x0000000098700000| Untracked 
| 392|0x0000000098800000, 0x0000000098800000, 0x0000000098900000|  0%| F|  |TAMS 0x0000000098800000| PB 0x0000000098800000| Untracked 
| 393|0x0000000098900000, 0x0000000098900000, 0x0000000098a00000|  0%| F|  |TAMS 0x0000000098900000| PB 0x0000000098900000| Untracked 
| 394|0x0000000098a00000, 0x0000000098a00000, 0x0000000098b00000|  0%| F|  |TAMS 0x0000000098a00000| PB 0x0000000098a00000| Untracked 
| 395|0x0000000098b00000, 0x0000000098b00000, 0x0000000098c00000|  0%| F|  |TAMS 0x0000000098b00000| PB 0x0000000098b00000| Untracked 
| 396|0x0000000098c00000, 0x0000000098c00000, 0x0000000098d00000|  0%| F|  |TAMS 0x0000000098c00000| PB 0x0000000098c00000| Untracked 
| 397|0x0000000098d00000, 0x0000000098d00000, 0x0000000098e00000|  0%| F|  |TAMS 0x0000000098d00000| PB 0x0000000098d00000| Untracked 
| 398|0x0000000098e00000, 0x0000000098e00000, 0x0000000098f00000|  0%| F|  |TAMS 0x0000000098e00000| PB 0x0000000098e00000| Untracked 
| 399|0x0000000098f00000, 0x0000000098f00000, 0x0000000099000000|  0%| F|  |TAMS 0x0000000098f00000| PB 0x0000000098f00000| Untracked 
| 400|0x0000000099000000, 0x0000000099000000, 0x0000000099100000|  0%| F|  |TAMS 0x0000000099000000| PB 0x0000000099000000| Untracked 
| 401|0x0000000099100000, 0x0000000099100000, 0x0000000099200000|  0%| F|  |TAMS 0x0000000099100000| PB 0x0000000099100000| Untracked 
| 402|0x0000000099200000, 0x0000000099200000, 0x0000000099300000|  0%| F|  |TAMS 0x0000000099200000| PB 0x0000000099200000| Untracked 
| 403|0x0000000099300000, 0x0000000099300000, 0x0000000099400000|  0%| F|  |TAMS 0x0000000099300000| PB 0x0000000099300000| Untracked 
| 404|0x0000000099400000, 0x0000000099400000, 0x0000000099500000|  0%| F|  |TAMS 0x0000000099400000| PB 0x0000000099400000| Untracked 
| 405|0x0000000099500000, 0x0000000099500000, 0x0000000099600000|  0%| F|  |TAMS 0x0000000099500000| PB 0x0000000099500000| Untracked 
| 406|0x0000000099600000, 0x0000000099600000, 0x0000000099700000|  0%| F|  |TAMS 0x0000000099600000| PB 0x0000000099600000| Untracked 
| 407|0x0000000099700000, 0x0000000099700000, 0x0000000099800000|  0%| F|  |TAMS 0x0000000099700000| PB 0x0000000099700000| Untracked 
| 408|0x0000000099800000, 0x0000000099800000, 0x0000000099900000|  0%| F|  |TAMS 0x0000000099800000| PB 0x0000000099800000| Untracked 
| 409|0x0000000099900000, 0x0000000099900000, 0x0000000099a00000|  0%| F|  |TAMS 0x0000000099900000| PB 0x0000000099900000| Untracked 
| 410|0x0000000099a00000, 0x0000000099a00000, 0x0000000099b00000|  0%| F|  |TAMS 0x0000000099a00000| PB 0x0000000099a00000| Untracked 
| 411|0x0000000099b00000, 0x0000000099b00000, 0x0000000099c00000|  0%| F|  |TAMS 0x0000000099b00000| PB 0x0000000099b00000| Untracked 
| 412|0x0000000099c00000, 0x0000000099c00000, 0x0000000099d00000|  0%| F|  |TAMS 0x0000000099c00000| PB 0x0000000099c00000| Untracked 
| 413|0x0000000099d00000, 0x0000000099d00000, 0x0000000099e00000|  0%| F|  |TAMS 0x0000000099d00000| PB 0x0000000099d00000| Untracked 
| 414|0x0000000099e00000, 0x0000000099e00000, 0x0000000099f00000|  0%| F|  |TAMS 0x0000000099e00000| PB 0x0000000099e00000| Untracked 
| 415|0x0000000099f00000, 0x0000000099f00000, 0x000000009a000000|  0%| F|  |TAMS 0x0000000099f00000| PB 0x0000000099f00000| Untracked 
| 416|0x000000009a000000, 0x000000009a000000, 0x000000009a100000|  0%| F|  |TAMS 0x000000009a000000| PB 0x000000009a000000| Untracked 
| 417|0x000000009a100000, 0x000000009a100000, 0x000000009a200000|  0%| F|  |TAMS 0x000000009a100000| PB 0x000000009a100000| Untracked 
| 418|0x000000009a200000, 0x000000009a200000, 0x000000009a300000|  0%| F|  |TAMS 0x000000009a200000| PB 0x000000009a200000| Untracked 
| 419|0x000000009a300000, 0x000000009a300000, 0x000000009a400000|  0%| F|  |TAMS 0x000000009a300000| PB 0x000000009a300000| Untracked 
| 420|0x000000009a400000, 0x000000009a400000, 0x000000009a500000|  0%| F|  |TAMS 0x000000009a400000| PB 0x000000009a400000| Untracked 
| 421|0x000000009a500000, 0x000000009a500000, 0x000000009a600000|  0%| F|  |TAMS 0x000000009a500000| PB 0x000000009a500000| Untracked 
| 422|0x000000009a600000, 0x000000009a600000, 0x000000009a700000|  0%| F|  |TAMS 0x000000009a600000| PB 0x000000009a600000| Untracked 
| 423|0x000000009a700000, 0x000000009a700000, 0x000000009a800000|  0%| F|  |TAMS 0x000000009a700000| PB 0x000000009a700000| Untracked 
| 424|0x000000009a800000, 0x000000009a800000, 0x000000009a900000|  0%| F|  |TAMS 0x000000009a800000| PB 0x000000009a800000| Untracked 
| 425|0x000000009a900000, 0x000000009a900000, 0x000000009aa00000|  0%| F|  |TAMS 0x000000009a900000| PB 0x000000009a900000| Untracked 
| 426|0x000000009aa00000, 0x000000009aa00000, 0x000000009ab00000|  0%| F|  |TAMS 0x000000009aa00000| PB 0x000000009aa00000| Untracked 
| 427|0x000000009ab00000, 0x000000009ab00000, 0x000000009ac00000|  0%| F|  |TAMS 0x000000009ab00000| PB 0x000000009ab00000| Untracked 
| 428|0x000000009ac00000, 0x000000009ac00000, 0x000000009ad00000|  0%| F|  |TAMS 0x000000009ac00000| PB 0x000000009ac00000| Untracked 
| 429|0x000000009ad00000, 0x000000009ad00000, 0x000000009ae00000|  0%| F|  |TAMS 0x000000009ad00000| PB 0x000000009ad00000| Untracked 
| 430|0x000000009ae00000, 0x000000009ae00000, 0x000000009af00000|  0%| F|  |TAMS 0x000000009ae00000| PB 0x000000009ae00000| Untracked 
| 431|0x000000009af00000, 0x000000009af00000, 0x000000009b000000|  0%| F|  |TAMS 0x000000009af00000| PB 0x000000009af00000| Untracked 
| 432|0x000000009b000000, 0x000000009b000000, 0x000000009b100000|  0%| F|  |TAMS 0x000000009b000000| PB 0x000000009b000000| Untracked 
| 433|0x000000009b100000, 0x000000009b100000, 0x000000009b200000|  0%| F|  |TAMS 0x000000009b100000| PB 0x000000009b100000| Untracked 
| 434|0x000000009b200000, 0x000000009b200000, 0x000000009b300000|  0%| F|  |TAMS 0x000000009b200000| PB 0x000000009b200000| Untracked 
| 435|0x000000009b300000, 0x000000009b300000, 0x000000009b400000|  0%| F|  |TAMS 0x000000009b300000| PB 0x000000009b300000| Untracked 
| 436|0x000000009b400000, 0x000000009b400000, 0x000000009b500000|  0%| F|  |TAMS 0x000000009b400000| PB 0x000000009b400000| Untracked 
| 437|0x000000009b500000, 0x000000009b500000, 0x000000009b600000|  0%| F|  |TAMS 0x000000009b500000| PB 0x000000009b500000| Untracked 
| 438|0x000000009b600000, 0x000000009b600000, 0x000000009b700000|  0%| F|  |TAMS 0x000000009b600000| PB 0x000000009b600000| Untracked 
| 439|0x000000009b700000, 0x000000009b700000, 0x000000009b800000|  0%| F|  |TAMS 0x000000009b700000| PB 0x000000009b700000| Untracked 
| 440|0x000000009b800000, 0x000000009b800000, 0x000000009b900000|  0%| F|  |TAMS 0x000000009b800000| PB 0x000000009b800000| Untracked 
| 441|0x000000009b900000, 0x000000009b900000, 0x000000009ba00000|  0%| F|  |TAMS 0x000000009b900000| PB 0x000000009b900000| Untracked 
| 442|0x000000009ba00000, 0x000000009ba00000, 0x000000009bb00000|  0%| F|  |TAMS 0x000000009ba00000| PB 0x000000009ba00000| Untracked 
| 443|0x000000009bb00000, 0x000000009bb00000, 0x000000009bc00000|  0%| F|  |TAMS 0x000000009bb00000| PB 0x000000009bb00000| Untracked 
| 444|0x000000009bc00000, 0x000000009bc00000, 0x000000009bd00000|  0%| F|  |TAMS 0x000000009bc00000| PB 0x000000009bc00000| Untracked 
| 445|0x000000009bd00000, 0x000000009bd00000, 0x000000009be00000|  0%| F|  |TAMS 0x000000009bd00000| PB 0x000000009bd00000| Untracked 
| 446|0x000000009be00000, 0x000000009be00000, 0x000000009bf00000|  0%| F|  |TAMS 0x000000009be00000| PB 0x000000009be00000| Untracked 
| 447|0x000000009bf00000, 0x000000009bf00000, 0x000000009c000000|  0%| F|  |TAMS 0x000000009bf00000| PB 0x000000009bf00000| Untracked 
| 448|0x000000009c000000, 0x000000009c000000, 0x000000009c100000|  0%| F|  |TAMS 0x000000009c000000| PB 0x000000009c000000| Untracked 
| 449|0x000000009c100000, 0x000000009c100000, 0x000000009c200000|  0%| F|  |TAMS 0x000000009c100000| PB 0x000000009c100000| Untracked 
| 450|0x000000009c200000, 0x000000009c200000, 0x000000009c300000|  0%| F|  |TAMS 0x000000009c200000| PB 0x000000009c200000| Untracked 
| 451|0x000000009c300000, 0x000000009c300000, 0x000000009c400000|  0%| F|  |TAMS 0x000000009c300000| PB 0x000000009c300000| Untracked 
| 452|0x000000009c400000, 0x000000009c400000, 0x000000009c500000|  0%| F|  |TAMS 0x000000009c400000| PB 0x000000009c400000| Untracked 
| 453|0x000000009c500000, 0x000000009c500000, 0x000000009c600000|  0%| F|  |TAMS 0x000000009c500000| PB 0x000000009c500000| Untracked 
| 454|0x000000009c600000, 0x000000009c600000, 0x000000009c700000|  0%| F|  |TAMS 0x000000009c600000| PB 0x000000009c600000| Untracked 
| 455|0x000000009c700000, 0x000000009c700000, 0x000000009c800000|  0%| F|  |TAMS 0x000000009c700000| PB 0x000000009c700000| Untracked 
| 456|0x000000009c800000, 0x000000009c800000, 0x000000009c900000|  0%| F|  |TAMS 0x000000009c800000| PB 0x000000009c800000| Untracked 
| 457|0x000000009c900000, 0x000000009c900000, 0x000000009ca00000|  0%| F|  |TAMS 0x000000009c900000| PB 0x000000009c900000| Untracked 
| 458|0x000000009ca00000, 0x000000009ca00000, 0x000000009cb00000|  0%| F|  |TAMS 0x000000009ca00000| PB 0x000000009ca00000| Untracked 
| 459|0x000000009cb00000, 0x000000009cb00000, 0x000000009cc00000|  0%| F|  |TAMS 0x000000009cb00000| PB 0x000000009cb00000| Untracked 
| 460|0x000000009cc00000, 0x000000009cc00000, 0x000000009cd00000|  0%| F|  |TAMS 0x000000009cc00000| PB 0x000000009cc00000| Untracked 
| 461|0x000000009cd00000, 0x000000009cd00000, 0x000000009ce00000|  0%| F|  |TAMS 0x000000009cd00000| PB 0x000000009cd00000| Untracked 
| 462|0x000000009ce00000, 0x000000009ce00000, 0x000000009cf00000|  0%| F|  |TAMS 0x000000009ce00000| PB 0x000000009ce00000| Untracked 
| 463|0x000000009cf00000, 0x000000009cf00000, 0x000000009d000000|  0%| F|  |TAMS 0x000000009cf00000| PB 0x000000009cf00000| Untracked 
| 464|0x000000009d000000, 0x000000009d000000, 0x000000009d100000|  0%| F|  |TAMS 0x000000009d000000| PB 0x000000009d000000| Untracked 
| 511|0x000000009ff00000, 0x000000009ff00000, 0x00000000a0000000|  0%| F|  |TAMS 0x000000009ff00000| PB 0x000000009ff00000| Untracked 
| 512|0x00000000a0000000, 0x00000000a0000000, 0x00000000a0100000|  0%| F|  |TAMS 0x00000000a0000000| PB 0x00000000a0000000| Untracked 
| 513|0x00000000a0100000, 0x00000000a0100000, 0x00000000a0200000|  0%| F|  |TAMS 0x00000000a0100000| PB 0x00000000a0100000| Untracked 
| 514|0x00000000a0200000, 0x00000000a0200000, 0x00000000a0300000|  0%| F|  |TAMS 0x00000000a0200000| PB 0x00000000a0200000| Untracked 
| 515|0x00000000a0300000, 0x00000000a0300000, 0x00000000a0400000|  0%| F|  |TAMS 0x00000000a0300000| PB 0x00000000a0300000| Untracked 
| 516|0x00000000a0400000, 0x00000000a0400000, 0x00000000a0500000|  0%| F|  |TAMS 0x00000000a0400000| PB 0x00000000a0400000| Untracked 
| 517|0x00000000a0500000, 0x00000000a0500000, 0x00000000a0600000|  0%| F|  |TAMS 0x00000000a0500000| PB 0x00000000a0500000| Untracked 
| 518|0x00000000a0600000, 0x00000000a0600000, 0x00000000a0700000|  0%| F|  |TAMS 0x00000000a0600000| PB 0x00000000a0600000| Untracked 
| 519|0x00000000a0700000, 0x00000000a0700000, 0x00000000a0800000|  0%| F|  |TAMS 0x00000000a0700000| PB 0x00000000a0700000| Untracked 
| 520|0x00000000a0800000, 0x00000000a0800000, 0x00000000a0900000|  0%| F|  |TAMS 0x00000000a0800000| PB 0x00000000a0800000| Untracked 
| 521|0x00000000a0900000, 0x00000000a0900000, 0x00000000a0a00000|  0%| F|  |TAMS 0x00000000a0900000| PB 0x00000000a0900000| Untracked 
| 522|0x00000000a0a00000, 0x00000000a0a00000, 0x00000000a0b00000|  0%| F|  |TAMS 0x00000000a0a00000| PB 0x00000000a0a00000| Untracked 
| 523|0x00000000a0b00000, 0x00000000a0b00000, 0x00000000a0c00000|  0%| F|  |TAMS 0x00000000a0b00000| PB 0x00000000a0b00000| Untracked 
| 524|0x00000000a0c00000, 0x00000000a0c00000, 0x00000000a0d00000|  0%| F|  |TAMS 0x00000000a0c00000| PB 0x00000000a0c00000| Untracked 
| 525|0x00000000a0d00000, 0x00000000a0d00000, 0x00000000a0e00000|  0%| F|  |TAMS 0x00000000a0d00000| PB 0x00000000a0d00000| Untracked 
| 526|0x00000000a0e00000, 0x00000000a0e00000, 0x00000000a0f00000|  0%| F|  |TAMS 0x00000000a0e00000| PB 0x00000000a0e00000| Untracked 
| 527|0x00000000a0f00000, 0x00000000a0f00000, 0x00000000a1000000|  0%| F|  |TAMS 0x00000000a0f00000| PB 0x00000000a0f00000| Untracked 
| 528|0x00000000a1000000, 0x00000000a1000000, 0x00000000a1100000|  0%| F|  |TAMS 0x00000000a1000000| PB 0x00000000a1000000| Untracked 
| 529|0x00000000a1100000, 0x00000000a1100000, 0x00000000a1200000|  0%| F|  |TAMS 0x00000000a1100000| PB 0x00000000a1100000| Untracked 
| 530|0x00000000a1200000, 0x00000000a1200000, 0x00000000a1300000|  0%| F|  |TAMS 0x00000000a1200000| PB 0x00000000a1200000| Untracked 
| 531|0x00000000a1300000, 0x00000000a1300000, 0x00000000a1400000|  0%| F|  |TAMS 0x00000000a1300000| PB 0x00000000a1300000| Untracked 
| 532|0x00000000a1400000, 0x00000000a1400000, 0x00000000a1500000|  0%| F|  |TAMS 0x00000000a1400000| PB 0x00000000a1400000| Untracked 
| 533|0x00000000a1500000, 0x00000000a1500000, 0x00000000a1600000|  0%| F|  |TAMS 0x00000000a1500000| PB 0x00000000a1500000| Untracked 
| 534|0x00000000a1600000, 0x00000000a1600000, 0x00000000a1700000|  0%| F|  |TAMS 0x00000000a1600000| PB 0x00000000a1600000| Untracked 
| 535|0x00000000a1700000, 0x00000000a1700000, 0x00000000a1800000|  0%| F|  |TAMS 0x00000000a1700000| PB 0x00000000a1700000| Untracked 
| 536|0x00000000a1800000, 0x00000000a1800000, 0x00000000a1900000|  0%| F|  |TAMS 0x00000000a1800000| PB 0x00000000a1800000| Untracked 
| 537|0x00000000a1900000, 0x00000000a1900000, 0x00000000a1a00000|  0%| F|  |TAMS 0x00000000a1900000| PB 0x00000000a1900000| Untracked 
| 538|0x00000000a1a00000, 0x00000000a1a00000, 0x00000000a1b00000|  0%| F|  |TAMS 0x00000000a1a00000| PB 0x00000000a1a00000| Untracked 
| 539|0x00000000a1b00000, 0x00000000a1b00000, 0x00000000a1c00000|  0%| F|  |TAMS 0x00000000a1b00000| PB 0x00000000a1b00000| Untracked 
| 540|0x00000000a1c00000, 0x00000000a1c00000, 0x00000000a1d00000|  0%| F|  |TAMS 0x00000000a1c00000| PB 0x00000000a1c00000| Untracked 
| 541|0x00000000a1d00000, 0x00000000a1d00000, 0x00000000a1e00000|  0%| F|  |TAMS 0x00000000a1d00000| PB 0x00000000a1d00000| Untracked 
| 542|0x00000000a1e00000, 0x00000000a1e00000, 0x00000000a1f00000|  0%| F|  |TAMS 0x00000000a1e00000| PB 0x00000000a1e00000| Untracked 
| 543|0x00000000a1f00000, 0x00000000a1f00000, 0x00000000a2000000|  0%| F|  |TAMS 0x00000000a1f00000| PB 0x00000000a1f00000| Untracked 
| 544|0x00000000a2000000, 0x00000000a2000000, 0x00000000a2100000|  0%| F|  |TAMS 0x00000000a2000000| PB 0x00000000a2000000| Untracked 
| 545|0x00000000a2100000, 0x00000000a2100000, 0x00000000a2200000|  0%| F|  |TAMS 0x00000000a2100000| PB 0x00000000a2100000| Untracked 
| 546|0x00000000a2200000, 0x00000000a2200000, 0x00000000a2300000|  0%| F|  |TAMS 0x00000000a2200000| PB 0x00000000a2200000| Untracked 
| 547|0x00000000a2300000, 0x00000000a2300000, 0x00000000a2400000|  0%| F|  |TAMS 0x00000000a2300000| PB 0x00000000a2300000| Untracked 
| 548|0x00000000a2400000, 0x00000000a2400000, 0x00000000a2500000|  0%| F|  |TAMS 0x00000000a2400000| PB 0x00000000a2400000| Untracked 
| 549|0x00000000a2500000, 0x00000000a2500000, 0x00000000a2600000|  0%| F|  |TAMS 0x00000000a2500000| PB 0x00000000a2500000| Untracked 
| 550|0x00000000a2600000, 0x00000000a2600000, 0x00000000a2700000|  0%| F|  |TAMS 0x00000000a2600000| PB 0x00000000a2600000| Untracked 
| 551|0x00000000a2700000, 0x00000000a2700000, 0x00000000a2800000|  0%| F|  |TAMS 0x00000000a2700000| PB 0x00000000a2700000| Untracked 
| 552|0x00000000a2800000, 0x00000000a2800000, 0x00000000a2900000|  0%| F|  |TAMS 0x00000000a2800000| PB 0x00000000a2800000| Untracked 
| 553|0x00000000a2900000, 0x00000000a2900000, 0x00000000a2a00000|  0%| F|  |TAMS 0x00000000a2900000| PB 0x00000000a2900000| Untracked 
| 554|0x00000000a2a00000, 0x00000000a2a00000, 0x00000000a2b00000|  0%| F|  |TAMS 0x00000000a2a00000| PB 0x00000000a2a00000| Untracked 
| 555|0x00000000a2b00000, 0x00000000a2b00000, 0x00000000a2c00000|  0%| F|  |TAMS 0x00000000a2b00000| PB 0x00000000a2b00000| Untracked 
| 556|0x00000000a2c00000, 0x00000000a2c00000, 0x00000000a2d00000|  0%| F|  |TAMS 0x00000000a2c00000| PB 0x00000000a2c00000| Untracked 
| 557|0x00000000a2d00000, 0x00000000a2d00000, 0x00000000a2e00000|  0%| F|  |TAMS 0x00000000a2d00000| PB 0x00000000a2d00000| Untracked 
| 558|0x00000000a2e00000, 0x00000000a2e00000, 0x00000000a2f00000|  0%| F|  |TAMS 0x00000000a2e00000| PB 0x00000000a2e00000| Untracked 
| 559|0x00000000a2f00000, 0x00000000a2f00000, 0x00000000a3000000|  0%| F|  |TAMS 0x00000000a2f00000| PB 0x00000000a2f00000| Untracked 
| 560|0x00000000a3000000, 0x00000000a3000000, 0x00000000a3100000|  0%| F|  |TAMS 0x00000000a3000000| PB 0x00000000a3000000| Untracked 
| 561|0x00000000a3100000, 0x00000000a3100000, 0x00000000a3200000|  0%| F|  |TAMS 0x00000000a3100000| PB 0x00000000a3100000| Untracked 
| 562|0x00000000a3200000, 0x00000000a3200000, 0x00000000a3300000|  0%| F|  |TAMS 0x00000000a3200000| PB 0x00000000a3200000| Untracked 
| 563|0x00000000a3300000, 0x00000000a331d650, 0x00000000a3400000| 11%| E|  |TAMS 0x00000000a3300000| PB 0x00000000a3300000| Complete 
| 564|0x00000000a3400000, 0x00000000a3500000, 0x00000000a3500000|100%| E|CS|TAMS 0x00000000a3400000| PB 0x00000000a3400000| Complete 
| 565|0x00000000a3500000, 0x00000000a3600000, 0x00000000a3600000|100%| E|  |TAMS 0x00000000a3500000| PB 0x00000000a3500000| Complete 
| 566|0x00000000a3600000, 0x00000000a3700000, 0x00000000a3700000|100%| E|CS|TAMS 0x00000000a3600000| PB 0x00000000a3600000| Complete 
| 567|0x00000000a3700000, 0x00000000a3800000, 0x00000000a3800000|100%| E|CS|TAMS 0x00000000a3700000| PB 0x00000000a3700000| Complete 
| 568|0x00000000a3800000, 0x00000000a3900000, 0x00000000a3900000|100%| E|CS|TAMS 0x00000000a3800000| PB 0x00000000a3800000| Complete 
| 569|0x00000000a3900000, 0x00000000a3a00000, 0x00000000a3a00000|100%| E|CS|TAMS 0x00000000a3900000| PB 0x00000000a3900000| Complete 
| 570|0x00000000a3a00000, 0x00000000a3b00000, 0x00000000a3b00000|100%| E|CS|TAMS 0x00000000a3a00000| PB 0x00000000a3a00000| Complete 
|2031|0x00000000fef00000, 0x00000000fef73fa0, 0x00000000ff000000| 45%| O|  |TAMS 0x00000000fef73fa0| PB 0x00000000fef00000| Updating 
|2032|0x00000000ff000000, 0x00000000ff100000, 0x00000000ff100000|100%| O|  |TAMS 0x00000000ff100000| PB 0x00000000ff000000| Untracked 
|2033|0x00000000ff100000, 0x00000000ff200000, 0x00000000ff200000|100%| O|  |TAMS 0x00000000ff200000| PB 0x00000000ff100000| Untracked 
|2034|0x00000000ff200000, 0x00000000ff300000, 0x00000000ff300000|100%| E|CS|TAMS 0x00000000ff200000| PB 0x00000000ff200000| Complete 
|2035|0x00000000ff300000, 0x00000000ff400000, 0x00000000ff400000|100%| E|CS|TAMS 0x00000000ff300000| PB 0x00000000ff300000| Complete 
|2036|0x00000000ff400000, 0x00000000ff500000, 0x00000000ff500000|100%| O|  |TAMS 0x00000000ff500000| PB 0x00000000ff400000| Updating 
|2037|0x00000000ff500000, 0x00000000ff600000, 0x00000000ff600000|100%| E|CS|TAMS 0x00000000ff500000| PB 0x00000000ff500000| Complete 
|2038|0x00000000ff600000, 0x00000000ff700000, 0x00000000ff700000|100%| E|CS|TAMS 0x00000000ff600000| PB 0x00000000ff600000| Complete 
|2039|0x00000000ff700000, 0x00000000ff800000, 0x00000000ff800000|100%| E|CS|TAMS 0x00000000ff700000| PB 0x00000000ff700000| Complete 
|2040|0x00000000ff800000, 0x00000000ff900000, 0x00000000ff900000|100%| O|  |TAMS 0x00000000ff900000| PB 0x00000000ff800000| Untracked 
|2041|0x00000000ff900000, 0x00000000ffa00000, 0x00000000ffa00000|100%| E|CS|TAMS 0x00000000ff900000| PB 0x00000000ff900000| Complete 
|2042|0x00000000ffa00000, 0x00000000ffb00000, 0x00000000ffb00000|100%| E|CS|TAMS 0x00000000ffa00000| PB 0x00000000ffa00000| Complete 
|2043|0x00000000ffb00000, 0x00000000ffc00000, 0x00000000ffc00000|100%| E|CS|TAMS 0x00000000ffb00000| PB 0x00000000ffb00000| Complete 
|2044|0x00000000ffc00000, 0x00000000ffd00000, 0x00000000ffd00000|100%| E|CS|TAMS 0x00000000ffc00000| PB 0x00000000ffc00000| Complete 
|2045|0x00000000ffd00000, 0x00000000ffe00000, 0x00000000ffe00000|100%| O|  |TAMS 0x00000000ffe00000| PB 0x00000000ffd00000| Untracked 
|2046|0x00000000ffe00000, 0x00000000fff00000, 0x00000000fff00000|100%| E|CS|TAMS 0x00000000ffe00000| PB 0x00000000ffe00000| Complete 
|2047|0x00000000fff00000, 0x0000000100000000, 0x0000000100000000|100%| O|  |TAMS 0x0000000100000000| PB 0x00000000fff00000| Updating 

Card table byte_map: [0x0000027cb3ce0000,0x0000027cb40e0000] _byte_map_base: 0x0000027cb38e0000

Marking Bits: (CMBitMap*) 0x0000027ca14a3650
 Bits: [0x0000027cb40e0000, 0x0000027cb60e0000)

Polling page: 0x0000027c9f2c0000

Metaspace:

Usage:
  Non-class:    143.83 MB used.
      Class:     23.65 MB used.
       Both:    167.48 MB used.

Virtual space:
  Non-class space:      192.00 MB reserved,     145.12 MB ( 76%) committed,  3 nodes.
      Class space:        1.00 GB reserved,      24.81 MB (  2%) committed,  1 nodes.
             Both:        1.19 GB reserved,     169.94 MB ( 14%) committed. 

Chunk freelists:
   Non-Class:  14.67 MB
       Class:  7.08 MB
        Both:  21.75 MB

MaxMetaspaceSize: unlimited
CompressedClassSpaceSize: 1.00 GB
Initial GC threshold: 21.00 MB
Current GC threshold: 283.12 MB
CDS: off
 - commit_granule_bytes: 65536.
 - commit_granule_words: 8192.
 - virtual_space_node_default_size: 8388608.
 - enlarge_chunks_in_place: 1.
 - use_allocation_guard: 0.


Internal statistics:

num_allocs_failed_limit: 9.
num_arena_births: 4922.
num_arena_deaths: 0.
num_vsnodes_births: 4.
num_vsnodes_deaths: 0.
num_space_committed: 2718.
num_space_uncommitted: 0.
num_chunks_returned_to_freelist: 9.
num_chunks_taken_from_freelist: 12088.
num_chunk_merges: 9.
num_chunk_splits: 8183.
num_chunks_enlarged: 5512.
num_inconsistent_stats: 0.

CodeHeap 'non-profiled nmethods': size=120000Kb used=13260Kb max_used=14211Kb free=106739Kb
 bounds [0x0000027cac080000, 0x0000027cace70000, 0x0000027cb35b0000]
CodeHeap 'profiled nmethods': size=120000Kb used=40472Kb max_used=44321Kb free=79528Kb
 bounds [0x0000027ca45b0000, 0x0000027ca7100000, 0x0000027cabae0000]
CodeHeap 'non-nmethods': size=5760Kb used=2118Kb max_used=2198Kb free=3641Kb
 bounds [0x0000027cabae0000, 0x0000027cabd50000, 0x0000027cac080000]
CodeCache: size=245760Kb, used=55850Kb, max_used=60730Kb, free=189908Kb
 total_blobs=21401, nmethods=20431, adapters=870, full_count=0
Compilation: enabled, stopped_count=0, restarted_count=0

Compilation events (20 events):
Event: 70.916 Thread 0x0000027cbd0bd730 nmethod 26489 0x0000027ca70f0690 code [0x0000027ca70f0840, 0x0000027ca70f0a38]
Event: 70.917 Thread 0x0000027cbd0bd730 26490       2       com.google.gson.stream.JsonReader::nextQuotedValue (296 bytes)
Event: 70.919 Thread 0x0000027cbd0bd730 nmethod 26490 0x0000027ca70f0b90 code [0x0000027ca70f0e00, 0x0000027ca70f15f0]
Event: 70.919 Thread 0x0000027cbd0bd730 26491       2       com.sun.org.apache.xerces.internal.parsers.XML11Configuration::getPropertyState (23 bytes)
Event: 70.921 Thread 0x0000027cbd0bd730 nmethod 26491 0x0000027ca70f1b90 code [0x0000027ca70f1d80, 0x0000027ca70f21e8]
Event: 70.921 Thread 0x0000027cbd0bd730 26492       2       com.sun.org.apache.xerces.internal.util.ParserConfigurationSettings::getPropertyState (35 bytes)
Event: 70.922 Thread 0x0000027cbd0bd730 nmethod 26492 0x0000027ca70f2410 code [0x0000027ca70f25e0, 0x0000027ca70f28e8]
Event: 70.922 Thread 0x0000027cbd0bd730 26493       2       com.sun.org.apache.xerces.internal.util.PropertyState::is (12 bytes)
Event: 70.922 Thread 0x0000027cbd0bd730 nmethod 26493 0x0000027ca70f2a90 code [0x0000027ca70f2c40, 0x0000027ca70f2e48]
Event: 70.922 Thread 0x0000027cbd0bd730 26494       2       com.sun.org.apache.xerces.internal.util.AugmentationsImpl::removeAllItems (8 bytes)
Event: 70.923 Thread 0x0000027cbd0bd730 nmethod 26494 0x0000027ca70f2f10 code [0x0000027ca70f30c0, 0x0000027ca70f31f0]
Event: 70.923 Thread 0x0000027cbd0bd730 26495       2       com.sun.org.apache.xerces.internal.impl.XMLDocumentFragmentScannerImpl::seekCloseOfStartTag (138 bytes)
Event: 70.924 Thread 0x0000027cbd0bd730 nmethod 26495 0x0000027ca70f3310 code [0x0000027ca70f3560, 0x0000027ca70f3bc0]
Event: 70.924 Thread 0x0000027cbd0bd730 26496       1       com.sun.org.apache.xerces.internal.parsers.AbstractSAXParser$AttributesProxy::setAttributes (6 bytes)
Event: 70.924 Thread 0x0000027cbd0bd730 nmethod 26496 0x0000027cace60910 code [0x0000027cace60aa0, 0x0000027cace60bb0]
Event: 70.927 Thread 0x0000027cbd0bd730 26497       1       sun.security.util.KnownOIDs::stdName (5 bytes)
Event: 70.927 Thread 0x0000027cbd0bd730 nmethod 26497 0x0000027cace60c10 code [0x0000027cace60da0, 0x0000027cace60e68]
Event: 71.125 Thread 0x0000027cbd0bd730 26503       2       com.sun.crypto.provider.AESCrypt::decryptBlock (10 bytes)
Event: 71.125 Thread 0x0000027cbd0bd730 nmethod 26503 0x0000027ca70f3f10 code [0x0000027ca70f40c0, 0x0000027ca70f41e0]
Event: 71.125 Thread 0x0000027cbd0bd730 26504       2       com.sun.crypto.provider.AESCrypt::implDecryptBlock (3849 bytes)

GC Heap History (20 events):
Event: 46.452 GC heap after
{Heap after GC invocations=82 (full 0):
 garbage-first heap   total 466944K, used 184320K [0x0000000080000000, 0x0000000100000000)
  region size 1024K, 10 young (10240K), 10 survivors (10240K)
 Metaspace       used 142343K, committed 144768K, reserved 1179648K
  class space    used 19914K, committed 21120K, reserved 1048576K
}
Event: 46.802 GC heap before
{Heap before GC invocations=83 (full 0):
 garbage-first heap   total 466944K, used 423936K [0x0000000080000000, 0x0000000100000000)
  region size 1024K, 245 young (250880K), 10 survivors (10240K)
 Metaspace       used 142343K, committed 144768K, reserved 1179648K
  class space    used 19914K, committed 21120K, reserved 1048576K
}
Event: 46.815 GC heap after
{Heap after GC invocations=84 (full 0):
 garbage-first heap   total 466944K, used 184562K [0x0000000080000000, 0x0000000100000000)
  region size 1024K, 11 young (11264K), 11 survivors (11264K)
 Metaspace       used 142343K, committed 144768K, reserved 1179648K
  class space    used 19914K, committed 21120K, reserved 1048576K
}
Event: 47.268 GC heap before
{Heap before GC invocations=84 (full 0):
 garbage-first heap   total 466944K, used 429298K [0x0000000080000000, 0x0000000100000000)
  region size 1024K, 251 young (257024K), 11 survivors (11264K)
 Metaspace       used 142408K, committed 144832K, reserved 1179648K
  class space    used 19922K, committed 21120K, reserved 1048576K
}
Event: 47.285 GC heap after
{Heap after GC invocations=85 (full 0):
 garbage-first heap   total 532480K, used 180217K [0x0000000080000000, 0x0000000100000000)
  region size 1024K, 12 young (12288K), 12 survivors (12288K)
 Metaspace       used 142408K, committed 144832K, reserved 1179648K
  class space    used 19922K, committed 21120K, reserved 1048576K
}
Event: 47.805 GC heap before
{Heap before GC invocations=85 (full 0):
 garbage-first heap   total 532480K, used 480249K [0x0000000080000000, 0x0000000100000000)
  region size 1024K, 306 young (313344K), 12 survivors (12288K)
 Metaspace       used 142415K, committed 144832K, reserved 1179648K
  class space    used 19922K, committed 21120K, reserved 1048576K
}
Event: 47.820 GC heap after
{Heap after GC invocations=86 (full 0):
 garbage-first heap   total 532480K, used 179766K [0x0000000080000000, 0x0000000100000000)
  region size 1024K, 12 young (12288K), 12 survivors (12288K)
 Metaspace       used 142415K, committed 144832K, reserved 1179648K
  class space    used 19922K, committed 21120K, reserved 1048576K
}
Event: 48.482 GC heap before
{Heap before GC invocations=86 (full 0):
 garbage-first heap   total 532480K, used 260662K [0x0000000080000000, 0x0000000100000000)
  region size 1024K, 93 young (95232K), 12 survivors (12288K)
 Metaspace       used 142587K, committed 145024K, reserved 1179648K
  class space    used 19936K, committed 21120K, reserved 1048576K
}
Event: 48.500 GC heap after
{Heap after GC invocations=87 (full 0):
 garbage-first heap   total 532480K, used 182848K [0x0000000080000000, 0x0000000100000000)
  region size 1024K, 15 young (15360K), 15 survivors (15360K)
 Metaspace       used 142587K, committed 145024K, reserved 1179648K
  class space    used 19936K, committed 21120K, reserved 1048576K
}
Event: 52.893 GC heap before
{Heap before GC invocations=88 (full 0):
 garbage-first heap   total 532480K, used 488000K [0x0000000080000000, 0x0000000100000000)
  region size 1024K, 312 young (319488K), 15 survivors (15360K)
 Metaspace       used 164954K, committed 167488K, reserved 1245184K
  class space    used 23453K, committed 24704K, reserved 1048576K
}
Event: 52.928 GC heap after
{Heap after GC invocations=89 (full 0):
 garbage-first heap   total 532480K, used 190528K [0x0000000080000000, 0x0000000100000000)
  region size 1024K, 25 young (25600K), 25 survivors (25600K)
 Metaspace       used 164954K, committed 167488K, reserved 1245184K
  class space    used 23453K, committed 24704K, reserved 1048576K
}
Event: 54.843 GC heap before
{Heap before GC invocations=89 (full 0):
 garbage-first heap   total 532480K, used 483392K [0x0000000080000000, 0x0000000100000000)
  region size 1024K, 312 young (319488K), 25 survivors (25600K)
 Metaspace       used 166104K, committed 168640K, reserved 1245184K
  class space    used 23586K, committed 24832K, reserved 1048576K
}
Event: 54.870 GC heap after
{Heap after GC invocations=90 (full 0):
 garbage-first heap   total 532480K, used 183423K [0x0000000080000000, 0x0000000100000000)
  region size 1024K, 18 young (18432K), 18 survivors (18432K)
 Metaspace       used 166104K, committed 168640K, reserved 1245184K
  class space    used 23586K, committed 24832K, reserved 1048576K
}
Event: 56.252 GC heap before
{Heap before GC invocations=90 (full 0):
 garbage-first heap   total 532480K, used 483455K [0x0000000080000000, 0x0000000100000000)
  region size 1024K, 312 young (319488K), 18 survivors (18432K)
 Metaspace       used 166534K, committed 169088K, reserved 1245184K
  class space    used 23603K, committed 24832K, reserved 1048576K
}
Event: 56.273 GC heap after
{Heap after GC invocations=91 (full 0):
 garbage-first heap   total 532480K, used 179245K [0x0000000080000000, 0x0000000100000000)
  region size 1024K, 14 young (14336K), 14 survivors (14336K)
 Metaspace       used 166534K, committed 169088K, reserved 1245184K
  class space    used 23603K, committed 24832K, reserved 1048576K
}
Event: 56.945 GC heap before
{Heap before GC invocations=92 (full 0):
 garbage-first heap   total 532480K, used 484397K [0x0000000080000000, 0x0000000100000000)
  region size 1024K, 312 young (319488K), 14 survivors (14336K)
 Metaspace       used 166534K, committed 169088K, reserved 1245184K
  class space    used 23603K, committed 24832K, reserved 1048576K
}
Event: 56.964 GC heap after
{Heap after GC invocations=93 (full 0):
 garbage-first heap   total 532480K, used 179160K [0x0000000080000000, 0x0000000100000000)
  region size 1024K, 14 young (14336K), 14 survivors (14336K)
 Metaspace       used 166534K, committed 169088K, reserved 1245184K
  class space    used 23603K, committed 24832K, reserved 1048576K
}
Event: 67.030 GC heap before
{Heap before GC invocations=93 (full 0):
 garbage-first heap   total 532480K, used 530392K [0x0000000080000000, 0x0000000100000000)
  region size 1024K, 180 young (184320K), 14 survivors (14336K)
 Metaspace       used 170695K, committed 173184K, reserved 1245184K
  class space    used 24208K, committed 25408K, reserved 1048576K
}
Event: 67.070 GC heap after
{Heap after GC invocations=94 (full 0):
 garbage-first heap   total 555008K, used 181011K [0x0000000080000000, 0x0000000100000000)
  region size 1024K, 19 young (19456K), 19 survivors (19456K)
 Metaspace       used 170695K, committed 173184K, reserved 1245184K
  class space    used 24208K, committed 25408K, reserved 1048576K
}
Event: 71.137 GC heap before
{Heap before GC invocations=94 (full 0):
 garbage-first heap   total 555008K, used 414483K [0x0000000080000000, 0x0000000100000000)
  region size 1024K, 248 young (253952K), 19 survivors (19456K)
 Metaspace       used 171461K, committed 173952K, reserved 1245184K
  class space    used 24215K, committed 25408K, reserved 1048576K
}

Dll operation events (3 events):
Event: 0.010 Loaded shared library C:\Program Files\Android\Android Studio\jbr\bin\java.dll
Event: 0.016 Loaded shared library C:\Program Files\Android\Android Studio\jbr\bin\zip.dll
Event: 0.863 Loaded shared library C:\Program Files\Android\Android Studio\jbr\bin\verify.dll

Deoptimization events (20 events):
Event: 70.392 Thread 0x0000027cc01d8130 Uncommon trap: trap_request=0xffffffde fr.pc=0x0000027cacd5c9b8 relative=0x0000000000000778
Event: 70.392 Thread 0x0000027cc01d8130 Uncommon trap: reason=class_check action=maybe_recompile pc=0x0000027cacd5c9b8 method=org.gradle.internal.snapshot.impl.AbstractValueProcessor.processValue(Ljava/lang/Object;Lorg/gradle/internal/snapshot/impl/AbstractValueProcessor$ValueVisitor;)Ljava/lan
Event: 70.392 Thread 0x0000027cc01d8130 DEOPT PACKING pc=0x0000027cacd5c9b8 sp=0x000000cc22bfae70
Event: 70.392 Thread 0x0000027cc01d8130 DEOPT UNPACKING pc=0x0000027cabb343a2 sp=0x000000cc22bfade8 mode 2
Event: 70.588 Thread 0x0000027cc01d8130 Uncommon trap: trap_request=0xffffffde fr.pc=0x0000027cac858794 relative=0x0000000000000234
Event: 70.588 Thread 0x0000027cc01d8130 Uncommon trap: reason=class_check action=maybe_recompile pc=0x0000027cac858794 method=org.gradle.internal.snapshot.AbstractFileSystemLocationSnapshot.getSnapshot(Lorg/gradle/internal/snapshot/VfsRelativePath;Lorg/gradle/internal/snapshot/CaseSensitivity;)
Event: 70.588 Thread 0x0000027cc01d8130 DEOPT PACKING pc=0x0000027cac858794 sp=0x000000cc22bfc0c0
Event: 70.588 Thread 0x0000027cc01d8130 DEOPT UNPACKING pc=0x0000027cabb343a2 sp=0x000000cc22bfc048 mode 2
Event: 70.833 Thread 0x0000027cc01d94e0 Uncommon trap: trap_request=0xffffffc6 fr.pc=0x0000027cac771ca4 relative=0x0000000000000344
Event: 70.833 Thread 0x0000027cc01d94e0 Uncommon trap: reason=bimorphic_or_optimized_type_check action=maybe_recompile pc=0x0000027cac771ca4 method=org.gradle.internal.snapshot.ChildMapFactory.childMapFromSorted(Ljava/util/List;)Lorg/gradle/internal/snapshot/ChildMap; @ 1 c2
Event: 70.833 Thread 0x0000027cc01d94e0 DEOPT PACKING pc=0x0000027cac771ca4 sp=0x000000cc22efe4d0
Event: 70.833 Thread 0x0000027cc01d94e0 DEOPT UNPACKING pc=0x0000027cabb343a2 sp=0x000000cc22efe498 mode 2
Event: 70.925 Thread 0x0000027cc18d2c60 Uncommon trap: trap_request=0xffffff45 fr.pc=0x0000027cacab8ec4 relative=0x0000000000000504
Event: 70.925 Thread 0x0000027cc18d2c60 Uncommon trap: reason=unstable_if action=reinterpret pc=0x0000027cacab8ec4 method=java.io.BufferedInputStream.fill()V @ 10 c2
Event: 70.925 Thread 0x0000027cc18d2c60 DEOPT PACKING pc=0x0000027cacab8ec4 sp=0x000000cc25ffd7f0
Event: 70.925 Thread 0x0000027cc18d2c60 DEOPT UNPACKING pc=0x0000027cabb343a2 sp=0x000000cc25ffd7d8 mode 2
Event: 70.929 Thread 0x0000027cc18d2c60 DEOPT PACKING pc=0x0000027ca6d7ff83 sp=0x000000cc25ffd3c0
Event: 70.929 Thread 0x0000027cc18d2c60 DEOPT UNPACKING pc=0x0000027cabb34b42 sp=0x000000cc25ffc890 mode 0
Event: 71.079 Thread 0x0000027cc18d2c60 DEOPT PACKING pc=0x0000027ca6d7ff83 sp=0x000000cc25ffd350
Event: 71.079 Thread 0x0000027cc18d2c60 DEOPT UNPACKING pc=0x0000027cabb34b42 sp=0x000000cc25ffc820 mode 0

Classes loaded (20 events):
Event: 60.175 Loading class javax/management/MalformedObjectNameException
Event: 60.176 Loading class javax/management/MalformedObjectNameException done
Event: 60.176 Loading class javax/management/InstanceAlreadyExistsException
Event: 60.177 Loading class javax/management/InstanceAlreadyExistsException done
Event: 60.177 Loading class javax/management/MBeanRegistrationException
Event: 60.177 Loading class javax/management/MBeanException
Event: 60.177 Loading class javax/management/MBeanException done
Event: 60.177 Loading class javax/management/MBeanRegistrationException done
Event: 60.177 Loading class javax/management/NotCompliantMBeanException
Event: 60.178 Loading class javax/management/NotCompliantMBeanException done
Event: 60.178 Loading class javax/management/AttributeNotFoundException
Event: 60.178 Loading class javax/management/AttributeNotFoundException done
Event: 60.178 Loading class javax/management/ReflectionException
Event: 60.178 Loading class javax/management/ReflectionException done
Event: 60.178 Loading class javax/management/InstanceNotFoundException
Event: 60.178 Loading class javax/management/InstanceNotFoundException done
Event: 60.806 Loading class java/util/concurrent/CompletableFuture$AsyncRun
Event: 60.808 Loading class java/util/concurrent/CompletableFuture$AsyncRun done
Event: 66.638 Loading class jdk/internal/math/FormattedFPDecimal
Event: 66.639 Loading class jdk/internal/math/FormattedFPDecimal done

Classes unloaded (0 events):
No events

Classes redefined (0 events):
No events

Internal exceptions (20 events):
Event: 70.505 Thread 0x0000027cc01d8130 Exception <a 'sun/nio/fs/WindowsException'{0x0000000093892030}> (0x0000000093892030) 
thrown [s\src\hotspot\share\prims\jni.cpp, line 537]
Event: 70.660 Thread 0x0000027cc01d8130 Exception <a 'sun/nio/fs/WindowsException'{0x0000000092ec6ae0}> (0x0000000092ec6ae0) 
thrown [s\src\hotspot\share\prims\jni.cpp, line 537]
Event: 70.706 Thread 0x0000027cc01d8130 Exception <a 'sun/nio/fs/WindowsException'{0x0000000092807388}> (0x0000000092807388) 
thrown [s\src\hotspot\share\prims\jni.cpp, line 537]
Event: 70.709 Thread 0x0000027cc01d8130 Exception <a 'sun/nio/fs/WindowsException'{0x00000000928227a0}> (0x00000000928227a0) 
thrown [s\src\hotspot\share\prims\jni.cpp, line 537]
Event: 70.882 Thread 0x0000027cc01d94e0 Exception <a 'sun/nio/fs/WindowsException'{0x00000000923b1070}> (0x00000000923b1070) 
thrown [s\src\hotspot\share\prims\jni.cpp, line 537]
Event: 70.882 Thread 0x0000027cc01d94e0 Exception <a 'sun/nio/fs/WindowsException'{0x00000000923b2180}> (0x00000000923b2180) 
thrown [s\src\hotspot\share\prims\jni.cpp, line 537]
Event: 70.883 Thread 0x0000027cc01d94e0 Exception <a 'sun/nio/fs/WindowsException'{0x00000000923b30b0}> (0x00000000923b30b0) 
thrown [s\src\hotspot\share\prims\jni.cpp, line 537]
Event: 70.883 Thread 0x0000027cc01d94e0 Exception <a 'sun/nio/fs/WindowsException'{0x00000000923b3200}> (0x00000000923b3200) 
thrown [s\src\hotspot\share\prims\jni.cpp, line 537]
Event: 70.897 Thread 0x0000027cc18d2c60 Exception <a 'sun/nio/fs/WindowsException'{0x00000000922221b0}> (0x00000000922221b0) 
thrown [s\src\hotspot\share\prims\jni.cpp, line 537]
Event: 70.898 Thread 0x0000027cc18d2c60 Exception <a 'sun/nio/fs/WindowsException'{0x0000000092222ac0}> (0x0000000092222ac0) 
thrown [s\src\hotspot\share\prims\jni.cpp, line 537]
Event: 70.898 Thread 0x0000027cc18d2c60 Exception <a 'sun/nio/fs/WindowsException'{0x00000000922233d0}> (0x00000000922233d0) 
thrown [s\src\hotspot\share\prims\jni.cpp, line 537]
Event: 70.899 Thread 0x0000027cc18d2c60 Exception <a 'sun/nio/fs/WindowsException'{0x0000000092226040}> (0x0000000092226040) 
thrown [s\src\hotspot\share\prims\jni.cpp, line 537]
Event: 70.901 Thread 0x0000027cc18d2c60 Exception <a 'sun/nio/fs/WindowsException'{0x0000000092228898}> (0x0000000092228898) 
thrown [s\src\hotspot\share\prims\jni.cpp, line 537]
Event: 70.903 Thread 0x0000027cc18d2c60 Exception <a 'sun/nio/fs/WindowsException'{0x000000009222b780}> (0x000000009222b780) 
thrown [s\src\hotspot\share\prims\jni.cpp, line 537]
Event: 70.905 Thread 0x0000027cc18d2c60 Exception <a 'sun/nio/fs/WindowsException'{0x000000009222ee70}> (0x000000009222ee70) 
thrown [s\src\hotspot\share\prims\jni.cpp, line 537]
Event: 70.912 Thread 0x0000027cc18d2c60 Exception <a 'sun/nio/fs/WindowsException'{0x0000000092261b28}> (0x0000000092261b28) 
thrown [s\src\hotspot\share\prims\jni.cpp, line 537]
Event: 71.129 Thread 0x0000027cc18d2c60 Exception <a 'sun/nio/fs/WindowsException'{0x000000009203e030}> (0x000000009203e030) 
thrown [s\src\hotspot\share\prims\jni.cpp, line 537]
Event: 71.129 Thread 0x0000027cc18d2c60 Exception <a 'sun/nio/fs/WindowsException'{0x000000009203ebb0}> (0x000000009203ebb0) 
thrown [s\src\hotspot\share\prims\jni.cpp, line 537]
Event: 71.133 Thread 0x0000027cc18d2c60 Exception <a 'sun/nio/fs/WindowsException'{0x00000000920402d0}> (0x00000000920402d0) 
thrown [s\src\hotspot\share\prims\jni.cpp, line 537]
Event: 71.136 Thread 0x0000027cc18d2c60 Exception <a 'sun/nio/fs/WindowsException'{0x0000000092052980}> (0x0000000092052980) 
thrown [s\src\hotspot\share\prims\jni.cpp, line 537]

ZGC Phase Switch (0 events):
No events

VM Operations (20 events):
Event: 60.404 Executing VM operation: HandshakeAllThreads (Deoptimize) done
Event: 61.406 Executing VM operation: Cleanup
Event: 61.406 Executing VM operation: Cleanup done
Event: 62.419 Executing VM operation: Cleanup
Event: 62.420 Executing VM operation: Cleanup done
Event: 63.427 Executing VM operation: Cleanup
Event: 63.427 Executing VM operation: Cleanup done
Event: 67.030 Executing VM operation: G1CollectForAllocation (G1 Evacuation Pause)
Event: 67.070 Executing VM operation: G1CollectForAllocation (G1 Evacuation Pause) done
Event: 67.617 Executing VM operation: ICBufferFull
Event: 67.617 Executing VM operation: ICBufferFull done
Event: 68.403 Executing VM operation: ICBufferFull
Event: 68.404 Executing VM operation: ICBufferFull done
Event: 68.818 Executing VM operation: ICBufferFull
Event: 68.818 Executing VM operation: ICBufferFull done
Event: 69.823 Executing VM operation: Cleanup
Event: 69.823 Executing VM operation: Cleanup done
Event: 70.713 Executing VM operation: ICBufferFull
Event: 70.714 Executing VM operation: ICBufferFull done
Event: 71.137 Executing VM operation: G1TryInitiateConcMark (G1 Humongous Allocation)

Memory protections (0 events):
No events

Nmethod flushes (20 events):
Event: 56.684 Thread 0x0000027cb86dc8e0 flushing  nmethod 0x0000027ca5169090
Event: 56.684 Thread 0x0000027cb86dc8e0 flushing  nmethod 0x0000027ca51b3910
Event: 56.684 Thread 0x0000027cb86dc8e0 flushing  nmethod 0x0000027ca5628f10
Event: 56.684 Thread 0x0000027cb86dc8e0 flushing  nmethod 0x0000027ca5af7110
Event: 56.684 Thread 0x0000027cb86dc8e0 flushing  nmethod 0x0000027ca6350510
Event: 56.684 Thread 0x0000027cb86dc8e0 flushing  nmethod 0x0000027ca6355290
Event: 56.684 Thread 0x0000027cb86dc8e0 flushing  nmethod 0x0000027ca6355910
Event: 56.684 Thread 0x0000027cb86dc8e0 flushing  nmethod 0x0000027ca4e73710
Event: 56.684 Thread 0x0000027cb86dc8e0 flushing  nmethod 0x0000027ca4ead810
Event: 56.684 Thread 0x0000027cb86dc8e0 flushing  nmethod 0x0000027ca5043490
Event: 56.684 Thread 0x0000027cb86dc8e0 flushing  nmethod 0x0000027ca51cee10
Event: 56.684 Thread 0x0000027cb86dc8e0 flushing  nmethod 0x0000027ca51cfc90
Event: 56.684 Thread 0x0000027cb86dc8e0 flushing  nmethod 0x0000027ca51d1b90
Event: 56.684 Thread 0x0000027cb86dc8e0 flushing  nmethod 0x0000027ca51d2d10
Event: 56.684 Thread 0x0000027cb86dc8e0 flushing  nmethod 0x0000027ca51d7910
Event: 56.684 Thread 0x0000027cb86dc8e0 flushing  nmethod 0x0000027ca5257090
Event: 56.684 Thread 0x0000027cb86dc8e0 flushing  nmethod 0x0000027ca525ef10
Event: 56.684 Thread 0x0000027cb86dc8e0 flushing  nmethod 0x0000027ca52a8910
Event: 56.684 Thread 0x0000027cb86dc8e0 flushing  nmethod 0x0000027ca56faa10
Event: 56.684 Thread 0x0000027cb86dc8e0 flushing  nmethod 0x0000027ca56fae10

Events (20 events):
Event: 69.991 Thread 0x0000027cc01d8130 Thread added: 0x0000027cc2030110
Event: 70.163 Thread 0x0000027cc01d8130 Thread added: 0x0000027cc202d320
Event: 70.164 Thread 0x0000027cc01d8130 Thread added: 0x0000027cc202cc90
Event: 70.164 Thread 0x0000027cc01d8130 Thread added: 0x0000027cc2ae27a0
Event: 70.164 Thread 0x0000027cc01d8130 Thread added: 0x0000027cc2ae2e30
Event: 70.164 Thread 0x0000027cc01d8130 Thread added: 0x0000027cc2ae34c0
Event: 70.164 Thread 0x0000027cc01d8130 Thread added: 0x0000027cc2ae0040
Event: 70.165 Thread 0x0000027cc01d8130 Thread added: 0x0000027cc2ae41e0
Event: 70.227 Thread 0x0000027cc01d8130 Thread added: 0x0000027cc2ae4870
Event: 70.227 Thread 0x0000027cc01d8130 Thread added: 0x0000027cc2ae1a80
Event: 70.327 Thread 0x0000027cc01d8130 Thread added: 0x0000027cc2ae13f0
Event: 70.328 Thread 0x0000027cc01d8130 Thread added: 0x0000027cc2ae5590
Event: 70.328 Thread 0x0000027cc01d8130 Thread added: 0x0000027cc2ae4f00
Event: 70.330 Thread 0x0000027cc01d8130 Thread added: 0x0000027cc2ae2110
Event: 70.330 Thread 0x0000027cc01d8130 Thread added: 0x0000027cc2ae7660
Event: 70.330 Thread 0x0000027cc01d8130 Thread added: 0x0000027cc2ae62b0
Event: 70.330 Thread 0x0000027cc01d8130 Thread added: 0x0000027cc2ae5c20
Event: 70.512 Thread 0x0000027cc01d8130 Thread added: 0x0000027cc18cfe70
Event: 70.664 Thread 0x0000027cc01d8130 Thread added: 0x0000027cc18d1220
Event: 70.893 Thread 0x0000027cc01d94e0 Thread added: 0x0000027cc18d2c60


Dynamic libraries:
0x00007ff7eaaf0000 - 0x00007ff7eaafa000 	C:\Program Files\Android\Android Studio\jbr\bin\java.exe
0x00007ffba31c0000 - 0x00007ffba3423000 	C:\Windows\SYSTEM32\ntdll.dll
0x00007ffba2560000 - 0x00007ffba2628000 	C:\Windows\System32\KERNEL32.DLL
0x00007ffba0990000 - 0x00007ffba0d42000 	C:\Windows\System32\KERNELBASE.dll
0x00007ffba0590000 - 0x00007ffba06db000 	C:\Windows\System32\ucrtbase.dll
0x00007ffb98400000 - 0x00007ffb9841b000 	C:\Program Files\Android\Android Studio\jbr\bin\VCRUNTIME140.dll
0x00007ffb98440000 - 0x00007ffb98458000 	C:\Program Files\Android\Android Studio\jbr\bin\jli.dll
0x00007ffba2aa0000 - 0x00007ffba2c68000 	C:\Windows\System32\USER32.dll
0x00007ffb86790000 - 0x00007ffb86a20000 	C:\Windows\WinSxS\amd64_microsoft.windows.common-controls_6595b64144ccf1df_6.0.26100.2454_none_3e0b68a2e331ad60\COMCTL32.dll
0x00007ffba0ff0000 - 0x00007ffba1017000 	C:\Windows\System32\win32u.dll
0x00007ffba30d0000 - 0x00007ffba3179000 	C:\Windows\System32\msvcrt.dll
0x00007ffba1020000 - 0x00007ffba104a000 	C:\Windows\System32\GDI32.dll
0x00007ffba06e0000 - 0x00007ffba080b000 	C:\Windows\System32\gdi32full.dll
0x00007ffba0e80000 - 0x00007ffba0f23000 	C:\Windows\System32\msvcp_win.dll
0x00007ffba1050000 - 0x00007ffba107f000 	C:\Windows\System32\IMM32.DLL
0x00007ffb98460000 - 0x00007ffb9846c000 	C:\Program Files\Android\Android Studio\jbr\bin\vcruntime140_1.dll
0x00007ffb8a7f0000 - 0x00007ffb8a87d000 	C:\Program Files\Android\Android Studio\jbr\bin\msvcp140.dll
0x00007ffb3b110000 - 0x00007ffb3bda6000 	C:\Program Files\Android\Android Studio\jbr\bin\server\jvm.dll
0x00007ffba2760000 - 0x00007ffba2814000 	C:\Windows\System32\ADVAPI32.dll
0x00007ffba3020000 - 0x00007ffba30c6000 	C:\Windows\System32\sechost.dll
0x00007ffba2980000 - 0x00007ffba2a96000 	C:\Windows\System32\RPCRT4.dll
0x00007ffba2c70000 - 0x00007ffba2ce4000 	C:\Windows\System32\WS2_32.dll
0x00007ffb9f200000 - 0x00007ffb9f24e000 	C:\Windows\SYSTEM32\POWRPROF.dll
0x00007ffb874f0000 - 0x00007ffb87526000 	C:\Windows\SYSTEM32\WINMM.dll
0x00007ffb97ea0000 - 0x00007ffb97eab000 	C:\Windows\SYSTEM32\VERSION.dll
0x00007ffb9f1e0000 - 0x00007ffb9f1f4000 	C:\Windows\SYSTEM32\UMPDC.dll
0x00007ffb9f4a0000 - 0x00007ffb9f4ba000 	C:\Windows\SYSTEM32\kernel.appcore.dll
0x00007ffb983f0000 - 0x00007ffb983fa000 	C:\Program Files\Android\Android Studio\jbr\bin\jimage.dll
0x00007ffb9dc90000 - 0x00007ffb9ded1000 	C:\Windows\SYSTEM32\DBGHELP.DLL
0x00007ffba2110000 - 0x00007ffba248e000 	C:\Windows\System32\combase.dll
0x00007ffba1110000 - 0x00007ffba11e6000 	C:\Windows\System32\OLEAUT32.dll
0x00007ffb89fe0000 - 0x00007ffb8a019000 	C:\Windows\SYSTEM32\dbgcore.DLL
0x00007ffba0d50000 - 0x00007ffba0de9000 	C:\Windows\System32\bcryptPrimitives.dll
0x00007ffb99800000 - 0x00007ffb9980e000 	C:\Program Files\Android\Android Studio\jbr\bin\instrument.dll
0x00007ffb974c0000 - 0x00007ffb974e0000 	C:\Program Files\Android\Android Studio\jbr\bin\java.dll
0x00007ffb97450000 - 0x00007ffb97468000 	C:\Program Files\Android\Android Studio\jbr\bin\zip.dll
0x00007ffba1860000 - 0x00007ffba1f60000 	C:\Windows\System32\SHELL32.dll
0x00007ffb9e280000 - 0x00007ffb9eab1000 	C:\Windows\SYSTEM32\windows.storage.dll
0x00007ffba2630000 - 0x00007ffba270a000 	C:\Windows\System32\SHCORE.dll
0x00007ffba2920000 - 0x00007ffba297d000 	C:\Windows\System32\shlwapi.dll
0x00007ffba04a0000 - 0x00007ffba04ce000 	C:\Windows\SYSTEM32\profapi.dll
0x00007ffb98220000 - 0x00007ffb98230000 	C:\Program Files\Android\Android Studio\jbr\bin\net.dll
0x00007ffb999c0000 - 0x00007ffb99ae6000 	C:\Windows\SYSTEM32\WINHTTP.dll
0x00007ffb9f980000 - 0x00007ffb9f9e8000 	C:\Windows\system32\mswsock.dll
0x00007ffb958f0000 - 0x00007ffb95906000 	C:\Program Files\Android\Android Studio\jbr\bin\nio.dll
0x00007ffb8cd10000 - 0x00007ffb8cd20000 	C:\Program Files\Android\Android Studio\jbr\bin\verify.dll
0x00007ffb98480000 - 0x00007ffb984a7000 	C:\Users\Albaheth\.gradle\native\1def1411415f61bf3af743bc5b6707747c0891f09f0c88961ee8f79bc544acac\windows-amd64\native-platform.dll
0x00007ffb8b520000 - 0x00007ffb8b597000 	C:\Users\Albaheth\.gradle\native\0.2.8\x86_64-windows-gnu\gradle-fileevents.dll
0x00007ffb958e0000 - 0x00007ffb958e9000 	C:\Program Files\Android\Android Studio\jbr\bin\management.dll
0x00007ffb95810000 - 0x00007ffb9581b000 	C:\Program Files\Android\Android Studio\jbr\bin\management_ext.dll
0x00007ffba24d0000 - 0x00007ffba24d8000 	C:\Windows\System32\PSAPI.DLL
0x00007ffb9eef0000 - 0x00007ffb9ef22000 	C:\Windows\SYSTEM32\IPHLPAPI.DLL
0x00007ffba2e50000 - 0x00007ffba2e5a000 	C:\Windows\System32\NSI.dll
0x00007ffb98190000 - 0x00007ffb98199000 	C:\Program Files\Android\Android Studio\jbr\bin\extnet.dll
0x00007ffb9fd30000 - 0x00007ffb9fd4c000 	C:\Windows\SYSTEM32\CRYPTSP.dll
0x00007ffb9f400000 - 0x00007ffb9f438000 	C:\Windows\system32\rsaenh.dll
0x00007ffb9fa20000 - 0x00007ffb9fa4b000 	C:\Windows\SYSTEM32\USERENV.dll
0x00007ffb9fec0000 - 0x00007ffb9fee6000 	C:\Windows\SYSTEM32\bcrypt.dll
0x00007ffb9fbb0000 - 0x00007ffb9fbbc000 	C:\Windows\SYSTEM32\CRYPTBASE.dll
0x00007ffb1aab0000 - 0x00007ffb1aab8000 	C:\Windows\system32\wshunix.dll

JVMTI agents:
C:\Users\Albaheth\.gradle\wrapper\dists\gradle-9.1.0-bin\9agqghryom9wkf8r80qlhnts3\gradle-9.1.0\lib\agents\gradle-instrumentation-agent-9.1.0.jar path:C:\Program Files\Android\Android Studio\jbr\bin\instrument.dll, loaded, initialized, instrumentlib options:none

dbghelp: loaded successfully - version: 4.0.5 - missing functions: none
symbol engine: initialized successfully - sym options: 0x614 - pdb path: .;C:\Program Files\Android\Android Studio\jbr\bin;C:\Windows\SYSTEM32;C:\Windows\WinSxS\amd64_microsoft.windows.common-controls_6595b64144ccf1df_6.0.26100.2454_none_3e0b68a2e331ad60;C:\Program Files\Android\Android Studio\jbr\bin\server;C:\Users\Albaheth\.gradle\native\1def1411415f61bf3af743bc5b6707747c0891f09f0c88961ee8f79bc544acac\windows-amd64;C:\Users\Albaheth\.gradle\native\0.2.8\x86_64-windows-gnu

VM Arguments:
jvm_args: --add-opens=java.base/java.lang=ALL-UNNAMED --add-opens=java.base/java.lang.invoke=ALL-UNNAMED --add-opens=java.base/java.util=ALL-UNNAMED --add-opens=java.prefs/java.util.prefs=ALL-UNNAMED --add-exports=jdk.compiler/com.sun.tools.javac.api=ALL-UNNAMED --add-exports=jdk.compiler/com.sun.tools.javac.util=ALL-UNNAMED --add-opens=java.base/java.util=ALL-UNNAMED --add-opens=java.prefs/java.util.prefs=ALL-UNNAMED --add-opens=java.base/java.nio.charset=ALL-UNNAMED --add-opens=java.base/java.net=ALL-UNNAMED --add-opens=java.base/java.util.concurrent=ALL-UNNAMED --add-opens=java.base/java.util.concurrent.atomic=ALL-UNNAMED --add-opens=java.xml/javax.xml.namespace=ALL-UNNAMED --add-opens=java.base/java.time=ALL-UNNAMED -Xmx2048m -Dfile.encoding=UTF-8 -Duser.country=US -Duser.language=en -Duser.variant -javaagent:C:\Users\Albaheth\.gradle\wrapper\dists\gradle-9.1.0-bin\9agqghryom9wkf8r80qlhnts3\gradle-9.1.0\lib\agents\gradle-instrumentation-agent-9.1.0.jar 
java_command: org.gradle.launcher.daemon.bootstrap.GradleDaemon 9.1.0
java_class_path (initial): C:\Users\Albaheth\.gradle\wrapper\dists\gradle-9.1.0-bin\9agqghryom9wkf8r80qlhnts3\gradle-9.1.0\lib\gradle-daemon-main-9.1.0.jar
Launcher Type: SUN_STANDARD

[Global flags]
     intx CICompilerCount                          = 4                                         {product} {ergonomic}
     uint ConcGCThreads                            = 2                                         {product} {ergonomic}
     uint G1ConcRefinementThreads                  = 8                                         {product} {ergonomic}
   size_t G1HeapRegionSize                         = 1048576                                   {product} {ergonomic}
    uintx GCDrainStackTargetSize                   = 64                                        {product} {ergonomic}
   size_t InitialHeapSize                          = 132120576                                 {product} {ergonomic}
   size_t MarkStackSize                            = 4194304                                   {product} {ergonomic}
   size_t MaxHeapSize                              = 2147483648                                {product} {command line}
   size_t MaxNewSize                               = 1287651328                                {product} {ergonomic}
   size_t MinHeapDeltaBytes                        = 1048576                                   {product} {ergonomic}
   size_t MinHeapSize                              = 8388608                                   {product} {ergonomic}
    uintx NonNMethodCodeHeapSize                   = 5839372                                {pd product} {ergonomic}
    uintx NonProfiledCodeHeapSize                  = 122909434                              {pd product} {ergonomic}
    uintx ProfiledCodeHeapSize                     = 122909434                              {pd product} {ergonomic}
    uintx ReservedCodeCacheSize                    = 251658240                              {pd product} {ergonomic}
     bool SegmentedCodeCache                       = true                                      {product} {ergonomic}
   size_t SoftMaxHeapSize                          = 2147483648                             {manageable} {ergonomic}
     bool UseCompressedOops                        = true                           {product lp64_product} {ergonomic}
     bool UseG1GC                                  = true                                      {product} {ergonomic}
     bool UseLargePagesIndividualAllocation        = false                                  {pd product} {ergonomic}

Logging:
Log output configuration:
 #0: stdout all=warning uptime,level,tags foldmultilines=false
 #1: stderr all=off uptime,level,tags foldmultilines=false

Release file:
JAVA_VERSION="21.0.9" 
MODULES="java.base java.compiler java.datatransfer java.xml java.prefs java.desktop java.instrument java.logging java.management java.security.sasl java.naming java.rmi java.management.rmi java.net.http java.scripting java.security.jgss java.transaction.xa java.sql java.sql.rowset java.xml.crypto java.se java.smartcardio jdk.accessibility jdk.internal.jvmstat jdk.attach jdk.charsets jdk.internal.opt jdk.zipfs jdk.compiler jdk.crypto.ec jdk.crypto.cryptoki jdk.dynalink jdk.hotspot.agent jdk.httpserver jdk.internal.ed jdk.internal.le jdk.internal.vm.ci jdk.jartool jdk.javadoc jdk.jcmd jdk.jdeps jdk.jdwp.agent jdk.jdi jdk.jfr jdk.jlink jdk.jsobject jdk.localedata jdk.management jdk.management.agent jdk.management.jfr jdk.naming.dns jdk.naming.rmi jdk.net jdk.sctp jdk.security.auth jdk.security.jgss jdk.unsupported jdk.unsupported.desktop jdk.xml.dom" 
IMPLEMENTOR="JetBrains s.r.o." 
JAVA_RUNTIME_VERSION="21.0.9+-14649483-b1163.86" 
LIBC="default" 
OS_ARCH="x86_64" 
OS_NAME="Windows" 
SOURCE=".:git:554d0c326095" 

Environment Variables:
JAVA_HOME=C:\oracleJdk-25
PATH=C:\oracleJdk-25\bin;C:\javafx-25;C:\xampp\php;C:\Windows\system32;C:\Windows;C:\Windows\System32\Wbem;C:\Windows\System32\WindowsPowerShell\v1.0\;C:\Windows\System32\OpenSSH\;C:\Program Files\dotnet\;C:\Program Files\Git\cmd;C:\Program Files\nodejs\;C:\Users\Albaheth\Downloads\winlibs-x86_64-posix-seh-gcc-14.2.0-llvm-18.1.8-mingw-w64ucrt-12.0.0-r1\mingw64\bin;C:\win_flex_bison-latest;C:\Users\Albaheth\Downloads\winlibs-x86_64-posix-seh-gcc-14.2.0-llvm-18.1.8-mingw-w64ucrt-12.0.0-r1\mingw64\bin;C:\Users\Albaheth\AppData\Local\Programs\Python\Python314\Scripts\;C:\Users\Albaheth\AppData\Local\Programs\Python\Python314\;C:\Users\Albaheth\AppData\Local\Programs\Python\Launcher\;C:\Users\Albaheth\AppData\Local\Microsoft\WindowsApps;C:\Users\Albaheth\AppData\Local\Programs\Microsoft VS Code\bin;C:\Users\Albaheth\AppData\Roaming\npm;C:\Flex Windows\gcc\bin;C:\Flex Windows\Lex\bin;C:\Flex Windows\bison\bin;C:\Users\Albaheth\Downloads\openjdk-25.0.1_windows-x64_bin\bin;
USERNAME=Dell Abir
OS=Windows_NT
PROCESSOR_IDENTIFIER=Intel64 Family 6 Model 142 Stepping 12, GenuineIntel
TMP=C:\Users\Albaheth\AppData\Local\Temp
TEMP=C:\Users\Albaheth\AppData\Local\Temp




Periodic native trim disabled

JNI global refs:
JNI global refs: 30, weak refs: 14

JNI global refs memory usage: 835, weak refs: 833

Process memory usage:
Resident Set Size: 954224K (11% of 8162212K total physical memory with 406120K free physical memory)

OOME stack traces (most recent first):
Classloader memory used:
Loader org.gradle.internal.classloader.VisitableURLClassLoader$InstrumentingVisitableURLClassLoader: 53612K
Loader org.gradle.internal.classloader.VisitableURLClassLoader                         : 45798K
Loader bootstrap                                                                       : 31023K
Loader java.net.URLClassLoader                                                         : 16244K
Loader org.gradle.initialization.MixInLegacyTypesClassLoader                           : 13972K
Loader jdk.internal.loader.ClassLoaders$AppClassLoader                                 : 9157K
Loader jdk.internal.loader.ClassLoaders$PlatformClassLoader                            : 791K
Loader jdk.internal.reflect.DelegatingClassLoader                                      : 483K
Loader org.gradle.internal.classloader.VisitableURLClassLoader                         : 309K
Loader org.gradle.groovy.scripts.internal.DefaultScriptCompilationHandler$ScriptClassLoader: 130K
Loader sun.reflect.misc.MethodUtil                                                     : 2984B

Classes loaded by more than one classloader:
Class Program                                                                         : loaded 5 times (x 72B)
Class com.google.common.base.PairwiseEquivalence                                      : loaded 3 times (x 83B)
Class com.google.common.base.Equivalence$Identity                                     : loaded 3 times (x 82B)
Class com.google.common.collect.RegularImmutableSet                                   : loaded 3 times (x 149B)
Class com.google.common.collect.Iterators$MergingIterator                             : loaded 3 times (x 81B)
Class com.google.common.cache.AbstractCache$StatsCounter                              : loaded 3 times (x 70B)
Class com.google.common.collect.ImmutableList$SubList                                 : loaded 3 times (x 209B)
Class com.google.common.collect.SortedSetMultimap                                     : loaded 3 times (x 70B)
Class com.google.common.collect.ForwardingObject                                      : loaded 3 times (x 72B)
Class com.google.common.base.CharMatcher$IsEither                                     : loaded 3 times (x 111B)
Class com.google.common.cache.CacheLoader$1                                           : loaded 3 times (x 75B)
Class com.google.common.collect.ImmutableSet$SetBuilderImpl                           : loaded 3 times (x 76B)
Class com.google.common.collect.Maps$EntrySet                                         : loaded 3 times (x 136B)
Class com.google.common.cache.LocalCache$EntryFactory$8                               : loaded 3 times (x 83B)
Class com.google.common.collect.ImmutableList                                         : loaded 3 times (x 206B)
Class com.google.common.util.concurrent.ExecutionError                                : loaded 3 times (x 82B)
Class com.google.common.collect.ImmutableEnumSet                                      : loaded 3 times (x 146B)
Class com.google.common.collect.AbstractMapBasedMultimap$WrappedCollection            : loaded 3 times (x 124B)
Class com.google.common.collect.ImmutableSet$EmptySetBuilderImpl                      : loaded 3 times (x 76B)
Class com.google.common.collect.Maps$KeySet                                           : loaded 3 times (x 137B)
Class com.google.common.cache.LocalCache$EntryFactory$7                               : loaded 3 times (x 83B)
Class com.google.common.collect.ImmutableList$1                                       : loaded 3 times (x 97B)
Class Build_gradle                                                                    : loaded 3 times (x 126B)
Class com.google.common.cache.LocalCache$EntryFactory$6                               : loaded 3 times (x 83B)
Class com.google.common.collect.RegularImmutableMap                                   : loaded 3 times (x 121B)
Class com.google.common.collect.ImmutableMap$MapViewOfValuesAsSingletonSets           : loaded 3 times (x 126B)
Class com.google.common.cache.LocalCache$EntryFactory$5                               : loaded 3 times (x 83B)
Class com.google.common.collect.ImmutableSet$Builder                                  : loaded 3 times (x 85B)
Class com.google.common.collect.SetMultimap                                           : loaded 3 times (x 70B)
Class com.google.common.base.CharMatcher$InRange                                      : loaded 3 times (x 111B)
Class com.google.common.collect.UnmodifiableListIterator                              : loaded 3 times (x 95B)
Class com.google.common.cache.LocalCache$EntryFactory$4                               : loaded 3 times (x 83B)
Class com.google.common.collect.ImmutableMapEntrySet$RegularEntrySet                  : loaded 3 times (x 152B)
Class com.google.common.collect.Maps$BiMapConverter                                   : loaded 3 times (x 90B)
Class [Lcom.google.common.cache.CacheBuilder$OneWeigher;                              : loaded 3 times (x 69B)
Class com.google.common.base.Suppliers                                                : loaded 3 times (x 71B)
Class com.google.common.collect.Multimaps                                             : loaded 3 times (x 71B)
Class com.google.common.base.Ticker$1                                                 : loaded 3 times (x 72B)
Class com.google.common.cache.LocalCache$EntryFactory$3                               : loaded 3 times (x 83B)
Class com.google.common.cache.LocalCache$EntryFactory$2                               : loaded 3 times (x 83B)
Class com.google.common.base.Joiner$2                                                 : loaded 3 times (x 79B)
Class com.google.common.base.CharMatcher$NamedFastMatcher                             : loaded 3 times (x 112B)
Class com.google.common.base.CharMatcher$1                                            : loaded 3 times (x 113B)
Class com.google.common.collect.Maps$IteratorBasedAbstractMap                         : loaded 3 times (x 125B)
Class [Lcom.google.common.collect.AbstractIterator$State;                             : loaded 3 times (x 69B)
Class [Lcom.google.common.cache.RemovalListener;                                      : loaded 3 times (x 69B)
Class com.google.common.cache.LocalCache$EntryFactory$1                               : loaded 3 times (x 83B)
Class com.google.common.collect.PeekingIterator                                       : loaded 3 times (x 70B)
Class com.google.common.base.Joiner$1                                                 : loaded 3 times (x 80B)
Class [Lcom.google.common.collect.ImmutableMapEntry;                                  : loaded 3 times (x 69B)
Class com.google.common.base.CharMatcher                                              : loaded 3 times (x 111B)
Class com.google.common.base.Preconditions                                            : loaded 3 times (x 71B)
Class com.google.common.collect.Hashing                                               : loaded 3 times (x 71B)
Class com.google.common.collect.CollectSpliterators$1WithCharacteristics              : loaded 3 times (x 90B)
Class com.google.common.collect.ImmutableEnumMap                                      : loaded 3 times (x 126B)
Class com.google.common.collect.ListMultimap                                          : loaded 3 times (x 70B)
Class com.google.common.base.Equivalence$Equals                                       : loaded 3 times (x 82B)
Class com.google.common.collect.RegularImmutableBiMap                                 : loaded 3 times (x 149B)
Class com.google.common.collect.AbstractIterator$State                                : loaded 3 times (x 79B)
Class com.google.common.base.CharMatcher$Is                                           : loaded 3 times (x 111B)
Class com.google.common.collect.Sets$1                                                : loaded 3 times (x 139B)
Class com.google.common.base.CharMatcher$Negated                                      : loaded 3 times (x 113B)
Class com.google.common.cache.LocalCache$ValueReference                               : loaded 3 times (x 70B)
Class com.google.common.collect.RegularImmutableMap$BucketOverflowException           : loaded 3 times (x 82B)
Class com.google.common.base.Suppliers$NonSerializableMemoizingSupplier               : loaded 3 times (x 79B)
Class [Lcom.google.common.cache.Weigher;                                              : loaded 3 times (x 69B)
Class com.google.common.collect.FluentIterable                                        : loaded 3 times (x 81B)
Class com.google.common.cache.LoadingCache                                            : loaded 3 times (x 70B)
Class [Lcom.google.common.base.Function;                                              : loaded 3 times (x 69B)
Class com.google.common.collect.Maps$ViewCachingAbstractMap                           : loaded 3 times (x 125B)
Class com.google.common.collect.ImmutableSet$RegularSetBuilderImpl                    : loaded 3 times (x 77B)
Class com.google.common.cache.CacheLoader$InvalidCacheLoadException                   : loaded 3 times (x 82B)
Class com.google.common.collect.Iterables$5                                           : loaded 3 times (x 81B)
Class com.google.common.collect.Sets$2                                                : loaded 3 times (x 139B)
Class com.google.common.cache.LocalCache$EntryFactory                                 : loaded 3 times (x 83B)
Class com.google.common.collect.SortedMapDifference                                   : loaded 3 times (x 70B)
Class com.google.common.collect.Maps$AbstractFilteredMap                              : loaded 3 times (x 127B)
Class com.google.common.collect.CollectPreconditions                                  : loaded 3 times (x 71B)
Class com.google.common.base.Suppliers$MemoizingSupplier                              : loaded 3 times (x 79B)
Class com.google.common.cache.LocalCache$LocalLoadingCache                            : loaded 3 times (x 134B)
Class com.google.common.collect.ImmutableEntry                                        : loaded 3 times (x 82B)
Class [Lcom.google.common.collect.AbstractMapEntry;                                   : loaded 3 times (x 69B)
Class com.google.common.collect.Sets$3                                                : loaded 3 times (x 139B)
Class com.google.common.collect.ArrayListMultimap                                     : loaded 3 times (x 172B)
Class com.google.common.cache.CacheBuilder$3                                          : loaded 3 times (x 72B)
Class com.google.common.base.CharMatcher$NegatedFastMatcher                           : loaded 3 times (x 113B)
Class com.google.common.cache.CacheBuilder$2                                          : loaded 3 times (x 79B)
Class com.google.common.cache.LocalCache$Strength$1                                   : loaded 3 times (x 81B)
Class com.google.common.cache.LocalCache                                              : loaded 3 times (x 187B)
Class com.google.common.base.Predicate                                                : loaded 3 times (x 70B)
Class com.google.common.collect.Sets$4                                                : loaded 3 times (x 139B)
Class com.google.common.collect.ImmutableMap                                          : loaded 3 times (x 120B)
Class com.google.common.cache.CacheBuilder$1                                          : loaded 3 times (x 85B)
Class [Lcom.google.common.cache.LocalCache$Strength;                                  : loaded 3 times (x 69B)
Class [Lcom.google.common.cache.LocalCache$Segment;                                   : loaded 3 times (x 69B)
Class com.google.common.collect.Sets                                                  : loaded 3 times (x 71B)
Class com.google.common.base.CharMatcher$FastMatcher                                  : loaded 3 times (x 111B)
Class com.google.common.cache.LocalCache$Strength$2                                   : loaded 3 times (x 81B)
Class com.google.common.collect.Collections2$FilteredCollection                       : loaded 3 times (x 119B)
Class com.google.common.base.Ticker                                                   : loaded 3 times (x 72B)
Class com.google.common.base.Supplier                                                 : loaded 3 times (x 70B)
Class com.google.common.base.CharMatcher$Or                                           : loaded 3 times (x 112B)
Class com.google.common.cache.CacheStats                                              : loaded 3 times (x 71B)
Class com.google.common.collect.ImmutableSet                                          : loaded 3 times (x 145B)
Class com.google.common.collect.RegularImmutableMap$Values                            : loaded 3 times (x 207B)
Class com.google.common.base.CharMatcher$BitSetMatcher                                : loaded 3 times (x 112B)
Class com.google.common.cache.LocalCache$Strength$3                                   : loaded 3 times (x 81B)
Class com.google.common.collect.Sets$FilteredSet                                      : loaded 3 times (x 137B)
Class com.google.common.math.IntMath$1                                                : loaded 3 times (x 71B)
Class [Lcom.google.common.collect.Maps$EntryFunction;                                 : loaded 3 times (x 69B)
Class [Lcom.google.common.cache.CacheBuilder$NullListener;                            : loaded 3 times (x 69B)
Class com.google.common.collect.Sets$SetView                                          : loaded 3 times (x 138B)
Class com.google.common.collect.TransformedIterator                                   : loaded 3 times (x 80B)
Class com.google.common.collect.MapDifference                                         : loaded 3 times (x 70B)
Class com.google.common.base.Predicates$CompositionPredicate                          : loaded 3 times (x 88B)
Class com.google.common.collect.Maps$8                                                : loaded 3 times (x 82B)
Class com.google.common.collect.CollectSpliterators                                   : loaded 3 times (x 71B)
Class com.google.common.collect.Sets$3$1                                              : loaded 3 times (x 82B)
Class com.google.common.cache.LocalCache$LoadingValueReference                        : loaded 3 times (x 97B)
Class com.google.common.cache.CacheBuilder$NullListener                               : loaded 3 times (x 82B)
Class [Lcom.google.common.collect.ImmutableEntry;                                     : loaded 3 times (x 69B)
Class com.google.common.collect.Maps                                                  : loaded 3 times (x 71B)
Class com.google.common.collect.AbstractMapBasedMultimap$WrappedSet                   : loaded 3 times (x 142B)
Class com.google.common.collect.Maps$EntryFunction                                    : loaded 3 times (x 91B)
Class com.google.common.collect.RegularImmutableList                                  : loaded 3 times (x 213B)
Class com.google.common.collect.IndexedImmutableSet$1                                 : loaded 3 times (x 213B)
Class com.google.common.cache.CacheLoader$FunctionToCacheLoader                       : loaded 3 times (x 75B)
Class com.google.common.cache.CacheBuilder$OneWeigher                                 : loaded 3 times (x 82B)
Class com.google.common.base.Equivalence                                              : loaded 3 times (x 82B)
Class com.google.common.collect.Maps$IteratorBasedAbstractMap$1                       : loaded 3 times (x 138B)
Class com.google.common.collect.ImmutableMapEntry$NonTerminalImmutableMapEntry        : loaded 3 times (x 85B)
Class com.google.common.base.Function                                                 : loaded 3 times (x 70B)
Class com.google.common.base.Predicates                                               : loaded 3 times (x 71B)
Class com.google.common.collect.ImmutableMapEntry                                     : loaded 3 times (x 85B)
Class com.google.common.collect.Iterators$ArrayItr                                    : loaded 3 times (x 97B)
Class com.google.common.collect.ImmutableCollection$Builder                           : loaded 3 times (x 76B)
Class com.google.common.math.IntMath                                                  : loaded 3 times (x 71B)
Class com.google.common.collect.AbstractMapBasedMultimap$KeySet                       : loaded 3 times (x 137B)
Class com.google.common.base.CharMatcher$IsNot                                        : loaded 3 times (x 111B)
Class com.google.common.base.CommonPattern                                            : loaded 3 times (x 74B)
Class com.google.common.cache.LocalCache$LocalManualCache                             : loaded 3 times (x 99B)
Class [Lcom.google.common.cache.LocalCache$EntryFactory;                              : loaded 3 times (x 69B)
Class com.google.common.base.Joiner                                                   : loaded 3 times (x 79B)
Class com.google.common.base.MoreObjects                                              : loaded 3 times (x 71B)
Class com.google.common.collect.Maps$EntryTransformer                                 : loaded 3 times (x 70B)
Class com.google.common.cache.CacheLoader$SupplierToCacheLoader                       : loaded 3 times (x 75B)
Class com.google.common.collect.ImmutableAsList                                       : loaded 3 times (x 209B)
Class com.google.common.collect.Iterators$9                                           : loaded 3 times (x 81B)
Class com.google.common.base.FunctionalEquivalence                                    : loaded 3 times (x 83B)
Class com.google.common.collect.AbstractMapBasedMultimap                              : loaded 3 times (x 139B)
Class com.google.common.collect.Platform                                              : loaded 3 times (x 71B)
Class com.google.common.collect.UnmodifiableIterator                                  : loaded 3 times (x 80B)
Class com.google.common.collect.ImmutableSet$CachingAsList                            : loaded 3 times (x 148B)
Class com.google.common.base.Converter                                                : loaded 3 times (x 90B)
Class com.google.common.cache.LocalCache$1                                            : loaded 3 times (x 89B)
Class com.google.common.base.Ascii                                                    : loaded 3 times (x 71B)
Class com.google.common.collect.Lists                                                 : loaded 3 times (x 71B)
Class com.google.common.collect.SingletonImmutableBiMap                               : loaded 3 times (x 143B)
Class com.google.common.collect.AbstractMapEntry                                      : loaded 3 times (x 81B)
Class com.google.common.cache.ReferenceEntry                                          : loaded 3 times (x 70B)
Class com.google.common.collect.ImmutableCollection                                   : loaded 3 times (x 125B)
Class com.google.common.base.CharMatcher$AnyOf                                        : loaded 3 times (x 112B)
Class com.google.common.collect.Iterators$SingletonIterator                           : loaded 3 times (x 81B)
Class com.google.common.collect.Iterators$6                                           : loaded 3 times (x 81B)
Class com.google.common.cache.LocalCache$2                                            : loaded 3 times (x 142B)
Class com.google.common.collect.AbstractSetMultimap                                   : loaded 3 times (x 174B)
Class com.google.common.base.CharMatcher$ForPredicate                                 : loaded 3 times (x 112B)
Class com.google.common.collect.Sets$ImprovedAbstractSet                              : loaded 3 times (x 135B)
Class com.google.common.collect.AbstractMultimap                                      : loaded 3 times (x 123B)
Class com.google.common.collect.ImmutableList$Builder                                 : loaded 3 times (x 77B)
Class com.google.common.cache.LocalCache$LocalManualCache$1                           : loaded 3 times (x 75B)
Class com.google.common.collect.ImmutableSet$JdkBackedSetBuilderImpl                  : loaded 3 times (x 76B)
Class com.google.common.collect.Iterators$5                                           : loaded 3 times (x 82B)
Class com.google.common.collect.Iterators$4                                           : loaded 3 times (x 82B)
Class com.google.common.collect.ImmutableBiMap                                        : loaded 3 times (x 143B)
Class com.google.common.collect.AbstractListMultimap                                  : loaded 3 times (x 172B)
Class com.google.common.collect.RegularImmutableAsList                                : loaded 3 times (x 217B)
Class com.google.common.base.Optional                                                 : loaded 3 times (x 80B)
Class com.google.common.collect.Iterators                                             : loaded 3 times (x 71B)
Class com.google.common.cache.CacheLoader                                             : loaded 3 times (x 74B)
Class com.google.common.cache.LocalCache$Segment                                      : loaded 3 times (x 154B)
Class com.google.common.util.concurrent.UncheckedExecutionException                   : loaded 3 times (x 82B)
Class com.google.common.collect.Lists$StringAsImmutableList                           : loaded 3 times (x 207B)
Class com.google.common.collect.SingletonImmutableSet                                 : loaded 3 times (x 146B)
Class com.google.common.collect.ImmutableMap$IteratorBasedImmutableMap                : loaded 3 times (x 126B)
Class com.google.common.cache.LocalCache$ComputingValueReference                      : loaded 3 times (x 97B)
Class com.google.common.collect.Iterators$1                                           : loaded 3 times (x 81B)
Class com.google.common.cache.CacheLoader$UnsupportedLoadingOperationException        : loaded 3 times (x 82B)
Class com.google.common.base.Suppliers$SupplierOfInstance                             : loaded 3 times (x 79B)
Class com.google.common.collect.ImmutableList$ReverseImmutableList                    : loaded 3 times (x 209B)
Class com.google.common.base.CharMatcher$And                                          : loaded 3 times (x 112B)
Class com.google.common.base.JdkPattern                                               : loaded 3 times (x 75B)
Class com.google.common.collect.AbstractMapBasedMultimap$KeySet$1                     : loaded 3 times (x 82B)
Class com.google.common.collect.RegularImmutableMap$KeySet                            : loaded 3 times (x 152B)
Class com.google.common.collect.SingletonImmutableList                                : loaded 3 times (x 207B)
Class com.google.common.cache.CacheBuilder                                            : loaded 3 times (x 72B)
Class com.google.common.collect.NullnessCasts                                         : loaded 3 times (x 71B)
Class com.google.common.base.ExtraObjectsMethodsForWeb                                : loaded 3 times (x 71B)
Class com.google.common.base.Objects                                                  : loaded 3 times (x 71B)
Class com.google.common.collect.FluentIterable$1                                      : loaded 3 times (x 81B)
Class com.google.common.collect.Multimap                                              : loaded 3 times (x 70B)
Class com.google.common.primitives.IntsMethodsForWeb                                  : loaded 3 times (x 71B)
Class com.google.common.collect.IndexedImmutableSet                                   : loaded 3 times (x 152B)
Class com.google.common.collect.ImmutableMap$1                                        : loaded 3 times (x 81B)
Class com.google.common.collect.BiMap                                                 : loaded 3 times (x 70B)
Class com.google.common.collect.Maps$EntryFunction$2                                  : loaded 3 times (x 91B)
Class com.google.common.base.Present                                                  : loaded 3 times (x 81B)
Class com.google.common.collect.AbstractMapBasedMultimap$WrappedCollection$WrappedIterator: loaded 3 times (x 84B)
Class com.google.common.collect.FluentIterable$2                                      : loaded 3 times (x 81B)
Class com.google.common.collect.Maps$EntryFunction$1                                  : loaded 3 times (x 91B)
Class com.google.common.cache.RemovalListener                                         : loaded 3 times (x 70B)
Class com.google.common.primitives.Ints                                               : loaded 3 times (x 71B)
Class com.google.common.base.Absent                                                   : loaded 3 times (x 80B)
Class com.google.common.collect.AbstractIterator                                      : loaded 3 times (x 82B)
Class com.google.common.collect.ImmutableMap$Builder                                  : loaded 3 times (x 82B)
Class com.google.common.collect.FluentIterable$3                                      : loaded 3 times (x 81B)
Class com.google.common.base.NullnessCasts                                            : loaded 3 times (x 71B)
Class com.google.common.collect.Multiset                                              : loaded 3 times (x 70B)
Class com.google.common.collect.ArrayListMultimapGwtSerializationDependencies         : loaded 3 times (x 172B)
Class com.google.common.cache.Cache                                                   : loaded 3 times (x 70B)
Class com.google.common.collect.ObjectArrays                                          : loaded 3 times (x 71B)
Class com.google.common.collect.AbstractIndexedListIterator                           : loaded 3 times (x 96B)
Class com.google.common.math.MathPreconditions                                        : loaded 3 times (x 71B)
Class com.google.common.cache.LocalCache$Strength                                     : loaded 3 times (x 81B)
Class com.google.common.cache.Weigher                                                 : loaded 3 times (x 70B)
Class com.google.common.collect.ImmutableMapEntrySet                                  : loaded 3 times (x 152B)
Class com.google.common.collect.Iterables                                             : loaded 3 times (x 71B)
Class kotlin.reflect.jvm.internal.KotlinReflectionInternalError                       : loaded 2 times (x 82B)
Class dagger.hilt.processor.internal.optionvalues.GradleProjectType                   : loaded 2 times (x 79B)
Class kotlin.collections.SetsKt__SetsJVMKt                                            : loaded 2 times (x 71B)
Class kotlin.Function                                                                 : loaded 2 times (x 70B)
Class org.gradle.api.internal.classpath.Module                                        : loaded 2 times (x 70B)
Class com.google.common.collect.ImmutableSetMultimap$Builder                          : loaded 2 times (x 83B)
Class [Lcom.google.common.collect.LinkedHashMultimap$ValueSetLink;                    : loaded 2 times (x 69B)
Class kotlin.internal.ProgressionUtilKt                                               : loaded 2 times (x 71B)
Class kotlin.reflect.jvm.internal.KClassifierImpl                                     : loaded 2 times (x 70B)
Class kotlin.reflect.KMutableProperty                                                 : loaded 2 times (x 70B)
Class org.gradle.api.internal.classpath.UnknownModuleException                        : loaded 2 times (x 82B)
Class kotlin.collections.ArraysKt__ArraysKt                                           : loaded 2 times (x 71B)
Class kotlin.collections.IndexingIterable                                             : loaded 2 times (x 79B)
Class kotlin.jvm.internal.PropertyReference                                           : loaded 2 times (x 115B)
Class com.google.common.base.Stopwatch                                                : loaded 2 times (x 72B)
Class kotlin.Result$Failure                                                           : loaded 2 times (x 72B)
Class kotlin.collections.IndexingIterator                                             : loaded 2 times (x 79B)
Class com.google.common.reflect.Reflection                                            : loaded 2 times (x 71B)
Class com.google.common.util.concurrent.AbstractFuture$Cancellation                   : loaded 2 times (x 72B)
Class kotlin.ResultKt                                                                 : loaded 2 times (x 71B)
Class com.google.common.collect.NullsFirstOrdering                                    : loaded 2 times (x 115B)
Class com.google.common.collect.AbstractMapBasedMultimap$AsMap$AsMapIterator          : loaded 2 times (x 83B)
Class org.gradle.api.internal.classpath.DefaultModuleRegistry$DefaultModule           : loaded 2 times (x 86B)
Class com.google.common.collect.Maps$TransformedEntriesMap                            : loaded 2 times (x 127B)
Class com.google.common.collect.LinkedHashMultimap                                    : loaded 2 times (x 175B)
Class org.objectweb.asm.FieldVisitor                                                  : loaded 2 times (x 77B)
Class [Lkotlin.reflect.jvm.internal.impl.builtins.PrimitiveType;                      : loaded 2 times (x 69B)
Class kotlin.reflect.jvm.internal.impl.builtins.StandardNames                         : loaded 2 times (x 71B)
Class kotlin.reflect.jvm.internal.ReflectProperties$LazySoftVal                       : loaded 2 times (x 78B)
Class [Lkotlin.reflect.KAnnotatedElement;                                             : loaded 2 times (x 69B)
Class com.google.common.base.Throwables                                               : loaded 2 times (x 71B)
Class org.gradle.api.internal.DefaultClassPathRegistry                                : loaded 2 times (x 76B)
Class com.google.common.collect.Maps$FilteredEntryMap$EntrySet$1                      : loaded 2 times (x 82B)
Class kotlin.reflect.jvm.internal.impl.builtins.StandardNames$FqNames                 : loaded 2 times (x 71B)
Class com.google.common.collect.ImmutableMultimap$Keys                                : loaded 2 times (x 166B)
Class com.google.common.collect.AbstractMapBasedMultimap$Itr                          : loaded 2 times (x 83B)
Class kotlin.reflect.jvm.internal.KPropertyImpl                                       : loaded 2 times (x 115B)
Class kotlin.jvm.JvmClassMappingKt                                                    : loaded 2 times (x 71B)
Class kotlin.reflect.KProperty                                                        : loaded 2 times (x 70B)
Class kotlin.jvm.internal.Reflection                                                  : loaded 2 times (x 71B)
Class kotlin.annotation.AnnotationTarget                                              : loaded 2 times (x 79B)
Class kotlin.collections.builders.ListBuilderKt                                       : loaded 2 times (x 71B)
Class com.google.common.reflect.Invokable$ConstructorInvokable                        : loaded 2 times (x 107B)
Class org.gradle.api.internal.ClassPathRegistry                                       : loaded 2 times (x 70B)
Class org.gradle.internal.classpath.DefaultClassPath$ImmutableUniqueList              : loaded 2 times (x 199B)
Class org.gradle.internal.classloader.ClasspathUtil$1                                 : loaded 2 times (x 76B)
Class org.objectweb.asm.ClassWriter                                                   : loaded 2 times (x 106B)
Class kotlin.reflect.jvm.internal.impl.resolve.jvm.JvmPrimitiveType                   : loaded 2 times (x 79B)
Class kotlin.text.StringsKt__StringsJVMKt                                             : loaded 2 times (x 71B)
Class com.google.common.reflect.TypeToken                                             : loaded 2 times (x 73B)
Class kotlin.collections.MapsKt__MapsJVMKt                                            : loaded 2 times (x 71B)
Class kotlin.collections.EmptyList                                                    : loaded 2 times (x 174B)
Class kotlin.text.StringsKt__IndentKt                                                 : loaded 2 times (x 71B)
Class kotlin.collections.SetsKt                                                       : loaded 2 times (x 71B)
Class kotlin.reflect.jvm.internal.ReflectionFactoryImpl                               : loaded 2 times (x 91B)
Class Settings_gradle$1                                                               : loaded 2 times (x 74B)
Class org.gradle.internal.classpath.ClassPath                                         : loaded 2 times (x 70B)
Class com.google.common.collect.LinkedHashMultimap$ValueSet$1                         : loaded 2 times (x 82B)
Class com.google.common.base.Equivalence$Wrapper                                      : loaded 2 times (x 72B)
Class kotlin.DeprecationLevel                                                         : loaded 2 times (x 79B)
Class kotlin.reflect.jvm.internal.KPackageImpl                                        : loaded 2 times (x 85B)
Class [Lkotlin.reflect.jvm.internal.impl.name.FqName;                                 : loaded 2 times (x 69B)
Class kotlin.reflect.KFunction                                                        : loaded 2 times (x 70B)
Class com.google.common.collect.ImmutableBiMap$Builder                                : loaded 2 times (x 82B)
Class [Lcom.google.common.reflect.Types$JavaVersion;                                  : loaded 2 times (x 69B)
Class com.google.common.collect.Sets$1$1                                              : loaded 2 times (x 82B)
Class [Lkotlin.reflect.KDeclarationContainer;                                         : loaded 2 times (x 69B)
Class kotlin.jvm.internal.Lambda                                                      : loaded 2 times (x 75B)
Class kotlin.collections.MapsKt__MapsKt                                               : loaded 2 times (x 71B)
Class org.objectweb.asm.SymbolTable$Entry                                             : loaded 2 times (x 74B)
Class com.google.common.collect.HashMultimapGwtSerializationDependencies              : loaded 2 times (x 174B)
Class [Lcom.google.common.base.CaseFormat;                                            : loaded 2 times (x 69B)
Class org.gradle.internal.InternalTransformer                                         : loaded 2 times (x 70B)
Class org.objectweb.asm.Edge                                                          : loaded 2 times (x 72B)
Class ijJvmDebugger1_4nk09ie7rajpf56fhqp8qjy4i$_run_closure1$_closure2                : loaded 2 times (x 140B)
Class org.gradle.kotlin.dsl.VersionCatalogAccessorsKt                                 : loaded 2 times (x 71B)
Class com.google.common.collect.Count                                                 : loaded 2 times (x 71B)
Class kotlin.reflect.jvm.internal.KMutableProperty1Impl                               : loaded 2 times (x 135B)
Class kotlin.Metadata                                                                 : loaded 2 times (x 70B)
Class com.google.common.collect.ExplicitOrdering                                      : loaded 2 times (x 115B)
Class kotlin.UninitializedPropertyAccessException                                     : loaded 2 times (x 82B)
Class com.google.common.reflect.TypeToken$1                                           : loaded 2 times (x 110B)
Class com.google.common.collect.MultimapBuilder                                       : loaded 2 times (x 73B)
Class com.google.common.util.concurrent.AbstractFuture$Trusted                        : loaded 2 times (x 70B)
Class com.google.common.collect.AbstractMapBasedMultiset                              : loaded 2 times (x 163B)
Class com.google.common.collect.AbstractMapBasedMultimap$AsMap$AsMapEntries           : loaded 2 times (x 138B)
Class kotlin.reflect.KProperty$Getter                                                 : loaded 2 times (x 70B)
Class com.google.common.reflect.TypeToken$2                                           : loaded 2 times (x 110B)
Class ijJvmDebugger1_4nk09ie7rajpf56fhqp8qjy4i$_run_closure1                          : loaded 2 times (x 139B)
Class kotlin.text.CharsKt                                                             : loaded 2 times (x 71B)
Class com.google.common.collect.SortedIterable                                        : loaded 2 times (x 70B)
Class kotlin.reflect.KCallable                                                        : loaded 2 times (x 70B)
Class kotlin.reflect.jvm.internal.impl.utils.CollectionsKt                            : loaded 2 times (x 71B)
Class kotlin.SafePublicationLazyImpl                                                  : loaded 2 times (x 76B)
Class kotlin.reflect.jvm.internal.ReflectProperties                                   : loaded 2 times (x 71B)
Class com.google.common.collect.SortedIterables                                       : loaded 2 times (x 71B)
Class [Lorg.objectweb.asm.SymbolTable$Entry;                                          : loaded 2 times (x 69B)
Class org.gradle.internal.installation.GradleInstallation$1                           : loaded 2 times (x 75B)
Class org.gradle.api.internal.classpath.ModuleRegistry                                : loaded 2 times (x 70B)
Class com.google.common.base.Splitter$SplittingIterator                               : loaded 2 times (x 84B)
Class com.google.common.reflect.TypeToken$SimpleTypeToken                             : loaded 2 times (x 73B)
Class kotlin.collections.CollectionsKt__MutableCollectionsKt                          : loaded 2 times (x 71B)
Class com.google.common.util.concurrent.internal.InternalFutureFailureAccess          : loaded 2 times (x 72B)
Class kotlin.text.RegexKt                                                             : loaded 2 times (x 71B)
Class com.google.common.collect.MultimapBuilder$ArrayListSupplier                     : loaded 2 times (x 77B)
Class kotlin.reflect.KProperty2                                                       : loaded 2 times (x 70B)
Class com.google.common.collect.ImmutableSortedAsList                                 : loaded 2 times (x 221B)
Class kotlin.coroutines.intrinsics.IntrinsicsKt__IntrinsicsKt                         : loaded 2 times (x 71B)
Class kotlin.io.CloseableKt                                                           : loaded 2 times (x 71B)
Class com.google.common.collect.ImmutableMultimap$Values                              : loaded 2 times (x 126B)
Class com.google.common.collect.HashBiMap$BiEntry                                     : loaded 2 times (x 83B)
Class kotlin.reflect.jvm.internal.KDeclarationContainerImpl                           : loaded 2 times (x 84B)
Class com.google.common.collect.Multimaps$CustomListMultimap                          : loaded 2 times (x 174B)
Class kotlin.Pair                                                                     : loaded 2 times (x 72B)
Class kotlin.reflect.KClass                                                           : loaded 2 times (x 70B)
Class kotlin.collections.CollectionsKt__CollectionsJVMKt                              : loaded 2 times (x 71B)
Class com.google.common.collect.Multimaps$CustomSetMultimap                           : loaded 2 times (x 178B)
Class ijKotlinCoroutineJvmDebugInit1_5ro5ikkthzfd4ov1s0iwde684$_run_closure1          : loaded 2 times (x 139B)
Class org.gradle.api.internal.classpath.DefaultModuleRegistry                         : loaded 2 times (x 86B)
Class kotlin.reflect.KProperty1                                                       : loaded 2 times (x 70B)
Class com.google.common.collect.Iterators$ConcatenatedIterator                        : loaded 2 times (x 82B)
Class kotlin.sequences.SequencesKt                                                    : loaded 2 times (x 71B)
Class com.google.common.collect.LinkedHashMultimap$ValueSetLink                       : loaded 2 times (x 70B)
Class com.google.common.collect.ImmutableSetMultimap$EntrySet                         : loaded 2 times (x 146B)
Class org.gradle.internal.service.ServiceLocator                                      : loaded 2 times (x 70B)
Class kotlin.collections.IndexedValue                                                 : loaded 2 times (x 72B)
Class kotlin.reflect.jvm.internal.impl.name.SpecialNames                              : loaded 2 times (x 71B)
Class [Lorg.objectweb.asm.Type;                                                       : loaded 2 times (x 69B)
Class kotlin.collections.CollectionsKt__IteratorsKt                                   : loaded 2 times (x 71B)
Class com.google.common.util.concurrent.ListenableFuture                              : loaded 2 times (x 70B)
Class com.google.common.base.Functions$ConstantFunction                               : loaded 2 times (x 84B)
Class kotlin.reflect.KProperty0                                                       : loaded 2 times (x 70B)
Class kotlin.Result                                                                   : loaded 2 times (x 72B)
Class com.google.common.reflect.TypeResolver$TypeVariableKey                          : loaded 2 times (x 72B)
Class kotlin.collections.CollectionsKt__IteratorsJVMKt                                : loaded 2 times (x 71B)
Class kotlin.text.StringsKt                                                           : loaded 2 times (x 71B)
Class com.google.common.util.concurrent.AbstractFuture                                : loaded 2 times (x 106B)
Class ijKotlinCoroutineJvmDebugInit1_5ro5ikkthzfd4ov1s0iwde684$_run_closure1$_closure2: loaded 2 times (x 139B)
Class kotlin.reflect.jvm.internal.impl.name.FqNamesUtilKt                             : loaded 2 times (x 71B)
Class kotlin.coroutines.jvm.internal.RestrictedContinuationImpl                       : loaded 2 times (x 87B)
Class com.google.common.base.CaseFormat$StringConverter                               : loaded 2 times (x 90B)
Class com.google.common.collect.ImmutableMultiset                                     : loaded 2 times (x 163B)
Class kotlin.LazyKt__LazyJVMKt                                                        : loaded 2 times (x 71B)
Class com.google.common.reflect.TypeResolver$TypeTable                                : loaded 2 times (x 73B)
Class org.objectweb.asm.RecordComponentVisitor                                        : loaded 2 times (x 77B)
Class com.google.common.collect.Maps$AsMapView                                        : loaded 2 times (x 127B)
Class com.google.common.collect.UsingToStringOrdering                                 : loaded 2 times (x 114B)
Class kotlin.jvm.internal.markers.KMutableList                                        : loaded 2 times (x 70B)
Class com.google.common.collect.BaseImmutableMultimap                                 : loaded 2 times (x 123B)
Class kotlin.text.StringsKt__StringNumberConversionsKt                                : loaded 2 times (x 71B)
Class com.google.common.reflect.TypeResolver$TypeTable$1                              : loaded 2 times (x 73B)
Class org.gradle.internal.service.ServiceLookupException                              : loaded 2 times (x 82B)
Class com.google.common.collect.EmptyImmutableListMultimap                            : loaded 2 times (x 176B)
Class kotlin.jvm.internal.MutablePropertyReference1Impl                               : loaded 2 times (x 137B)
Class com.google.common.collect.ImmutableSortedSet                                    : loaded 2 times (x 300B)
Class com.google.common.collect.Lists$ReverseList                                     : loaded 2 times (x 200B)
Class org.gradle.internal.classloader.ClassLoaderFactory                              : loaded 2 times (x 70B)
Class com.google.common.collect.ImmutableMapEntry$NonTerminalImmutableBiMapEntry      : loaded 2 times (x 85B)
Class kotlin.collections.builders.ListBuilder                                         : loaded 2 times (x 207B)
Class kotlin.collections.builders.ListBuilder$Companion                               : loaded 2 times (x 71B)
Class kotlin.reflect.jvm.internal.impl.builtins.PrimitiveType                         : loaded 2 times (x 79B)
Class org.gradle.internal.service.CachingServiceLocator                               : loaded 2 times (x 82B)
Class com.google.common.collect.Streams                                               : loaded 2 times (x 71B)
Class com.google.common.collect.LinkedHashMultimap$ValueEntry                         : loaded 2 times (x 89B)
Class kotlin.collections.AbstractList$IteratorImpl                                    : loaded 2 times (x 82B)
Class com.google.common.collect.RegularImmutableSortedSet                             : loaded 2 times (x 300B)
Class com.google.common.reflect.Types$ParameterizedTypeImpl                           : loaded 2 times (x 81B)
Class kotlin.jvm.internal.CallableReference                                           : loaded 2 times (x 106B)
Class kotlin.enums.EnumEntriesList                                                    : loaded 2 times (x 223B)
Class kotlin.jvm.internal.markers.KMutableMap                                         : loaded 2 times (x 70B)
Class [Lkotlin.annotation.AnnotationTarget;                                           : loaded 2 times (x 69B)
Class kotlin.reflect.jvm.internal.impl.descriptors.runtime.structure.ReflectClassUtilKt: loaded 2 times (x 71B)
Class com.google.common.reflect.Types$TypeVariableInvocationHandler                   : loaded 2 times (x 75B)
Class [Lcom.google.common.collect.HashBiMap$BiEntry;                                  : loaded 2 times (x 69B)
Class kotlin.jvm.internal.FunctionBase                                                : loaded 2 times (x 70B)
Class com.google.common.collect.ImmutableMultimap                                     : loaded 2 times (x 147B)
Class kotlin.jvm.internal.FunctionReference                                           : loaded 2 times (x 122B)
Class com.google.common.collect.ImmutableListMultimap                                 : loaded 2 times (x 176B)
Class [Lkotlin.coroutines.intrinsics.CoroutineSingletons;                             : loaded 2 times (x 69B)
Class kotlin.enums.EnumEntries                                                        : loaded 2 times (x 70B)
Class com.google.common.collect.LinkedHashMultimap$ValueSet                           : loaded 2 times (x 142B)
Class kotlin.jvm.internal.markers.KMutableListIterator                                : loaded 2 times (x 70B)
Class org.gradle.internal.classloader.InstrumentingClassLoader                        : loaded 2 times (x 70B)
Class org.gradle.internal.classpath.TransformedClassPath                              : loaded 2 times (x 96B)
Class org.objectweb.asm.FieldWriter                                                   : loaded 2 times (x 78B)
Class kotlin.reflect.jvm.internal.KDeclarationContainerImpl$Companion                 : loaded 2 times (x 71B)
Class com.google.common.reflect.Types$ClassOwnership$1LocalClass                      : loaded 2 times (x 71B)
Class org.gradle.internal.classloader.ClasspathUtil                                   : loaded 2 times (x 71B)
Class com.google.common.collect.Maps$3                                                : loaded 2 times (x 82B)
Class kotlin.jvm.internal.PropertyReference0                                          : loaded 2 times (x 127B)
Class com.google.common.util.concurrent.Uninterruptibles                              : loaded 2 times (x 71B)
Class com.google.common.reflect.Invokable                                             : loaded 2 times (x 103B)
Class kotlin.text.Regex$Companion                                                     : loaded 2 times (x 71B)
Class kotlin.reflect.full.IllegalCallableAccessException                              : loaded 2 times (x 82B)
Class kotlin.jvm.internal.DefaultConstructorMarker                                    : loaded 2 times (x 71B)
Class kotlin.jvm.internal.PropertyReference1                                          : loaded 2 times (x 127B)
Class com.google.common.util.concurrent.LazyLogger                                    : loaded 2 times (x 72B)
Class org.gradle.api.specs.Spec                                                       : loaded 2 times (x 70B)
Class com.google.common.collect.MultimapBuilder$ListMultimapBuilder                   : loaded 2 times (x 75B)
Class kotlin._Assertions                                                              : loaded 2 times (x 71B)
Class kotlin.LazyKt__LazyJVMKt$WhenMappings                                           : loaded 2 times (x 71B)
Class kotlin.jvm.internal.MutablePropertyReference                                    : loaded 2 times (x 119B)
Class kotlin.jvm.internal.PropertyReference2                                          : loaded 2 times (x 127B)
Class com.google.common.reflect.Types$JavaVersion                                     : loaded 2 times (x 83B)
Class com.google.common.io.ByteStreams                                                : loaded 2 times (x 71B)
Class kotlin.collections.CollectionsKt__CollectionsKt                                 : loaded 2 times (x 71B)
Class [Lkotlin.reflect.jvm.internal.impl.builtins.jvm.JavaToKotlinClassMap$PlatformMutabilityMapping;: loaded 2 times (x 69B)
Class kotlin.LazyThreadSafetyMode                                                     : loaded 2 times (x 79B)
Class kotlin.reflect.full.IllegalPropertyDelegateAccessException                      : loaded 2 times (x 82B)
Class com.google.common.collect.AbstractMapBasedMultimap$AsMap                        : loaded 2 times (x 128B)
Class kotlin.collections.ArraysKt___ArraysJvmKt                                       : loaded 2 times (x 71B)
Class kotlin.jvm.internal.SpreadBuilder                                               : loaded 2 times (x 76B)
Class kotlin.collections.EmptyIterator                                                : loaded 2 times (x 89B)
Class kotlin.text.StringsKt__RegexExtensionsKt                                        : loaded 2 times (x 71B)
Class kotlin.SynchronizedLazyImpl                                                     : loaded 2 times (x 76B)
Class com.google.common.reflect.Invokable$MethodInvokable                             : loaded 2 times (x 107B)
Class com.google.common.base.Platform                                                 : loaded 2 times (x 71B)
Class com.google.common.collect.CompoundOrdering                                      : loaded 2 times (x 115B)
Class kotlin.sequences.SequencesKt__SequencesJVMKt                                    : loaded 2 times (x 71B)
Class kotlin.coroutines.jvm.internal.RestrictedSuspendLambda                          : loaded 2 times (x 91B)
Class com.google.common.collect.AbstractMapBasedMultimap$WrappedList                  : loaded 2 times (x 205B)
Class kotlin.text.StringsKt__RegexExtensionsJVMKt                                     : loaded 2 times (x 71B)
Class kotlin.collections.AbstractList                                                 : loaded 2 times (x 197B)
Class kotlin.collections.AbstractCollection                                           : loaded 2 times (x 117B)
Class [Lorg.objectweb.asm.AnnotationWriter;                                           : loaded 2 times (x 69B)
Class kotlin.reflect.KTypeParameter                                                   : loaded 2 times (x 70B)
Class kotlin.sequences.SequencesKt__SequenceBuilderKt$sequence$$inlined$Sequence$1    : loaded 2 times (x 75B)
Class com.google.common.collect.Maps$9                                                : loaded 2 times (x 76B)
Class kotlin.collections.ArrayAsCollection                                            : loaded 2 times (x 105B)
Class com.google.common.base.CaseFormat$5                                             : loaded 2 times (x 83B)
Class [Lcom.google.common.collect.Iterators$EmptyModifiableIterator;                  : loaded 2 times (x 69B)
Class kotlin.text.Regex                                                               : loaded 2 times (x 72B)
Class kotlin.text.StringsKt__StringBuilderJVMKt                                       : loaded 2 times (x 71B)
Class kotlin.LazyKt__LazyKt                                                           : loaded 2 times (x 71B)
Class com.google.common.collect.Lists$ReverseList$1                                   : loaded 2 times (x 99B)
Class com.google.common.cache.LocalCache$StrongValueReference                         : loaded 2 times (x 90B)
Class com.google.common.collect.RegularImmutableBiMap$Inverse                         : loaded 2 times (x 143B)
Class com.google.common.graph.SuccessorsFunction                                      : loaded 2 times (x 70B)
Class kotlin.jvm.internal.ReflectionFactory                                           : loaded 2 times (x 91B)
Class kotlin.UNINITIALIZED_VALUE                                                      : loaded 2 times (x 71B)
Class org.objectweb.asm.Type                                                          : loaded 2 times (x 72B)
Class org.gradle.internal.classloader.VisitableURLClassLoader$InstrumentingVisitableURLClassLoader: loaded 2 times (x 123B)
Class com.google.common.base.Splitter$1                                               : loaded 2 times (x 77B)
Class com.google.common.collect.Maps$FilteredEntryMap$EntrySet                        : loaded 2 times (x 152B)
Class kotlin.sequences.SequencesKt__SequencesKt                                       : loaded 2 times (x 71B)
Class kotlin.coroutines.Continuation                                                  : loaded 2 times (x 70B)
Class [Lkotlin.reflect.jvm.internal.impl.resolve.jvm.JvmPrimitiveType;                : loaded 2 times (x 69B)
Class kotlin.jvm.internal.ClassBasedDeclarationContainer                              : loaded 2 times (x 70B)
Class com.google.common.collect.AllEqualOrdering                                      : loaded 2 times (x 114B)
Class kotlin.collections.SetsKt___SetsKt                                              : loaded 2 times (x 71B)
Class kotlin.ranges.RangesKt__RangesKt                                                : loaded 2 times (x 71B)
Class org.objectweb.asm.ByteVector                                                    : loaded 2 times (x 79B)
Class org.gradle.internal.classloader.VisitableURLClassLoader$Spec                    : loaded 2 times (x 74B)
Class org.gradle.internal.classpath.DefaultClassPath                                  : loaded 2 times (x 90B)
Class kotlin.Result$Companion                                                         : loaded 2 times (x 71B)
Class kotlin.coroutines.jvm.internal.BaseContinuationImpl                             : loaded 2 times (x 87B)
Class com.google.common.base.AbstractIterator                                         : loaded 2 times (x 80B)
Class kotlin.text.CharsKt__CharJVMKt                                                  : loaded 2 times (x 71B)
Class com.google.common.reflect.Types$ClassOwnership                                  : loaded 2 times (x 80B)
Class org.objectweb.asm.Symbol                                                        : loaded 2 times (x 73B)
Class com.google.common.collect.AbstractMultiset                                      : loaded 2 times (x 159B)
Class com.google.common.util.concurrent.SettableFuture                                : loaded 2 times (x 114B)
Class com.google.common.reflect.Types$ClassOwnership$3                                : loaded 2 times (x 71B)
Class kotlin.reflect.KType                                                            : loaded 2 times (x 70B)
Class kotlin.collections.MapWithDefault                                               : loaded 2 times (x 70B)
Class com.google.common.io.Closer                                                     : loaded 2 times (x 78B)
Class org.gradle.internal.classloader.ClassLoaderSpec                                 : loaded 2 times (x 71B)
Class kotlin.annotation.AnnotationRetention                                           : loaded 2 times (x 79B)
Class kotlin.reflect.jvm.internal.ReflectProperties$Val$1                             : loaded 2 times (x 71B)
Class kotlin.collections.CollectionsKt___CollectionsJvmKt                             : loaded 2 times (x 71B)
Class org.objectweb.asm.AnnotationWriter                                              : loaded 2 times (x 79B)
Class kotlin.jvm.internal.markers.KMutableIterable                                    : loaded 2 times (x 70B)
Class kotlin.sequences.SequencesKt___SequencesJvmKt                                   : loaded 2 times (x 71B)
Class kotlin.jvm.functions.Function22                                                 : loaded 2 times (x 70B)
Class kotlin.Unit                                                                     : loaded 2 times (x 71B)
Class com.google.common.collect.ImmutableMultisetGwtSerializationDependencies         : loaded 2 times (x 125B)
Class kotlin.TuplesKt                                                                 : loaded 2 times (x 71B)
Class com.google.common.io.Closer$Suppressor                                          : loaded 2 times (x 70B)
Class org.objectweb.asm.RecordComponentWriter                                         : loaded 2 times (x 78B)
Class com.google.common.util.concurrent.AbstractFuture$Listener                       : loaded 2 times (x 72B)
Class Settings_gradle$1$1                                                             : loaded 2 times (x 74B)
Class com.google.common.collect.MultimapBuilder$SortedSetMultimapBuilder              : loaded 2 times (x 77B)
Class com.google.common.collect.ForwardingSet                                         : loaded 2 times (x 151B)
Class com.google.common.collect.EmptyImmutableSetMultimap                             : loaded 2 times (x 180B)
Class kotlin.ranges.RangesKt                                                          : loaded 2 times (x 71B)
Class org.objectweb.asm.Attribute                                                     : loaded 2 times (x 77B)
Class org.gradle.internal.classloader.VisitableURLClassLoader                         : loaded 2 times (x 117B)
Class com.google.common.base.Verify                                                   : loaded 2 times (x 71B)
Class [Lkotlin.DeprecationLevel;                                                      : loaded 2 times (x 69B)
Class kotlin.reflect.jvm.internal.KClassImpl                                          : loaded 2 times (x 115B)
Class kotlin.collections.ArraysUtilJVM                                                : loaded 2 times (x 71B)
Class kotlin.jvm.functions.Function0                                                  : loaded 2 times (x 70B)
Class com.google.common.collect.ImmutableList$SerializedForm                          : loaded 2 times (x 73B)
Class Settings_gradle                                                                 : loaded 2 times (x 124B)
Class org.gradle.internal.Cast                                                        : loaded 2 times (x 71B)
Class org.gradle.api.Action                                                           : loaded 2 times (x 70B)
Class com.google.common.base.CaseFormat$4                                             : loaded 2 times (x 83B)
Class kotlin.collections.AbstractMutableList                                          : loaded 2 times (x 206B)
Class org.objectweb.asm.ModuleVisitor                                                 : loaded 2 times (x 81B)
Class com.google.common.io.ByteArrayDataInput                                         : loaded 2 times (x 70B)
Class kotlin.jvm.functions.Function1                                                  : loaded 2 times (x 70B)
Class com.google.common.collect.HashBiMap                                             : loaded 2 times (x 143B)
Class com.google.common.base.Strings                                                  : loaded 2 times (x 71B)
Class org.objectweb.asm.Handler                                                       : loaded 2 times (x 72B)
Class ijKotlinCoroutineJvmDebugInit1_5ro5ikkthzfd4ov1s0iwde684                        : loaded 2 times (x 171B)
Class com.google.common.collect.MultimapBuilder$SetMultimapBuilder                    : loaded 2 times (x 75B)
Class com.google.common.reflect.TypeResolver                                          : loaded 2 times (x 72B)
Class com.google.common.reflect.Types$ClassOwnership$2                                : loaded 2 times (x 80B)
Class kotlin.reflect.jvm.internal.impl.name.ClassId                                   : loaded 2 times (x 72B)
Class kotlin.jvm.internal.markers.KMutableIterator                                    : loaded 2 times (x 70B)
Class com.google.common.collect.ImmutableSortedSet$Builder                            : loaded 2 times (x 86B)
Class com.google.common.base.Functions                                                : loaded 2 times (x 71B)
Class kotlin.jvm.functions.Function21                                                 : loaded 2 times (x 70B)
Class com.google.common.base.CaseFormat$3                                             : loaded 2 times (x 83B)
Class kotlin.jvm.functions.Function2                                                  : loaded 2 times (x 70B)
Class org.gradle.internal.classpath.DefaultClassPath$ImmutableUniqueList$Builder      : loaded 2 times (x 75B)
Class [Lcom.google.common.collect.LinkedHashMultimap$ValueEntry;                      : loaded 2 times (x 69B)
Class org.gradle.internal.service.UnknownServiceException                             : loaded 2 times (x 83B)
Class [Lorg.objectweb.asm.AnnotationVisitor;                                          : loaded 2 times (x 69B)
Class kotlin.jvm.functions.Function3                                                  : loaded 2 times (x 70B)
Class kotlin.reflect.jvm.internal.KDeclarationContainerImpl$Data                      : loaded 2 times (x 72B)
Class kotlin.collections.MapsKt___MapsJvmKt                                           : loaded 2 times (x 71B)
Class com.google.common.reflect.Types$ClassOwnership$1                                : loaded 2 times (x 80B)
Class kotlin.jvm.functions.Function20                                                 : loaded 2 times (x 70B)
Class com.google.common.base.CaseFormat$2                                             : loaded 2 times (x 83B)
Class com.google.common.base.AbstractIterator$State                                   : loaded 2 times (x 79B)
Class kotlin.reflect.jvm.internal.impl.builtins.PrimitiveType$Companion               : loaded 2 times (x 71B)
Class kotlin.jvm.functions.Function4                                                  : loaded 2 times (x 70B)
Class kotlin.reflect.jvm.internal.KClassImpl$Data                                     : loaded 2 times (x 72B)
Class kotlin.annotation.Target                                                        : loaded 2 times (x 70B)
Class kotlin.collections.EmptySet                                                     : loaded 2 times (x 122B)
Class kotlin.collections.CollectionsKt___CollectionsKt                                : loaded 2 times (x 71B)
Class org.gradle.api.GradleException                                                  : loaded 2 times (x 82B)
Class org.gradle.api.internal.ClassPathProvider                                       : loaded 2 times (x 70B)
Class [Lorg.gradle.api.internal.ClassPathProvider;                                    : loaded 2 times (x 69B)
Class kotlin.jvm.functions.Function5                                                  : loaded 2 times (x 70B)
Class kotlin.reflect.KDeclarationContainer                                            : loaded 2 times (x 70B)
Class kotlin.annotation.Retention                                                     : loaded 2 times (x 70B)
Class kotlin.text.StringsKt___StringsJvmKt                                            : loaded 2 times (x 71B)
Class kotlin.text.StringsKt__StringNumberConversionsJVMKt                             : loaded 2 times (x 71B)
Class kotlin.sequences.Sequence                                                       : loaded 2 times (x 70B)
Class kotlin.jvm.functions.Function6                                                  : loaded 2 times (x 70B)
Class kotlin.reflect.jvm.internal.KTypeParameterOwnerImpl                             : loaded 2 times (x 70B)
Class kotlin.collections.ArraysKt___ArraysKt                                          : loaded 2 times (x 71B)
Class kotlin.collections.MapsKt___MapsKt                                              : loaded 2 times (x 71B)
Class kotlin.reflect.jvm.internal.impl.builtins.jvm.JavaToKotlinClassMap$PlatformMutabilityMapping: loaded 2 times (x 72B)
Class com.google.common.collect.Maps$AsMapView$1EntrySetImpl                          : loaded 2 times (x 138B)
Class kotlin.jvm.functions.Function7                                                  : loaded 2 times (x 70B)
Class kotlin.reflect.jvm.internal.impl.name.Name                                      : loaded 2 times (x 75B)
Class kotlin.reflect.jvm.internal.KPropertyImpl$Companion                             : loaded 2 times (x 71B)
Class kotlin.collections.MapsKt__MapWithDefaultKt                                     : loaded 2 times (x 71B)
Class com.google.common.base.CaseFormat$1                                             : loaded 2 times (x 83B)
Class com.google.common.collect.NullsLastOrdering                                     : loaded 2 times (x 115B)
Class kotlin.jvm.functions.Function8                                                  : loaded 2 times (x 70B)
Class kotlin.reflect.jvm.internal.impl.name.FqNameUnsafe                              : loaded 2 times (x 72B)
Class [Lkotlin.annotation.AnnotationRetention;                                        : loaded 2 times (x 69B)
Class kotlin.text.StringsKt___StringsKt                                               : loaded 2 times (x 71B)
Class kotlin.enums.EnumEntriesKt                                                      : loaded 2 times (x 71B)
Class kotlin.collections.CollectionsKt__MutableCollectionsJVMKt                       : loaded 2 times (x 71B)
Class com.google.common.reflect.Types$NativeTypeVariableEquals                        : loaded 2 times (x 71B)
Class com.google.common.reflect.TypeParameter                                         : loaded 2 times (x 72B)
Class com.google.common.cache.LocalCache$AbstractReferenceEntry                       : loaded 2 times (x 107B)
Class org.gradle.internal.IoActions                                                   : loaded 2 times (x 71B)
Class com.google.common.collect.MultimapBuilder$MultimapBuilderWithKeys$1             : loaded 2 times (x 76B)
Class com.google.common.collect.LinkedHashMultimapGwtSerializationDependencies        : loaded 2 times (x 174B)
Class com.google.common.base.VerifyException                                          : loaded 2 times (x 82B)
Class com.google.common.collect.ImmutableMapKeySet                                    : loaded 2 times (x 152B)
Class kotlin.jvm.functions.Function10                                                 : loaded 2 times (x 70B)
Class kotlin.jvm.functions.Function9                                                  : loaded 2 times (x 70B)
Class [Lkotlin.LazyThreadSafetyMode;                                                  : loaded 2 times (x 69B)
Class [Lkotlin.reflect.KClassifier;                                                   : loaded 2 times (x 69B)
Class kotlin.reflect.jvm.internal.EmptyContainerForLocal                              : loaded 2 times (x 84B)
Class kotlin.annotation.MustBeDocumented                                              : loaded 2 times (x 70B)
Class kotlin.sequences.SequenceScope                                                  : loaded 2 times (x 73B)
Class org.objectweb.asm.SymbolTable                                                   : loaded 2 times (x 72B)
Class org.gradle.internal.classloader.SystemClassLoaderSpec                           : loaded 2 times (x 71B)
Class com.google.common.collect.MultimapBuilder$MultimapBuilderWithKeys$2             : loaded 2 times (x 76B)
Class com.google.common.collect.NaturalOrdering                                       : loaded 2 times (x 115B)
Class org.gradle.api.internal.DefaultClassPathProvider                                : loaded 2 times (x 76B)
Class kotlin.jvm.internal.markers.KMutableCollection                                  : loaded 2 times (x 70B)
Class kotlin.coroutines.intrinsics.IntrinsicsKt                                       : loaded 2 times (x 71B)
Class com.google.common.base.CaseFormat                                               : loaded 2 times (x 83B)
Class kotlin.jvm.functions.Function11                                                 : loaded 2 times (x 70B)
Class kotlin.reflect.KAnnotatedElement                                                : loaded 2 times (x 70B)
Class kotlin.collections.EmptyMap                                                     : loaded 2 times (x 108B)
Class kotlin.jvm.internal.Intrinsics                                                  : loaded 2 times (x 71B)
Class com.google.common.cache.LocalCache$StrongEntry                                  : loaded 2 times (x 108B)
Class com.google.common.util.concurrent.AbstractFuture$TrustedFuture                  : loaded 2 times (x 114B)
Class com.google.common.collect.MultimapBuilder$MultimapBuilderWithKeys$3             : loaded 2 times (x 76B)
Class org.objectweb.asm.AnnotationVisitor                                             : loaded 2 times (x 78B)
Class kotlin.coroutines.intrinsics.CoroutineSingletons                                : loaded 2 times (x 79B)
Class [Lkotlin.reflect.KCallable;                                                     : loaded 2 times (x 69B)
Class kotlin.reflect.KProperty$Accessor                                               : loaded 2 times (x 70B)
Class kotlin.jvm.functions.Function12                                                 : loaded 2 times (x 70B)
Class kotlin.collections.MapsKt                                                       : loaded 2 times (x 71B)
Class kotlin.collections.CollectionsKt__IterablesKt                                   : loaded 2 times (x 71B)
Class com.google.common.io.ByteStreams$LimitedInputStream                             : loaded 2 times (x 92B)
Class org.objectweb.asm.MethodWriter                                                  : loaded 2 times (x 106B)
Class com.google.common.collect.MultimapBuilder$MultimapBuilderWithKeys$4             : loaded 2 times (x 76B)
Class kotlin.sequences.SequenceBuilderIterator                                        : loaded 2 times (x 85B)
Class com.google.common.collect.ImmutableMultimap$1                                   : loaded 2 times (x 82B)
Class com.google.common.collect.AbstractMapBasedMultimap$RandomAccessWrappedList      : loaded 2 times (x 205B)
Class kotlin.jvm.functions.Function13                                                 : loaded 2 times (x 70B)
Class kotlin.KotlinNullPointerException                                               : loaded 2 times (x 83B)
Class com.google.common.collect.MultimapBuilder$MultimapBuilderWithKeys$5             : loaded 2 times (x 78B)
Class kotlin.reflect.jvm.internal.KCallableImpl                                       : loaded 2 times (x 105B)
Class com.google.common.collect.Iterators$EmptyModifiableIterator                     : loaded 2 times (x 86B)
Class com.google.common.base.Splitter                                                 : loaded 2 times (x 72B)
Class com.google.common.collect.ImmutableMultimap$2                                   : loaded 2 times (x 81B)
Class com.google.common.collect.ComparatorOrdering                                    : loaded 2 times (x 115B)
Class ijJvmDebugger1_4nk09ie7rajpf56fhqp8qjy4i                                        : loaded 2 times (x 171B)
Class kotlin.jvm.functions.Function14                                                 : loaded 2 times (x 70B)
Class kotlin.ranges.RangesKt___RangesKt                                               : loaded 2 times (x 71B)
Class com.google.common.reflect.Types$JavaVersion$1                                   : loaded 2 times (x 83B)
Class com.google.common.collect.MultimapBuilder$MultimapBuilderWithKeys$6             : loaded 2 times (x 76B)
Class kotlin.text.StringsKt__AppendableKt                                             : loaded 2 times (x 71B)
Class kotlin.jvm.functions.Function15                                                 : loaded 2 times (x 70B)
Class org.gradle.api.internal.classpath.EffectiveClassPath                            : loaded 2 times (x 90B)
Class [Ldagger.hilt.processor.internal.optionvalues.GradleProjectType;                : loaded 2 times (x 69B)
Class kotlin.text.CharsKt__CharKt                                                     : loaded 2 times (x 71B)
Class kotlin.collections.ArraysKt                                                     : loaded 2 times (x 71B)
Class com.google.common.reflect.Types$JavaVersion$2                                   : loaded 2 times (x 83B)
Class com.google.common.reflect.Types                                                 : loaded 2 times (x 71B)
Class com.google.common.hash.PrimitiveSink                                            : loaded 2 times (x 70B)
Class com.google.common.base.PatternCompiler                                          : loaded 2 times (x 70B)
Class com.google.common.util.concurrent.AbstractFuture$Failure                        : loaded 2 times (x 72B)
Class com.google.common.collect.HashMultiset                                          : loaded 2 times (x 163B)
Class com.google.common.collect.ByFunctionOrdering                                    : loaded 2 times (x 115B)
Class kotlin.coroutines.EmptyCoroutineContext                                         : loaded 2 times (x 77B)
Class kotlin.reflect.jvm.internal.KProperty1Impl                                      : loaded 2 times (x 128B)
Class com.google.common.collect.Maps$FilteredEntryMap                                 : loaded 2 times (x 128B)
Class com.google.common.collect.ImmutableSetMultimap                                  : loaded 2 times (x 180B)
Class kotlin.jvm.functions.Function16                                                 : loaded 2 times (x 70B)
Class com.google.common.collect.Ordering                                              : loaded 2 times (x 114B)
Class kotlin.collections.SetsKt__SetsKt                                               : loaded 2 times (x 71B)
Class kotlin.LazyKt                                                                   : loaded 2 times (x 71B)
Class com.google.common.reflect.Types$JavaVersion$3                                   : loaded 2 times (x 83B)
Class org.objectweb.asm.Label                                                         : loaded 2 times (x 73B)
Class org.objectweb.asm.CurrentFrame                                                  : loaded 2 times (x 73B)
Class org.objectweb.asm.ClassTooLargeException                                        : loaded 2 times (x 83B)
Class org.gradle.internal.classloader.ClassLoaderVisitor                              : loaded 2 times (x 76B)
Class kotlin.collections.AbstractList$Companion                                       : loaded 2 times (x 71B)
Class com.google.common.collect.Table                                                 : loaded 2 times (x 70B)
Class com.google.common.base.CharMatcher$None                                         : loaded 2 times (x 112B)
Class kotlin.sequences.SequencesKt___SequencesKt                                      : loaded 2 times (x 71B)
Class com.google.common.collect.ReverseNaturalOrdering                                : loaded 2 times (x 114B)
Class org.gradle.internal.classloader.DefaultClassLoaderFactory                       : loaded 2 times (x 82B)
Class kotlin.jvm.functions.Function17                                                 : loaded 2 times (x 70B)
Class kotlin.collections.ArraysKt__ArraysJVMKt                                        : loaded 2 times (x 71B)
Class com.google.common.reflect.Types$JavaVersion$4                                   : loaded 2 times (x 83B)
Class org.objectweb.asm.Frame                                                         : loaded 2 times (x 73B)
Class org.objectweb.asm.MethodVisitor                                                 : loaded 2 times (x 105B)
Class org.objectweb.asm.MethodTooLargeException                                       : loaded 2 times (x 83B)
Class kotlin.jvm.functions.Function18                                                 : loaded 2 times (x 70B)
Class kotlin.jvm.internal.CallableReference$NoReceiver                                : loaded 2 times (x 71B)
Class kotlin.text.StringsKt__StringBuilderKt                                          : loaded 2 times (x 71B)
Class com.google.common.reflect.Types$JavaVersion$5                                   : loaded 2 times (x 71B)
Class [Lcom.google.common.reflect.Types$ClassOwnership;                               : loaded 2 times (x 69B)
Class org.gradle.api.internal.classpath.GlobalCacheRootsProvider                      : loaded 2 times (x 70B)
Class com.google.common.base.Platform$JdkPatternCompiler                              : loaded 2 times (x 75B)
Class [Lkotlin.reflect.KClass;                                                        : loaded 2 times (x 69B)
Class kotlin.reflect.jvm.internal.impl.name.FqName                                    : loaded 2 times (x 72B)
Class kotlin.reflect.KMutableProperty$Setter                                          : loaded 2 times (x 70B)
Class org.objectweb.asm.ClassVisitor                                                  : loaded 2 times (x 88B)
Class [Lorg.objectweb.asm.Symbol;                                                     : loaded 2 times (x 69B)
Class kotlin.jvm.functions.Function19                                                 : loaded 2 times (x 70B)
Class kotlin.Lazy                                                                     : loaded 2 times (x 70B)
Class kotlin.NoWhenBranchMatchedException                                             : loaded 2 times (x 82B)
Class org.objectweb.asm.ModuleWriter                                                  : loaded 2 times (x 82B)
Class com.google.common.collect.MultimapBuilder$1                                     : loaded 2 times (x 83B)
Class com.google.common.reflect.TypeCapture                                           : loaded 2 times (x 71B)
Class kotlin.collections.builders.ListBuilder$Itr                                     : loaded 2 times (x 94B)
Class com.google.common.io.ByteArrayDataOutput                                        : loaded 2 times (x 70B)
Class kotlin.jvm.internal.MutablePropertyReference2                                   : loaded 2 times (x 137B)
Class com.google.common.collect.MultimapBuilder$2                                     : loaded 2 times (x 83B)
Class com.google.common.collect.MultimapBuilder$MultimapBuilderWithKeys               : loaded 2 times (x 82B)
Class kotlin.reflect.jvm.internal.ReflectProperties$Val                               : loaded 2 times (x 74B)
Class com.google.common.collect.ReverseOrdering                                       : loaded 2 times (x 115B)
Class com.google.common.io.ByteStreams$1                                              : loaded 2 times (x 85B)
Class com.google.common.collect.MultimapBuilder$3                                     : loaded 2 times (x 84B)
Class com.google.common.collect.ImmutableListMultimap$Builder                         : loaded 2 times (x 83B)
Class com.google.common.collect.HashMultimap                                          : loaded 2 times (x 174B)
Class [Lkotlin.reflect.KProperty;                                                     : loaded 2 times (x 69B)
Class kotlin.jvm.internal.markers.KMappedMarker                                       : loaded 2 times (x 70B)
Class org.gradle.api.internal.classpath.ManifestUtil                                  : loaded 2 times (x 71B)
Class org.gradle.internal.installation.CurrentGradleInstallationLocator               : loaded 2 times (x 71B)
Class com.google.common.collect.MultimapBuilder$4                                     : loaded 2 times (x 84B)
Class kotlin.jvm.internal.MutablePropertyReference1                                   : loaded 2 times (x 137B)
Class kotlin.coroutines.jvm.internal.SpillingKt                                       : loaded 2 times (x 71B)
Class com.google.common.collect.ImmutableMultimap$Builder                             : loaded 2 times (x 83B)
Class kotlin.jvm.internal.PropertyReference1Impl                                      : loaded 2 times (x 127B)
Class kotlin.SafePublicationLazyImpl$Companion                                        : loaded 2 times (x 71B)
Class org.gradle.internal.classloader.ClassLoaderHierarchy                            : loaded 2 times (x 70B)
Class org.gradle.internal.service.DefaultServiceLocator                               : loaded 2 times (x 83B)
Class kotlin.collections.CollectionsKt__ReversedViewsKt                               : loaded 2 times (x 71B)
Class kotlin.coroutines.jvm.internal.SuspendFunction                                  : loaded 2 times (x 70B)
Class kotlin.jvm.internal.CollectionToArray                                           : loaded 2 times (x 71B)
Class com.google.common.collect.ImmutableMultimap$EntryCollection                     : loaded 2 times (x 128B)
Class kotlin.reflect.KMutableProperty0                                                : loaded 2 times (x 70B)
Class kotlin.reflect.KClassifier                                                      : loaded 2 times (x 70B)
Class kotlin.jvm.internal.MutablePropertyReference0                                   : loaded 2 times (x 137B)
Class org.gradle.internal.installation.CurrentGradleInstallation                      : loaded 2 times (x 73B)
Class kotlin.reflect.jvm.internal.impl.builtins.CompanionObjectMapping                : loaded 2 times (x 71B)
Class [Lcom.google.common.base.AbstractIterator$State;                                : loaded 2 times (x 69B)
Class kotlin.coroutines.intrinsics.IntrinsicsKt__IntrinsicsJvmKt                      : loaded 2 times (x 71B)
Class kotlin.coroutines.jvm.internal.CoroutineStackFrame                              : loaded 2 times (x 70B)
Class kotlin.reflect.KMutableProperty1                                                : loaded 2 times (x 70B)
Class kotlin.sequences.SequencesKt__SequenceBuilderKt                                 : loaded 2 times (x 71B)
Class org.gradle.util.internal.GUtil                                                  : loaded 2 times (x 71B)
Class org.gradle.internal.classloader.FilteringClassLoader                            : loaded 2 times (x 105B)
Class kotlin.reflect.KMutableProperty2                                                : loaded 2 times (x 70B)
Class kotlin.collections.CollectionsKt                                                : loaded 2 times (x 71B)
Class kotlin.coroutines.CoroutineContext                                              : loaded 2 times (x 70B)
Class kotlin.coroutines.jvm.internal.DebugProbesKt                                    : loaded 2 times (x 71B)
Class kotlin.reflect.jvm.internal.RuntimeTypeMapper                                   : loaded 2 times (x 71B)
Class kotlin.NotImplementedError                                                      : loaded 2 times (x 82B)
Class kotlin.text.StringsKt__StringsKt                                                : loaded 2 times (x 71B)
Class com.google.common.reflect.Types$TypeVariableImpl                                : loaded 2 times (x 72B)
Class org.gradle.internal.installation.GradleInstallation                             : loaded 2 times (x 75B)
Class com.google.common.collect.Maps$FilteredKeyMap                                   : loaded 2 times (x 128B)
Class com.google.common.collect.LexicographicalOrdering                               : loaded 2 times (x 115B)
Class com.google.common.collect.ForwardingCollection                                  : loaded 2 times (x 130B)
Class com.google.common.base.Splitter$Strategy                                        : loaded 2 times (x 70B)
Class kotlin.reflect.jvm.internal.impl.builtins.jvm.JavaToKotlinClassMap              : loaded 2 times (x 71B)
Class kotlin.jvm.KotlinReflectionNotSupportedError                                    : loaded 2 times (x 82B)
Class com.google.common.collect.Lists$RandomAccessReverseList                         : loaded 2 times (x 200B)

---------------  S Y S T E M  ---------------

OS:
 Windows 11 , 64 bit Build 26100 (10.0.26100.2454)
OS uptime: 8 days 20:09 hours
Hyper-V role detected

CPU: total 8 (initial active 8) (4 cores per cpu, 2 threads per core) family 6 model 142 stepping 12 microcode 0xde, cx8, cmov, fxsr, ht, mmx, 3dnowpref, sse, sse2, sse3, ssse3, sse4.1, sse4.2, popcnt, lzcnt, tsc, tscinvbit, avx, avx2, aes, erms, clmul, bmi1, bmi2, adx, fma, vzeroupper, clflush, clflushopt, hv, rdtscp, f16c
Processor Information for the first 8 processors :
  Max Mhz: 1896, Current Mhz: 1596, Mhz Limit: 1592

Memory: 4k page, system-wide physical 7970M (393M free)
TotalPageFile size 23508M (AvailPageFile size 19M)
current process WorkingSet (physical memory assigned to process): 933M, peak: 936M
current process commit charge ("private bytes"): 1097M, peak: 1144M

vm_info: OpenJDK 64-Bit Server VM (21.0.9+-14649483-b1163.86) for windows-amd64 JRE (21.0.9+-14649483-b1163.86), built on 2025-12-30T22:08:35Z by "builder" with MS VC++ 16.10 / 16.11 (VS2019)

END.
