#
# There is insufficient memory for the Java Runtime Environment to continue.
# Native memory allocation (mmap) failed to map 395313152 bytes. Error detail: G1 virtual space
# Possible reasons:
#   The system is out of physical RAM or swap space
#   This process is running with CompressedOops enabled, and the Java Heap may be blocking the growth of the native heap
# Possible solutions:
#   Reduce memory load on the system
#   Increase physical memory or swap space
#   Check if swap backing store is full
#   Decrease Java heap size (-Xmx/-Xms)
#   Decrease number of Java threads
#   Decrease Java thread stack sizes (-Xss)
#   Set larger code cache with -XX:ReservedCodeCacheSize=
#   JVM is running with Unscaled Compressed Oops mode in which the Java heap is
#     placed in the first 4GB address space. The Java Heap base address is the
#     maximum limit for the native heap growth. Please use -XX:HeapBaseMinAddress
#     to set the Java Heap base and to place the Java Heap above 4GB virtual address.
# This output file may be truncated or incomplete.
#
#  Out of Memory Error (os_windows.cpp:3925), pid=10592, tid=21608
#
# JRE version: OpenJDK Runtime Environment (21.0.9) (build 21.0.9+-14649483-b1163.86)
# Java VM: OpenJDK 64-Bit Server VM (21.0.9+-14649483-b1163.86, mixed mode, tiered, compressed oops, compressed class ptrs, g1 gc, windows-amd64)
# No core dump will be written. Minidumps are not enabled by default on client versions of Windows
#

---------------  S U M M A R Y ------------

Command Line: --add-opens=java.base/java.lang=ALL-UNNAMED --add-opens=java.base/java.lang.invoke=ALL-UNNAMED --add-opens=java.base/java.util=ALL-UNNAMED --add-opens=java.prefs/java.util.prefs=ALL-UNNAMED --add-exports=jdk.compiler/com.sun.tools.javac.api=ALL-UNNAMED --add-exports=jdk.compiler/com.sun.tools.javac.util=ALL-UNNAMED --add-opens=java.base/java.util=ALL-UNNAMED --add-opens=java.prefs/java.util.prefs=ALL-UNNAMED --add-opens=java.base/java.nio.charset=ALL-UNNAMED --add-opens=java.base/java.net=ALL-UNNAMED --add-opens=java.base/java.util.concurrent=ALL-UNNAMED --add-opens=java.base/java.util.concurrent.atomic=ALL-UNNAMED --add-opens=java.xml/javax.xml.namespace=ALL-UNNAMED --add-opens=java.base/java.time=ALL-UNNAMED -Xmx2048m -Dfile.encoding=UTF-8 -Duser.country=US -Duser.language=en -Duser.variant -javaagent:C:\Users\Albaheth\.gradle\wrapper\dists\gradle-9.1.0-bin\9agqghryom9wkf8r80qlhnts3\gradle-9.1.0\lib\agents\gradle-instrumentation-agent-9.1.0.jar org.gradle.launcher.daemon.bootstrap.GradleDaemon 9.1.0

Host: Intel(R) Core(TM) i5-8365U CPU @ 1.60GHz, 8 cores, 7G,  Windows 11 , 64 bit Build 26100 (10.0.26100.2454)
Time: Mon Apr 27 13:06:14 2026 W. Central Africa Standard Time elapsed time: 42.200650 seconds (0d 0h 0m 42s)

---------------  T H R E A D  ---------------

Current thread (0x000001f1d7a075b0):  VMThread "VM Thread"          [id=21608, stack(0x0000001c72b00000,0x0000001c72c00000) (1024K)]

Stack: [0x0000001c72b00000,0x0000001c72c00000]
Native frames: (J=compiled Java code, j=interpreted, Vv=VM code, C=native code)
V  [jvm.dll+0x6d6c99]
V  [jvm.dll+0x866b83]
V  [jvm.dll+0x86919e]
V  [jvm.dll+0x869883]
V  [jvm.dll+0x280776]
V  [jvm.dll+0x6d3555]
V  [jvm.dll+0x6c6bea]
V  [jvm.dll+0x3587fb]
V  [jvm.dll+0x360476]
V  [jvm.dll+0x3b2646]
V  [jvm.dll+0x3b2918]
V  [jvm.dll+0x32af0c]
V  [jvm.dll+0x32af97]
V  [jvm.dll+0x370e7c]
V  [jvm.dll+0x36f62e]
V  [jvm.dll+0x32a661]
V  [jvm.dll+0x36ed30]
V  [jvm.dll+0x86f608]
V  [jvm.dll+0x870984]
V  [jvm.dll+0x870ec0]
V  [jvm.dll+0x871153]
V  [jvm.dll+0x80f118]
V  [jvm.dll+0x6d54ed]
C  [ucrtbase.dll+0x14ea0]
C  [KERNEL32.DLL+0x2e8d7]
C  [ntdll.dll+0xdfbcc]

VM_Operation (0x0000001c7b2ff080): G1CollectForAllocation, mode: safepoint, requested by thread 0x000001f1e157d6e0


---------------  P R O C E S S  ---------------

Threads class SMR info:
_java_thread_list=0x000001f1de7af970, length=133, elements={
0x000001f1c03f9b90, 0x000001f1dc092870, 0x000001f1dc0952e0, 0x000001f1dc0bbe30,
0x000001f1dc0bf500, 0x000001f1dc0bff60, 0x000001f1dc0c1530, 0x000001f1dc0d72d0,
0x000001f1dc0e0070, 0x000001f1dc0c1f90, 0x000001f1dc3c51d0, 0x000001f1de959e30,
0x000001f1de931690, 0x000001f1de90b650, 0x000001f1de0cfed0, 0x000001f1de3ae190,
0x000001f1de9ad700, 0x000001f1ddfc7630, 0x000001f1dd47d100, 0x000001f1dd47eb40,
0x000001f1dd47d790, 0x000001f1dd47bd50, 0x000001f1dd47ca70, 0x000001f1dd47e4b0,
0x000001f1df168eb0, 0x000001f1df168820, 0x000001f1df169540, 0x000001f1df16af80,
0x000001f1df16a260, 0x000001f1df167b00, 0x000001f1df168190, 0x000001f1df16c330,
0x000001f1df16dd70, 0x000001f1df16c9c0, 0x000001f1df16e400, 0x000001f1df16f120,
0x000001f1df16bca0, 0x000001f1df007ce0, 0x000001f1df005c10, 0x000001f1df0062a0,
0x000001f1df004860, 0x000001f1df005580, 0x000001f1df006930, 0x000001f1df006fc0,
0x000001f1df007650, 0x000001f1df008370, 0x000001f1df004ef0, 0x000001f1df009090,
0x000001f1df009db0, 0x000001f1df00b7f0, 0x000001f1df008a00, 0x000001f1df00be80,
0x000001f1df009720, 0x000001f1df00a440, 0x000001f1df00b160, 0x000001f1df00aad0,
0x000001f1e1abed20, 0x000001f1e1ac0df0, 0x000001f1e1abd970, 0x000001f1e1ac1480,
0x000001f1e1abe690, 0x000001f1e1ac2830, 0x000001f1e1ac3550, 0x000001f1e1ac2ec0,
0x000001f1e1ac00d0, 0x000001f1e1ac3be0, 0x000001f1e1ac4270, 0x000001f1e1ac4900,
0x000001f1e1ac4f90, 0x000001f1e1578190, 0x000001f1e1578eb0, 0x000001f1e1577470,
0x000001f1e157a8f0, 0x000001f1e157af80, 0x000001f1e1578820, 0x000001f1e1577b00,
0x000001f1e157b610, 0x000001f1e157bca0, 0x000001f1e157c330, 0x000001f1e157c9c0,
0x000001f1e1579540, 0x000001f1e157d050, 0x000001f1e0b51ec0, 0x000001f1e0b4f0d0,
0x000001f1e0b51830, 0x000001f1e0b50b10, 0x000001f1e0b4ea40, 0x000001f1e0b511a0,
0x000001f1e0b52550, 0x000001f1e0b4fdf0, 0x000001f1e0b50480, 0x000001f1e0b4f760,
0x000001f1e0b55340, 0x000001f1e0b53900, 0x000001f1e36bca00, 0x000001f1e36ba2a0,
0x000001f1e36b9580, 0x000001f1e36bd090, 0x000001f1e36bbce0, 0x000001f1e36b9c10,
0x000001f1e36ba930, 0x000001f1e36bf7f0, 0x000001f1e36bd720, 0x000001f1e36c0ba0,
0x000001f1e36bddb0, 0x000001f1e36bfe80, 0x000001f1e36c0510, 0x000001f1e36be440,
0x000001f1e36bead0, 0x000001f1e36bf160, 0x000001f1e0424490, 0x000001f1e0425840,
0x000001f1e0428630, 0x000001f1e0426560, 0x000001f1e0425ed0, 0x000001f1e0427910,
0x000001f1e04251b0, 0x000001f1e0426bf0, 0x000001f1e0427fa0, 0x000001f1e0428cc0,
0x000001f1e04299e0, 0x000001f1e042a070, 0x000001f1e042a700, 0x000001f1e0427280,
0x000001f1e042b420, 0x000001f1e042ad90, 0x000001f1e042bab0, 0x000001f1e157d6e0,
0x000001f1e33c8f50, 0x000001f1e33c7510, 0x000001f1e33ca990, 0x000001f1e33cb6b0,
0x000001f1df54e290
}

Java Threads: ( => current thread )
  0x000001f1c03f9b90 JavaThread "main"                              [_thread_blocked, id=20760, stack(0x0000001c72400000,0x0000001c72500000) (1024K)]
  0x000001f1dc092870 JavaThread "Common-Cleaner"             daemon [_thread_blocked, id=21016, stack(0x0000001c72c00000,0x0000001c72d00000) (1024K)]
  0x000001f1dc0952e0 JavaThread "Reference Handler"          daemon [_thread_blocked, id=724, stack(0x0000001c72d00000,0x0000001c72e00000) (1024K)]
  0x000001f1dc0bbe30 JavaThread "Finalizer"                  daemon [_thread_blocked, id=18016, stack(0x0000001c72e00000,0x0000001c72f00000) (1024K)]
  0x000001f1dc0bf500 JavaThread "Signal Dispatcher"          daemon [_thread_blocked, id=16016, stack(0x0000001c72f00000,0x0000001c73000000) (1024K)]
  0x000001f1dc0bff60 JavaThread "Attach Listener"            daemon [_thread_blocked, id=2864, stack(0x0000001c73000000,0x0000001c73100000) (1024K)]
  0x000001f1dc0c1530 JavaThread "Service Thread"             daemon [_thread_blocked, id=22136, stack(0x0000001c73100000,0x0000001c73200000) (1024K)]
  0x000001f1dc0d72d0 JavaThread "Monitor Deflation Thread"   daemon [_thread_blocked, id=11932, stack(0x0000001c73200000,0x0000001c73300000) (1024K)]
  0x000001f1dc0e0070 JavaThread "C2 CompilerThread0"         daemon [_thread_blocked, id=14712, stack(0x0000001c73300000,0x0000001c73400000) (1024K)]
  0x000001f1dc0c1f90 JavaThread "C1 CompilerThread0"         daemon [_thread_blocked, id=9168, stack(0x0000001c73400000,0x0000001c73500000) (1024K)]
  0x000001f1dc3c51d0 JavaThread "Notification Thread"        daemon [_thread_blocked, id=12016, stack(0x0000001c73500000,0x0000001c73600000) (1024K)]
  0x000001f1de959e30 JavaThread "Daemon health stats"               [_thread_blocked, id=7696, stack(0x0000001c73900000,0x0000001c73a00000) (1024K)]
  0x000001f1de931690 JavaThread "Incoming local TCP Connector on port 58998"        [_thread_in_native, id=15380, stack(0x0000001c73c00000,0x0000001c73d00000) (1024K)]
  0x000001f1de90b650 JavaThread "Daemon periodic checks"            [_thread_blocked, id=15776, stack(0x0000001c73d00000,0x0000001c73e00000) (1024K)]
  0x000001f1de0cfed0 JavaThread "Daemon"                            [_thread_blocked, id=23400, stack(0x0000001c73e00000,0x0000001c73f00000) (1024K)]
  0x000001f1de3ae190 JavaThread "Handler for socket connection from /127.0.0.1:58998 to /127.0.0.1:58999"        [_thread_in_native, id=24480, stack(0x0000001c73f00000,0x0000001c74000000) (1024K)]
  0x000001f1de9ad700 JavaThread "Cancel handler"                    [_thread_blocked, id=24152, stack(0x0000001c74000000,0x0000001c74100000) (1024K)]
  0x000001f1ddfc7630 JavaThread "Daemon worker"                     [_thread_blocked, id=21580, stack(0x0000001c74100000,0x0000001c74200000) (1024K)]
  0x000001f1dd47d100 JavaThread "Asynchronous log dispatcher for DefaultDaemonConnection: socket connection from /127.0.0.1:58998 to /127.0.0.1:58999"        [_thread_blocked, id=16592, stack(0x0000001c74500000,0x0000001c74600000) (1024K)]
  0x000001f1dd47eb40 JavaThread "Stdin handler"                     [_thread_blocked, id=8460, stack(0x0000001c74600000,0x0000001c74700000) (1024K)]
  0x000001f1dd47d790 JavaThread "Daemon client event forwarder"        [_thread_blocked, id=3644, stack(0x0000001c74700000,0x0000001c74800000) (1024K)]
  0x000001f1dd47bd50 JavaThread "Cache worker for journal cache (C:\Users\Albaheth\.gradle\caches\journal-1)"        [_thread_blocked, id=17424, stack(0x0000001c74900000,0x0000001c74a00000) (1024K)]
  0x000001f1dd47ca70 JavaThread "File lock request listener"        [_thread_in_native, id=1184, stack(0x0000001c74a00000,0x0000001c74b00000) (1024K)]
  0x000001f1dd47e4b0 JavaThread "Cache worker for file hash cache (C:\Users\Albaheth\.gradle\caches\9.1.0\fileHashes)"        [_thread_blocked, id=14664, stack(0x0000001c74b00000,0x0000001c74c00000) (1024K)]
  0x000001f1df168eb0 JavaThread "Cache worker for file hash cache (C:\Users\Albaheth\AndroidStudioProjects\Maktaba\.gradle\9.1.0\fileHashes)"        [_thread_blocked, id=9056, stack(0x0000001c74d00000,0x0000001c74e00000) (1024K)]
  0x000001f1df168820 JavaThread "Cache worker for Build Output Cleanup Cache (C:\Users\Albaheth\AndroidStudioProjects\Maktaba\.gradle\buildOutputCleanup)"        [_thread_blocked, id=6568, stack(0x0000001c74e00000,0x0000001c74f00000) (1024K)]
  0x000001f1df169540 JavaThread "File watcher server"        daemon [_thread_blocked, id=10076, stack(0x0000001c74f00000,0x0000001c75000000) (1024K)]
  0x000001f1df16af80 JavaThread "File watcher consumer"      daemon [_thread_blocked, id=25076, stack(0x0000001c75000000,0x0000001c75100000) (1024K)]
  0x000001f1df16a260 JavaThread "Cache worker for checksums cache (C:\Users\Albaheth\AndroidStudioProjects\Maktaba\.gradle\9.1.0\checksums)"        [_thread_blocked, id=10252, stack(0x0000001c75100000,0x0000001c75200000) (1024K)]
  0x000001f1df167b00 JavaThread "Cache worker for file content cache (C:\Users\Albaheth\.gradle\caches\9.1.0\fileContent)"        [_thread_blocked, id=7476, stack(0x0000001c75200000,0x0000001c75300000) (1024K)]
  0x000001f1df168190 JavaThread "Cache worker for cache directory md-supplier (C:\Users\Albaheth\.gradle\caches\9.1.0\md-supplier)"        [_thread_blocked, id=25016, stack(0x0000001c75300000,0x0000001c75400000) (1024K)]
  0x000001f1df16c330 JavaThread "Cache worker for cache directory md-rule (C:\Users\Albaheth\.gradle\caches\9.1.0\md-rule)"        [_thread_blocked, id=22760, stack(0x0000001c75400000,0x0000001c75500000) (1024K)]
  0x000001f1df16dd70 JavaThread "jar transforms"                    [_thread_blocked, id=21468, stack(0x0000001c75500000,0x0000001c75600000) (1024K)]
  0x000001f1df16c9c0 JavaThread "jar transforms Thread 2"           [_thread_blocked, id=18384, stack(0x0000001c75600000,0x0000001c75700000) (1024K)]
  0x000001f1df16e400 JavaThread "jar transforms Thread 3"           [_thread_blocked, id=17332, stack(0x0000001c75700000,0x0000001c75800000) (1024K)]
  0x000001f1df16f120 JavaThread "Unconstrained build operations"        [_thread_blocked, id=20748, stack(0x0000001c75800000,0x0000001c75900000) (1024K)]
  0x000001f1df16bca0 JavaThread "Unconstrained build operations Thread 2"        [_thread_blocked, id=25236, stack(0x0000001c75900000,0x0000001c75a00000) (1024K)]
  0x000001f1df007ce0 JavaThread "Unconstrained build operations Thread 3"        [_thread_blocked, id=24856, stack(0x0000001c75a00000,0x0000001c75b00000) (1024K)]
  0x000001f1df005c10 JavaThread "Unconstrained build operations Thread 4"        [_thread_blocked, id=22440, stack(0x0000001c75b00000,0x0000001c75c00000) (1024K)]
  0x000001f1df0062a0 JavaThread "Unconstrained build operations Thread 5"        [_thread_blocked, id=9172, stack(0x0000001c75c00000,0x0000001c75d00000) (1024K)]
  0x000001f1df004860 JavaThread "Unconstrained build operations Thread 6"        [_thread_blocked, id=14972, stack(0x0000001c75d00000,0x0000001c75e00000) (1024K)]
  0x000001f1df005580 JavaThread "Unconstrained build operations Thread 7"        [_thread_blocked, id=18992, stack(0x0000001c75e00000,0x0000001c75f00000) (1024K)]
  0x000001f1df006930 JavaThread "Unconstrained build operations Thread 8"        [_thread_blocked, id=18760, stack(0x0000001c75f00000,0x0000001c76000000) (1024K)]
  0x000001f1df006fc0 JavaThread "Unconstrained build operations Thread 9"        [_thread_blocked, id=24664, stack(0x0000001c76000000,0x0000001c76100000) (1024K)]
  0x000001f1df007650 JavaThread "Unconstrained build operations Thread 10"        [_thread_blocked, id=21420, stack(0x0000001c76100000,0x0000001c76200000) (1024K)]
  0x000001f1df008370 JavaThread "Unconstrained build operations Thread 11"        [_thread_blocked, id=22488, stack(0x0000001c76200000,0x0000001c76300000) (1024K)]
  0x000001f1df004ef0 JavaThread "Unconstrained build operations Thread 12"        [_thread_blocked, id=14248, stack(0x0000001c76300000,0x0000001c76400000) (1024K)]
  0x000001f1df009090 JavaThread "Unconstrained build operations Thread 13"        [_thread_blocked, id=22888, stack(0x0000001c76400000,0x0000001c76500000) (1024K)]
  0x000001f1df009db0 JavaThread "Unconstrained build operations Thread 14"        [_thread_blocked, id=24896, stack(0x0000001c76500000,0x0000001c76600000) (1024K)]
  0x000001f1df00b7f0 JavaThread "jar transforms Thread 4"           [_thread_blocked, id=15752, stack(0x0000001c76600000,0x0000001c76700000) (1024K)]
  0x000001f1df008a00 JavaThread "jar transforms Thread 5"           [_thread_blocked, id=19800, stack(0x0000001c76700000,0x0000001c76800000) (1024K)]
  0x000001f1df00be80 JavaThread "Unconstrained build operations Thread 15"        [_thread_blocked, id=24292, stack(0x0000001c76800000,0x0000001c76900000) (1024K)]
  0x000001f1df009720 JavaThread "Unconstrained build operations Thread 16"        [_thread_blocked, id=8380, stack(0x0000001c76900000,0x0000001c76a00000) (1024K)]
  0x000001f1df00a440 JavaThread "Unconstrained build operations Thread 17"        [_thread_blocked, id=21856, stack(0x0000001c76a00000,0x0000001c76b00000) (1024K)]
  0x000001f1df00b160 JavaThread "Unconstrained build operations Thread 18"        [_thread_blocked, id=17988, stack(0x0000001c76b00000,0x0000001c76c00000) (1024K)]
  0x000001f1df00aad0 JavaThread "Unconstrained build operations Thread 19"        [_thread_blocked, id=17152, stack(0x0000001c76c00000,0x0000001c76d00000) (1024K)]
  0x000001f1e1abed20 JavaThread "Unconstrained build operations Thread 20"        [_thread_blocked, id=19548, stack(0x0000001c76d00000,0x0000001c76e00000) (1024K)]
  0x000001f1e1ac0df0 JavaThread "Unconstrained build operations Thread 21"        [_thread_blocked, id=17696, stack(0x0000001c76e00000,0x0000001c76f00000) (1024K)]
  0x000001f1e1abd970 JavaThread "jar transforms Thread 6"           [_thread_blocked, id=17924, stack(0x0000001c76f00000,0x0000001c77000000) (1024K)]
  0x000001f1e1ac1480 JavaThread "jar transforms Thread 7"           [_thread_blocked, id=23828, stack(0x0000001c77000000,0x0000001c77100000) (1024K)]
  0x000001f1e1abe690 JavaThread "jar transforms Thread 8"           [_thread_blocked, id=23108, stack(0x0000001c77100000,0x0000001c77200000) (1024K)]
  0x000001f1e1ac2830 JavaThread "Unconstrained build operations Thread 22"        [_thread_blocked, id=21424, stack(0x0000001c77200000,0x0000001c77300000) (1024K)]
  0x000001f1e1ac3550 JavaThread "Unconstrained build operations Thread 23"        [_thread_blocked, id=7092, stack(0x0000001c77300000,0x0000001c77400000) (1024K)]
  0x000001f1e1ac2ec0 JavaThread "Unconstrained build operations Thread 24"        [_thread_blocked, id=14912, stack(0x0000001c77400000,0x0000001c77500000) (1024K)]
  0x000001f1e1ac00d0 JavaThread "Unconstrained build operations Thread 25"        [_thread_blocked, id=14820, stack(0x0000001c77500000,0x0000001c77600000) (1024K)]
  0x000001f1e1ac3be0 JavaThread "Unconstrained build operations Thread 26"        [_thread_blocked, id=8488, stack(0x0000001c77600000,0x0000001c77700000) (1024K)]
  0x000001f1e1ac4270 JavaThread "Unconstrained build operations Thread 27"        [_thread_blocked, id=12424, stack(0x0000001c77700000,0x0000001c77800000) (1024K)]
  0x000001f1e1ac4900 JavaThread "Unconstrained build operations Thread 28"        [_thread_blocked, id=376, stack(0x0000001c77800000,0x0000001c77900000) (1024K)]
  0x000001f1e1ac4f90 JavaThread "Unconstrained build operations Thread 29"        [_thread_blocked, id=3836, stack(0x0000001c77900000,0x0000001c77a00000) (1024K)]
  0x000001f1e1578190 JavaThread "Unconstrained build operations Thread 30"        [_thread_blocked, id=3028, stack(0x0000001c77a00000,0x0000001c77b00000) (1024K)]
  0x000001f1e1578eb0 JavaThread "Unconstrained build operations Thread 31"        [_thread_blocked, id=2184, stack(0x0000001c77b00000,0x0000001c77c00000) (1024K)]
  0x000001f1e1577470 JavaThread "Unconstrained build operations Thread 32"        [_thread_blocked, id=14212, stack(0x0000001c77c00000,0x0000001c77d00000) (1024K)]
  0x000001f1e157a8f0 JavaThread "Unconstrained build operations Thread 33"        [_thread_blocked, id=17596, stack(0x0000001c77d00000,0x0000001c77e00000) (1024K)]
  0x000001f1e157af80 JavaThread "Unconstrained build operations Thread 34"        [_thread_blocked, id=18616, stack(0x0000001c77e00000,0x0000001c77f00000) (1024K)]
  0x000001f1e1578820 JavaThread "Unconstrained build operations Thread 35"        [_thread_blocked, id=6604, stack(0x0000001c77f00000,0x0000001c78000000) (1024K)]
  0x000001f1e1577b00 JavaThread "Unconstrained build operations Thread 36"        [_thread_blocked, id=25184, stack(0x0000001c78000000,0x0000001c78100000) (1024K)]
  0x000001f1e157b610 JavaThread "Unconstrained build operations Thread 37"        [_thread_blocked, id=14908, stack(0x0000001c78100000,0x0000001c78200000) (1024K)]
  0x000001f1e157bca0 JavaThread "Unconstrained build operations Thread 38"        [_thread_blocked, id=20244, stack(0x0000001c78200000,0x0000001c78300000) (1024K)]
  0x000001f1e157c330 JavaThread "Unconstrained build operations Thread 39"        [_thread_blocked, id=14320, stack(0x0000001c78300000,0x0000001c78400000) (1024K)]
  0x000001f1e157c9c0 JavaThread "Unconstrained build operations Thread 40"        [_thread_blocked, id=6648, stack(0x0000001c78400000,0x0000001c78500000) (1024K)]
  0x000001f1e1579540 JavaThread "Unconstrained build operations Thread 41"        [_thread_blocked, id=14480, stack(0x0000001c78500000,0x0000001c78600000) (1024K)]
  0x000001f1e157d050 JavaThread "Unconstrained build operations Thread 42"        [_thread_blocked, id=11488, stack(0x0000001c78600000,0x0000001c78700000) (1024K)]
  0x000001f1e0b51ec0 JavaThread "Unconstrained build operations Thread 43"        [_thread_blocked, id=10104, stack(0x0000001c74c00000,0x0000001c74d00000) (1024K)]
  0x000001f1e0b4f0d0 JavaThread "Unconstrained build operations Thread 44"        [_thread_blocked, id=10480, stack(0x0000001c78700000,0x0000001c78800000) (1024K)]
  0x000001f1e0b51830 JavaThread "Unconstrained build operations Thread 45"        [_thread_blocked, id=24456, stack(0x0000001c78800000,0x0000001c78900000) (1024K)]
  0x000001f1e0b50b10 JavaThread "Unconstrained build operations Thread 46"        [_thread_blocked, id=24840, stack(0x0000001c78900000,0x0000001c78a00000) (1024K)]
  0x000001f1e0b4ea40 JavaThread "Unconstrained build operations Thread 47"        [_thread_blocked, id=8264, stack(0x0000001c78a00000,0x0000001c78b00000) (1024K)]
  0x000001f1e0b511a0 JavaThread "Unconstrained build operations Thread 48"        [_thread_blocked, id=9816, stack(0x0000001c78b00000,0x0000001c78c00000) (1024K)]
  0x000001f1e0b52550 JavaThread "Unconstrained build operations Thread 49"        [_thread_blocked, id=19688, stack(0x0000001c78c00000,0x0000001c78d00000) (1024K)]
  0x000001f1e0b4fdf0 JavaThread "Unconstrained build operations Thread 50"        [_thread_blocked, id=17252, stack(0x0000001c78d00000,0x0000001c78e00000) (1024K)]
  0x000001f1e0b50480 JavaThread "Unconstrained build operations Thread 51"        [_thread_blocked, id=17928, stack(0x0000001c78e00000,0x0000001c78f00000) (1024K)]
  0x000001f1e0b4f760 JavaThread "build event listener"              [_thread_blocked, id=10776, stack(0x0000001c73600000,0x0000001c73700000) (1024K)]
  0x000001f1e0b55340 JavaThread "Memory manager"                    [_thread_blocked, id=21496, stack(0x0000001c79000000,0x0000001c79100000) (1024K)]
  0x000001f1e0b53900 JavaThread "build event listener"              [_thread_blocked, id=17128, stack(0x0000001c79100000,0x0000001c79200000) (1024K)]
  0x000001f1e36bca00 JavaThread "included builds"                   [_thread_blocked, id=10604, stack(0x0000001c79200000,0x0000001c79300000) (1024K)]
  0x000001f1e36ba2a0 JavaThread "Execution worker"                  [_thread_blocked, id=11064, stack(0x0000001c79300000,0x0000001c79400000) (1024K)]
  0x000001f1e36b9580 JavaThread "Execution worker Thread 2"         [_thread_blocked, id=1056, stack(0x0000001c79400000,0x0000001c79500000) (1024K)]
  0x000001f1e36bd090 JavaThread "Execution worker Thread 3"         [_thread_blocked, id=19408, stack(0x0000001c79500000,0x0000001c79600000) (1024K)]
  0x000001f1e36bbce0 JavaThread "Execution worker Thread 4"         [_thread_blocked, id=20536, stack(0x0000001c79600000,0x0000001c79700000) (1024K)]
  0x000001f1e36b9c10 JavaThread "Execution worker Thread 5"         [_thread_blocked, id=18952, stack(0x0000001c79700000,0x0000001c79800000) (1024K)]
  0x000001f1e36ba930 JavaThread "Execution worker Thread 6"         [_thread_blocked, id=18296, stack(0x0000001c79800000,0x0000001c79900000) (1024K)]
  0x000001f1e36bf7f0 JavaThread "Execution worker Thread 7"         [_thread_blocked, id=11408, stack(0x0000001c79900000,0x0000001c79a00000) (1024K)]
  0x000001f1e36bd720 JavaThread "Cache worker for execution history cache (C:\Users\Albaheth\AndroidStudioProjects\Maktaba\.gradle\9.1.0\executionHistory)"        [_thread_blocked, id=5936, stack(0x0000001c79a00000,0x0000001c79b00000) (1024K)]
  0x000001f1e36c0ba0 JavaThread "Unconstrained build operations Thread 52"        [_thread_blocked, id=6556, stack(0x0000001c72300000,0x0000001c72400000) (1024K)]
  0x000001f1e36bddb0 JavaThread "Unconstrained build operations Thread 53"        [_thread_blocked, id=21436, stack(0x0000001c79b00000,0x0000001c79c00000) (1024K)]
  0x000001f1e36bfe80 JavaThread "Unconstrained build operations Thread 54"        [_thread_blocked, id=10556, stack(0x0000001c79c00000,0x0000001c79d00000) (1024K)]
  0x000001f1e36c0510 JavaThread "Unconstrained build operations Thread 55"        [_thread_blocked, id=23112, stack(0x0000001c79d00000,0x0000001c79e00000) (1024K)]
  0x000001f1e36be440 JavaThread "Unconstrained build operations Thread 56"        [_thread_blocked, id=15616, stack(0x0000001c79e00000,0x0000001c79f00000) (1024K)]
  0x000001f1e36bead0 JavaThread "Unconstrained build operations Thread 57"        [_thread_blocked, id=5748, stack(0x0000001c79f00000,0x0000001c7a000000) (1024K)]
  0x000001f1e36bf160 JavaThread "Unconstrained build operations Thread 58"        [_thread_blocked, id=368, stack(0x0000001c7a000000,0x0000001c7a100000) (1024K)]
  0x000001f1e0424490 JavaThread "Unconstrained build operations Thread 59"        [_thread_blocked, id=6992, stack(0x0000001c7a100000,0x0000001c7a200000) (1024K)]
  0x000001f1e0425840 JavaThread "Unconstrained build operations Thread 60"        [_thread_blocked, id=14508, stack(0x0000001c7a200000,0x0000001c7a300000) (1024K)]
  0x000001f1e0428630 JavaThread "Unconstrained build operations Thread 61"        [_thread_blocked, id=11636, stack(0x0000001c7a300000,0x0000001c7a400000) (1024K)]
  0x000001f1e0426560 JavaThread "Unconstrained build operations Thread 62"        [_thread_blocked, id=21256, stack(0x0000001c7a400000,0x0000001c7a500000) (1024K)]
  0x000001f1e0425ed0 JavaThread "Unconstrained build operations Thread 63"        [_thread_blocked, id=23744, stack(0x0000001c7a500000,0x0000001c7a600000) (1024K)]
  0x000001f1e0427910 JavaThread "Unconstrained build operations Thread 64"        [_thread_blocked, id=21372, stack(0x0000001c7a600000,0x0000001c7a700000) (1024K)]
  0x000001f1e04251b0 JavaThread "Unconstrained build operations Thread 65"        [_thread_blocked, id=18568, stack(0x0000001c7a700000,0x0000001c7a800000) (1024K)]
  0x000001f1e0426bf0 JavaThread "Unconstrained build operations Thread 66"        [_thread_blocked, id=4120, stack(0x0000001c7a800000,0x0000001c7a900000) (1024K)]
  0x000001f1e0427fa0 JavaThread "Unconstrained build operations Thread 67"        [_thread_blocked, id=22756, stack(0x0000001c7a900000,0x0000001c7aa00000) (1024K)]
  0x000001f1e0428cc0 JavaThread "Unconstrained build operations Thread 68"        [_thread_blocked, id=1224, stack(0x0000001c7aa00000,0x0000001c7ab00000) (1024K)]
  0x000001f1e04299e0 JavaThread "Unconstrained build operations Thread 69"        [_thread_blocked, id=21352, stack(0x0000001c7ab00000,0x0000001c7ac00000) (1024K)]
  0x000001f1e042a070 JavaThread "Unconstrained build operations Thread 70"        [_thread_blocked, id=19684, stack(0x0000001c7ac00000,0x0000001c7ad00000) (1024K)]
  0x000001f1e042a700 JavaThread "Unconstrained build operations Thread 71"        [_thread_blocked, id=17092, stack(0x0000001c7ad00000,0x0000001c7ae00000) (1024K)]
  0x000001f1e0427280 JavaThread "Unconstrained build operations Thread 72"        [_thread_blocked, id=24600, stack(0x0000001c7ae00000,0x0000001c7af00000) (1024K)]
  0x000001f1e042b420 JavaThread "Unconstrained build operations Thread 73"        [_thread_blocked, id=15336, stack(0x0000001c7af00000,0x0000001c7b000000) (1024K)]
  0x000001f1e042ad90 JavaThread "Unconstrained build operations Thread 74"        [_thread_blocked, id=13616, stack(0x0000001c7b000000,0x0000001c7b100000) (1024K)]
  0x000001f1e042bab0 JavaThread "Unconstrained build operations Thread 75"        [_thread_blocked, id=16556, stack(0x0000001c7b100000,0x0000001c7b200000) (1024K)]
  0x000001f1e157d6e0 JavaThread "Unconstrained build operations Thread 76"        [_thread_blocked, id=18404, stack(0x0000001c7b200000,0x0000001c7b300000) (1024K)]
  0x000001f1e33c8f50 JavaThread "Unconstrained build operations Thread 77"        [_thread_blocked, id=4336, stack(0x0000001c7b300000,0x0000001c7b400000) (1024K)]
  0x000001f1e33c7510 JavaThread "Unconstrained build operations Thread 78"        [_thread_blocked, id=15392, stack(0x0000001c7b400000,0x0000001c7b500000) (1024K)]
  0x000001f1e33ca990 JavaThread "Unconstrained build operations Thread 79"        [_thread_blocked, id=9848, stack(0x0000001c7b500000,0x0000001c7b600000) (1024K)]
  0x000001f1e33cb6b0 JavaThread "Unconstrained build operations Thread 80"        [_thread_blocked, id=25480, stack(0x0000001c7b600000,0x0000001c7b700000) (1024K)]
  0x000001f1df54e290 JavaThread "C2 CompilerThread1"         daemon [_thread_blocked, id=18196, stack(0x0000001c78f00000,0x0000001c79000000) (1024K)]
Total: 133

Other Threads:
=>0x000001f1d7a075b0 VMThread "VM Thread"                           [id=21608, stack(0x0000001c72b00000,0x0000001c72c00000) (1024K)]
  0x000001f1d79bef50 WatcherThread "VM Periodic Task Thread"        [id=12648, stack(0x0000001c72a00000,0x0000001c72b00000) (1024K)]
  0x000001f1c0453c60 WorkerThread "GC Thread#0"                     [id=10696, stack(0x0000001c72500000,0x0000001c72600000) (1024K)]
  0x000001f1dc76e580 WorkerThread "GC Thread#1"                     [id=12408, stack(0x0000001c73700000,0x0000001c73800000) (1024K)]
  0x000001f1dc76e920 WorkerThread "GC Thread#2"                     [id=1832, stack(0x0000001c73800000,0x0000001c73900000) (1024K)]
  0x000001f1dcdba520 WorkerThread "GC Thread#3"                     [id=23260, stack(0x0000001c73a00000,0x0000001c73b00000) (1024K)]
  0x000001f1dca90010 WorkerThread "GC Thread#4"                     [id=16368, stack(0x0000001c73b00000,0x0000001c73c00000) (1024K)]
  0x000001f1de9ae170 WorkerThread "GC Thread#5"                     [id=24316, stack(0x0000001c74200000,0x0000001c74300000) (1024K)]
  0x000001f1dda11a50 WorkerThread "GC Thread#6"                     [id=21300, stack(0x0000001c74300000,0x0000001c74400000) (1024K)]
  0x000001f1dda11df0 WorkerThread "GC Thread#7"                     [id=18936, stack(0x0000001c74400000,0x0000001c74500000) (1024K)]
  0x000001f1c0464b50 ConcurrentGCThread "G1 Main Marker"            [id=9336, stack(0x0000001c72600000,0x0000001c72700000) (1024K)]
  0x000001f1c04663a0 WorkerThread "G1 Conc#0"                       [id=4004, stack(0x0000001c72700000,0x0000001c72800000) (1024K)]
  0x000001f1dde1a030 WorkerThread "G1 Conc#1"                       [id=16416, stack(0x0000001c74800000,0x0000001c74900000) (1024K)]
  0x000001f1c04be590 ConcurrentGCThread "G1 Refine#0"               [id=18000, stack(0x0000001c72800000,0x0000001c72900000) (1024K)]
  0x000001f1d7894cf0 ConcurrentGCThread "G1 Service"                [id=24300, stack(0x0000001c72900000,0x0000001c72a00000) (1024K)]
Total: 15

Threads with active compile tasks:
C2 CompilerThread0  42244 14533   !   4       sun.nio.fs.WindowsLinkSupport::getRealPath (500 bytes)
C1 CompilerThread0  42244 14554       3       org.gradle.api.internal.tasks.properties.InputParameterUtils::prepareInputParameterValue (10 bytes)
C2 CompilerThread1  42244 14553       4       org.gradle.api.internal.attributes.matching.CachingAttributeSelectionSchema$MatchValueKey::equals (77 bytes)
Total: 3

VM state: at safepoint (normal execution)

VM Mutex/Monitor currently owned by a thread:  ([mutex/lock_event])
[0x00007ffb3bcc8690] Threads_lock - owner thread: 0x000001f1d7a075b0
[0x00007ffb3bcc8790] Heap_lock - owner thread: 0x000001f1e157d6e0

Heap address: 0x0000000080000000, size: 2048 MB, Compressed Oops mode: 32-bit

CDS archive(s) not mapped
Compressed class space mapped at: 0x0000000100000000-0x0000000140000000, reserved size: 1073741824
Narrow klass base: 0x0000000000000000, Narrow klass shift: 3, Narrow klass range: 0x140000000

GC Precious Log:
 CardTable entry size: 512
 Card Set container configuration: InlinePtr #cards 5 size 8 Array Of Cards #cards 12 size 40 Howl #buckets 4 coarsen threshold 1843 Howl Bitmap #cards 512 size 80 coarsen threshold 460 Card regions per heap region 1 cards per card region 2048
 CPUs: 8 total, 8 available
 Memory: 7970M
 Large Page Support: Disabled
 NUMA Support: Disabled
 Compressed Oops: Enabled (32-bit)
 Heap Region Size: 1M
 Heap Min Capacity: 8M
 Heap Initial Capacity: 126M
 Heap Max Capacity: 2G
 Pre-touch: Disabled
 Parallel Workers: 8
 Concurrent Workers: 2
 Concurrent Refinement Workers: 8
 Periodic GC: Disabled

Heap:
 garbage-first heap   total 428032K, used 138631K [0x0000000080000000, 0x0000000100000000)
  region size 1024K, 16 young (16384K), 16 survivors (16384K)
 Metaspace       used 114921K, committed 117312K, reserved 1179648K
  class space    used 16384K, committed 17536K, reserved 1048576K

Heap Regions: E=young(eden), S=young(survivor), O=old, HS=humongous(starts), HC=humongous(continues), CS=collection set, F=free, TAMS=top-at-mark-start, PB=parsable bottom
|   0|0x0000000080000000, 0x0000000080100000, 0x0000000080100000|100%|HS|  |TAMS 0x0000000080100000| PB 0x0000000080000000| Complete 
|   1|0x0000000080100000, 0x0000000080200000, 0x0000000080200000|100%|HC|  |TAMS 0x0000000080200000| PB 0x0000000080100000| Complete 
|   2|0x0000000080200000, 0x0000000080300000, 0x0000000080300000|100%|HC|  |TAMS 0x0000000080300000| PB 0x0000000080200000| Complete 
|   3|0x0000000080300000, 0x0000000080400000, 0x0000000080400000|100%| O|  |TAMS 0x0000000080400000| PB 0x0000000080300000| Untracked 
|   4|0x0000000080400000, 0x0000000080500000, 0x0000000080500000|100%| O|  |TAMS 0x0000000080500000| PB 0x0000000080400000| Untracked 
|   5|0x0000000080500000, 0x0000000080600000, 0x0000000080600000|100%|HS|  |TAMS 0x0000000080600000| PB 0x0000000080500000| Complete 
|   6|0x0000000080600000, 0x0000000080700000, 0x0000000080700000|100%| O|  |TAMS 0x0000000080700000| PB 0x0000000080600000| Untracked 
|   7|0x0000000080700000, 0x0000000080800000, 0x0000000080800000|100%| O|  |TAMS 0x0000000080800000| PB 0x0000000080700000| Untracked 
|   8|0x0000000080800000, 0x0000000080900000, 0x0000000080900000|100%| O|  |TAMS 0x0000000080900000| PB 0x0000000080800000| Untracked 
|   9|0x0000000080900000, 0x0000000080a00000, 0x0000000080a00000|100%| O|  |TAMS 0x0000000080a00000| PB 0x0000000080900000| Untracked 
|  10|0x0000000080a00000, 0x0000000080b00000, 0x0000000080b00000|100%| O|  |TAMS 0x0000000080b00000| PB 0x0000000080a00000| Untracked 
|  11|0x0000000080b00000, 0x0000000080c00000, 0x0000000080c00000|100%| O|  |TAMS 0x0000000080c00000| PB 0x0000000080b00000| Untracked 
|  12|0x0000000080c00000, 0x0000000080d00000, 0x0000000080d00000|100%| O|  |TAMS 0x0000000080d00000| PB 0x0000000080c00000| Untracked 
|  13|0x0000000080d00000, 0x0000000080e00000, 0x0000000080e00000|100%| O|  |TAMS 0x0000000080e00000| PB 0x0000000080d00000| Untracked 
|  14|0x0000000080e00000, 0x0000000080f00000, 0x0000000080f00000|100%| O|  |TAMS 0x0000000080f00000| PB 0x0000000080e00000| Untracked 
|  15|0x0000000080f00000, 0x0000000081000000, 0x0000000081000000|100%| O|  |TAMS 0x0000000081000000| PB 0x0000000080f00000| Untracked 
|  16|0x0000000081000000, 0x0000000081100000, 0x0000000081100000|100%| O|  |TAMS 0x0000000081100000| PB 0x0000000081000000| Untracked 
|  17|0x0000000081100000, 0x0000000081200000, 0x0000000081200000|100%| O|  |TAMS 0x0000000081200000| PB 0x0000000081100000| Untracked 
|  18|0x0000000081200000, 0x0000000081300000, 0x0000000081300000|100%| O|  |TAMS 0x0000000081300000| PB 0x0000000081200000| Untracked 
|  19|0x0000000081300000, 0x0000000081400000, 0x0000000081400000|100%| O|  |TAMS 0x0000000081400000| PB 0x0000000081300000| Untracked 
|  20|0x0000000081400000, 0x0000000081500000, 0x0000000081500000|100%| O|  |TAMS 0x0000000081500000| PB 0x0000000081400000| Untracked 
|  21|0x0000000081500000, 0x0000000081600000, 0x0000000081600000|100%| O|  |TAMS 0x0000000081600000| PB 0x0000000081500000| Untracked 
|  22|0x0000000081600000, 0x0000000081700000, 0x0000000081700000|100%| O|  |TAMS 0x0000000081700000| PB 0x0000000081600000| Untracked 
|  23|0x0000000081700000, 0x0000000081800000, 0x0000000081800000|100%| O|  |TAMS 0x0000000081800000| PB 0x0000000081700000| Untracked 
|  24|0x0000000081800000, 0x0000000081900000, 0x0000000081900000|100%| O|  |TAMS 0x0000000081900000| PB 0x0000000081800000| Untracked 
|  25|0x0000000081900000, 0x0000000081a00000, 0x0000000081a00000|100%| O|  |TAMS 0x0000000081a00000| PB 0x0000000081900000| Untracked 
|  26|0x0000000081a00000, 0x0000000081b00000, 0x0000000081b00000|100%| O|  |TAMS 0x0000000081b00000| PB 0x0000000081a00000| Untracked 
|  27|0x0000000081b00000, 0x0000000081c00000, 0x0000000081c00000|100%| O|  |TAMS 0x0000000081c00000| PB 0x0000000081b00000| Untracked 
|  28|0x0000000081c00000, 0x0000000081d00000, 0x0000000081d00000|100%| O|  |TAMS 0x0000000081d00000| PB 0x0000000081c00000| Untracked 
|  29|0x0000000081d00000, 0x0000000081e00000, 0x0000000081e00000|100%| O|  |TAMS 0x0000000081e00000| PB 0x0000000081d00000| Untracked 
|  30|0x0000000081e00000, 0x0000000081f00000, 0x0000000081f00000|100%| O|  |TAMS 0x0000000081f00000| PB 0x0000000081e00000| Untracked 
|  31|0x0000000081f00000, 0x0000000082000000, 0x0000000082000000|100%|HS|  |TAMS 0x0000000082000000| PB 0x0000000081f00000| Complete 
|  32|0x0000000082000000, 0x0000000082100000, 0x0000000082100000|100%|HC|  |TAMS 0x0000000082100000| PB 0x0000000082000000| Complete 
|  33|0x0000000082100000, 0x0000000082200000, 0x0000000082200000|100%| O|  |TAMS 0x0000000082200000| PB 0x0000000082100000| Untracked 
|  34|0x0000000082200000, 0x0000000082300000, 0x0000000082300000|100%| O|  |TAMS 0x0000000082300000| PB 0x0000000082200000| Untracked 
|  35|0x0000000082300000, 0x0000000082400000, 0x0000000082400000|100%| O|  |TAMS 0x0000000082400000| PB 0x0000000082300000| Untracked 
|  36|0x0000000082400000, 0x0000000082500000, 0x0000000082500000|100%| O|  |TAMS 0x0000000082500000| PB 0x0000000082400000| Untracked 
|  37|0x0000000082500000, 0x0000000082600000, 0x0000000082600000|100%|HS|  |TAMS 0x0000000082600000| PB 0x0000000082500000| Complete 
|  38|0x0000000082600000, 0x0000000082700000, 0x0000000082700000|100%| O|  |TAMS 0x0000000082700000| PB 0x0000000082600000| Untracked 
|  39|0x0000000082700000, 0x0000000082800000, 0x0000000082800000|100%| O|  |TAMS 0x0000000082800000| PB 0x0000000082700000| Untracked 
|  40|0x0000000082800000, 0x0000000082900000, 0x0000000082900000|100%| O|  |TAMS 0x0000000082900000| PB 0x0000000082800000| Untracked 
|  41|0x0000000082900000, 0x0000000082a00000, 0x0000000082a00000|100%| O|  |TAMS 0x0000000082a00000| PB 0x0000000082900000| Untracked 
|  42|0x0000000082a00000, 0x0000000082a0e9a0, 0x0000000082b00000|  5%| O|  |TAMS 0x0000000082a00000| PB 0x0000000082a00000| Untracked 
|  43|0x0000000082b00000, 0x0000000082c00000, 0x0000000082c00000|100%| O|  |TAMS 0x0000000082c00000| PB 0x0000000082b00000| Untracked 
|  44|0x0000000082c00000, 0x0000000082d00000, 0x0000000082d00000|100%| O|  |TAMS 0x0000000082d00000| PB 0x0000000082c00000| Untracked 
|  45|0x0000000082d00000, 0x0000000082e00000, 0x0000000082e00000|100%| O|  |TAMS 0x0000000082e00000| PB 0x0000000082d00000| Untracked 
|  46|0x0000000082e00000, 0x0000000082f00000, 0x0000000082f00000|100%| O|  |TAMS 0x0000000082f00000| PB 0x0000000082e00000| Untracked 
|  47|0x0000000082f00000, 0x0000000082f00000, 0x0000000083000000|  0%| F|  |TAMS 0x0000000082f00000| PB 0x0000000082f00000| Untracked 
|  48|0x0000000083000000, 0x0000000083100000, 0x0000000083100000|100%| O|  |TAMS 0x0000000083100000| PB 0x0000000083000000| Untracked 
|  49|0x0000000083100000, 0x0000000083200000, 0x0000000083200000|100%|HS|  |TAMS 0x0000000083200000| PB 0x0000000083100000| Complete 
|  50|0x0000000083200000, 0x0000000083300000, 0x0000000083300000|100%| O|  |TAMS 0x0000000083300000| PB 0x0000000083200000| Untracked 
|  51|0x0000000083300000, 0x0000000083400000, 0x0000000083400000|100%| O|  |TAMS 0x0000000083400000| PB 0x0000000083300000| Untracked 
|  52|0x0000000083400000, 0x0000000083500000, 0x0000000083500000|100%|HS|  |TAMS 0x0000000083500000| PB 0x0000000083400000| Complete 
|  53|0x0000000083500000, 0x0000000083600000, 0x0000000083600000|100%|HC|  |TAMS 0x0000000083600000| PB 0x0000000083500000| Complete 
|  54|0x0000000083600000, 0x0000000083700000, 0x0000000083700000|100%|HS|  |TAMS 0x0000000083700000| PB 0x0000000083600000| Complete 
|  55|0x0000000083700000, 0x0000000083800000, 0x0000000083800000|100%|HS|  |TAMS 0x0000000083800000| PB 0x0000000083700000| Complete 
|  56|0x0000000083800000, 0x0000000083900000, 0x0000000083900000|100%| O|  |TAMS 0x0000000083900000| PB 0x0000000083800000| Untracked 
|  57|0x0000000083900000, 0x0000000083a00000, 0x0000000083a00000|100%|HS|  |TAMS 0x0000000083a00000| PB 0x0000000083900000| Complete 
|  58|0x0000000083a00000, 0x0000000083b00000, 0x0000000083b00000|100%|HS|  |TAMS 0x0000000083b00000| PB 0x0000000083a00000| Complete 
|  59|0x0000000083b00000, 0x0000000083c00000, 0x0000000083c00000|100%|HS|  |TAMS 0x0000000083c00000| PB 0x0000000083b00000| Complete 
|  60|0x0000000083c00000, 0x0000000083d00000, 0x0000000083d00000|100%|HC|  |TAMS 0x0000000083d00000| PB 0x0000000083c00000| Complete 
|  61|0x0000000083d00000, 0x0000000083e00000, 0x0000000083e00000|100%| O|  |TAMS 0x0000000083e00000| PB 0x0000000083d00000| Untracked 
|  62|0x0000000083e00000, 0x0000000083f00000, 0x0000000083f00000|100%| O|  |TAMS 0x0000000083f00000| PB 0x0000000083e00000| Untracked 
|  63|0x0000000083f00000, 0x0000000084000000, 0x0000000084000000|100%| O|  |TAMS 0x0000000084000000| PB 0x0000000083f00000| Untracked 
|  64|0x0000000084000000, 0x0000000084100000, 0x0000000084100000|100%|HS|  |TAMS 0x0000000084100000| PB 0x0000000084000000| Complete 
|  65|0x0000000084100000, 0x0000000084200000, 0x0000000084200000|100%| O|  |TAMS 0x0000000084200000| PB 0x0000000084100000| Untracked 
|  66|0x0000000084200000, 0x0000000084300000, 0x0000000084300000|100%| O|  |TAMS 0x0000000084300000| PB 0x0000000084200000| Untracked 
|  67|0x0000000084300000, 0x0000000084400000, 0x0000000084400000|100%| O|  |TAMS 0x0000000084400000| PB 0x0000000084300000| Untracked 
|  68|0x0000000084400000, 0x0000000084500000, 0x0000000084500000|100%| O|  |TAMS 0x0000000084500000| PB 0x0000000084400000| Untracked 
|  69|0x0000000084500000, 0x0000000084600000, 0x0000000084600000|100%| O|  |TAMS 0x0000000084600000| PB 0x0000000084500000| Untracked 
|  70|0x0000000084600000, 0x0000000084700000, 0x0000000084700000|100%| O|  |TAMS 0x0000000084700000| PB 0x0000000084600000| Untracked 
|  71|0x0000000084700000, 0x0000000084800000, 0x0000000084800000|100%| O|  |TAMS 0x0000000084800000| PB 0x0000000084700000| Untracked 
|  72|0x0000000084800000, 0x0000000084900000, 0x0000000084900000|100%| O|  |TAMS 0x0000000084900000| PB 0x0000000084800000| Untracked 
|  73|0x0000000084900000, 0x0000000084a00000, 0x0000000084a00000|100%| O|  |TAMS 0x0000000084a00000| PB 0x0000000084900000| Untracked 
|  74|0x0000000084a00000, 0x0000000084b00000, 0x0000000084b00000|100%| O|  |TAMS 0x0000000084b00000| PB 0x0000000084a00000| Untracked 
|  75|0x0000000084b00000, 0x0000000084c00000, 0x0000000084c00000|100%| O|  |TAMS 0x0000000084c00000| PB 0x0000000084b00000| Untracked 
|  76|0x0000000084c00000, 0x0000000084d00000, 0x0000000084d00000|100%| O|  |TAMS 0x0000000084d00000| PB 0x0000000084c00000| Untracked 
|  77|0x0000000084d00000, 0x0000000084e00000, 0x0000000084e00000|100%| O|  |TAMS 0x0000000084e00000| PB 0x0000000084d00000| Untracked 
|  78|0x0000000084e00000, 0x0000000084f00000, 0x0000000084f00000|100%| O|  |TAMS 0x0000000084f00000| PB 0x0000000084e00000| Untracked 
|  79|0x0000000084f00000, 0x0000000085000000, 0x0000000085000000|100%| O|  |TAMS 0x0000000085000000| PB 0x0000000084f00000| Untracked 
|  80|0x0000000085000000, 0x0000000085100000, 0x0000000085100000|100%| O|  |TAMS 0x0000000085100000| PB 0x0000000085000000| Untracked 
|  81|0x0000000085100000, 0x0000000085200000, 0x0000000085200000|100%| O|  |TAMS 0x0000000085200000| PB 0x0000000085100000| Untracked 
|  82|0x0000000085200000, 0x0000000085300000, 0x0000000085300000|100%| O|  |TAMS 0x0000000085300000| PB 0x0000000085200000| Untracked 
|  83|0x0000000085300000, 0x0000000085400000, 0x0000000085400000|100%| O|  |TAMS 0x0000000085400000| PB 0x0000000085300000| Untracked 
|  84|0x0000000085400000, 0x0000000085500000, 0x0000000085500000|100%| O|  |TAMS 0x0000000085500000| PB 0x0000000085400000| Untracked 
|  85|0x0000000085500000, 0x0000000085600000, 0x0000000085600000|100%| O|  |TAMS 0x0000000085600000| PB 0x0000000085500000| Untracked 
|  86|0x0000000085600000, 0x0000000085700000, 0x0000000085700000|100%| O|  |TAMS 0x0000000085700000| PB 0x0000000085600000| Untracked 
|  87|0x0000000085700000, 0x0000000085800000, 0x0000000085800000|100%| O|  |TAMS 0x0000000085800000| PB 0x0000000085700000| Untracked 
|  88|0x0000000085800000, 0x0000000085900000, 0x0000000085900000|100%| O|  |TAMS 0x0000000085900000| PB 0x0000000085800000| Untracked 
|  89|0x0000000085900000, 0x0000000085900000, 0x0000000085a00000|  0%| F|  |TAMS 0x0000000085900000| PB 0x0000000085900000| Untracked 
|  90|0x0000000085a00000, 0x0000000085b00000, 0x0000000085b00000|100%| O|  |TAMS 0x0000000085b00000| PB 0x0000000085a00000| Untracked 
|  91|0x0000000085b00000, 0x0000000085c00000, 0x0000000085c00000|100%| O|  |TAMS 0x0000000085c00000| PB 0x0000000085b00000| Untracked 
|  92|0x0000000085c00000, 0x0000000085d00000, 0x0000000085d00000|100%| O|  |TAMS 0x0000000085d00000| PB 0x0000000085c00000| Untracked 
|  93|0x0000000085d00000, 0x0000000085e00000, 0x0000000085e00000|100%| O|  |TAMS 0x0000000085e00000| PB 0x0000000085d00000| Untracked 
|  94|0x0000000085e00000, 0x0000000085f00000, 0x0000000085f00000|100%| O|  |TAMS 0x0000000085f00000| PB 0x0000000085e00000| Untracked 
|  95|0x0000000085f00000, 0x0000000086000000, 0x0000000086000000|100%| O|  |TAMS 0x0000000086000000| PB 0x0000000085f00000| Untracked 
|  96|0x0000000086000000, 0x0000000086100000, 0x0000000086100000|100%| O|  |TAMS 0x0000000086100000| PB 0x0000000086000000| Untracked 
|  97|0x0000000086100000, 0x0000000086200000, 0x0000000086200000|100%| O|  |TAMS 0x0000000086200000| PB 0x0000000086100000| Untracked 
|  98|0x0000000086200000, 0x0000000086300000, 0x0000000086300000|100%| O|  |TAMS 0x0000000086300000| PB 0x0000000086200000| Untracked 
|  99|0x0000000086300000, 0x0000000086400000, 0x0000000086400000|100%| O|  |TAMS 0x0000000086400000| PB 0x0000000086300000| Untracked 
| 100|0x0000000086400000, 0x0000000086500000, 0x0000000086500000|100%| O|  |TAMS 0x0000000086500000| PB 0x0000000086400000| Untracked 
| 101|0x0000000086500000, 0x0000000086600000, 0x0000000086600000|100%| O|  |TAMS 0x0000000086600000| PB 0x0000000086500000| Untracked 
| 102|0x0000000086600000, 0x0000000086700000, 0x0000000086700000|100%| O|  |TAMS 0x0000000086700000| PB 0x0000000086600000| Untracked 
| 103|0x0000000086700000, 0x0000000086800000, 0x0000000086800000|100%| O|  |TAMS 0x0000000086800000| PB 0x0000000086700000| Untracked 
| 104|0x0000000086800000, 0x0000000086900000, 0x0000000086900000|100%| O|  |TAMS 0x0000000086900000| PB 0x0000000086800000| Untracked 
| 105|0x0000000086900000, 0x0000000086a00000, 0x0000000086a00000|100%| O|  |TAMS 0x0000000086a00000| PB 0x0000000086900000| Untracked 
| 106|0x0000000086a00000, 0x0000000086b00000, 0x0000000086b00000|100%| O|  |TAMS 0x0000000086b00000| PB 0x0000000086a00000| Untracked 
| 107|0x0000000086b00000, 0x0000000086c00000, 0x0000000086c00000|100%| O|  |TAMS 0x0000000086c00000| PB 0x0000000086b00000| Untracked 
| 108|0x0000000086c00000, 0x0000000086d00000, 0x0000000086d00000|100%| O|  |TAMS 0x0000000086d00000| PB 0x0000000086c00000| Untracked 
| 109|0x0000000086d00000, 0x0000000086e00000, 0x0000000086e00000|100%| O|  |TAMS 0x0000000086e00000| PB 0x0000000086d00000| Untracked 
| 110|0x0000000086e00000, 0x0000000086f00000, 0x0000000086f00000|100%| O|  |TAMS 0x0000000086f00000| PB 0x0000000086e00000| Untracked 
| 111|0x0000000086f00000, 0x0000000087000000, 0x0000000087000000|100%| O|  |TAMS 0x0000000087000000| PB 0x0000000086f00000| Untracked 
| 112|0x0000000087000000, 0x0000000087100000, 0x0000000087100000|100%| O|  |TAMS 0x0000000087100000| PB 0x0000000087000000| Untracked 
| 113|0x0000000087100000, 0x0000000087200000, 0x0000000087200000|100%| O|  |TAMS 0x0000000087200000| PB 0x0000000087100000| Untracked 
| 114|0x0000000087200000, 0x0000000087300000, 0x0000000087300000|100%| O|  |TAMS 0x0000000087300000| PB 0x0000000087200000| Untracked 
| 115|0x0000000087300000, 0x0000000087400000, 0x0000000087400000|100%| O|  |TAMS 0x0000000087400000| PB 0x0000000087300000| Untracked 
| 116|0x0000000087400000, 0x0000000087500000, 0x0000000087500000|100%| O|  |TAMS 0x0000000087500000| PB 0x0000000087400000| Untracked 
| 117|0x0000000087500000, 0x0000000087600000, 0x0000000087600000|100%| O|  |TAMS 0x0000000087576318| PB 0x0000000087500000| Untracked 
| 118|0x0000000087600000, 0x0000000087600000, 0x0000000087700000|  0%| F|  |TAMS 0x0000000087600000| PB 0x0000000087600000| Untracked 
| 119|0x0000000087700000, 0x0000000087700000, 0x0000000087800000|  0%| F|  |TAMS 0x0000000087700000| PB 0x0000000087700000| Untracked 
| 120|0x0000000087800000, 0x0000000087800000, 0x0000000087900000|  0%| F|  |TAMS 0x0000000087800000| PB 0x0000000087800000| Untracked 
| 121|0x0000000087900000, 0x0000000087900000, 0x0000000087a00000|  0%| F|  |TAMS 0x0000000087900000| PB 0x0000000087900000| Untracked 
| 122|0x0000000087a00000, 0x0000000087a00000, 0x0000000087b00000|  0%| F|  |TAMS 0x0000000087a00000| PB 0x0000000087a00000| Untracked 
| 123|0x0000000087b00000, 0x0000000087b00000, 0x0000000087c00000|  0%| F|  |TAMS 0x0000000087b00000| PB 0x0000000087b00000| Untracked 
| 124|0x0000000087c00000, 0x0000000087c00000, 0x0000000087d00000|  0%| F|  |TAMS 0x0000000087c00000| PB 0x0000000087c00000| Untracked 
| 125|0x0000000087d00000, 0x0000000087d00000, 0x0000000087e00000|  0%| F|  |TAMS 0x0000000087d00000| PB 0x0000000087d00000| Untracked 
| 126|0x0000000087e00000, 0x0000000087e00000, 0x0000000087f00000|  0%| F|  |TAMS 0x0000000087e00000| PB 0x0000000087e00000| Untracked 
| 127|0x0000000087f00000, 0x0000000087f00000, 0x0000000088000000|  0%| F|  |TAMS 0x0000000087f00000| PB 0x0000000087f00000| Untracked 
| 128|0x0000000088000000, 0x0000000088000000, 0x0000000088100000|  0%| F|  |TAMS 0x0000000088000000| PB 0x0000000088000000| Untracked 
| 129|0x0000000088100000, 0x0000000088100000, 0x0000000088200000|  0%| F|  |TAMS 0x0000000088100000| PB 0x0000000088100000| Untracked 
| 130|0x0000000088200000, 0x0000000088200000, 0x0000000088300000|  0%| F|  |TAMS 0x0000000088200000| PB 0x0000000088200000| Untracked 
| 131|0x0000000088300000, 0x0000000088300000, 0x0000000088400000|  0%| F|  |TAMS 0x0000000088300000| PB 0x0000000088300000| Untracked 
| 132|0x0000000088400000, 0x0000000088400000, 0x0000000088500000|  0%| F|  |TAMS 0x0000000088400000| PB 0x0000000088400000| Untracked 
| 133|0x0000000088500000, 0x0000000088500000, 0x0000000088600000|  0%| F|  |TAMS 0x0000000088500000| PB 0x0000000088500000| Untracked 
| 134|0x0000000088600000, 0x0000000088600000, 0x0000000088700000|  0%| F|  |TAMS 0x0000000088600000| PB 0x0000000088600000| Untracked 
| 135|0x0000000088700000, 0x0000000088700000, 0x0000000088800000|  0%| F|  |TAMS 0x0000000088700000| PB 0x0000000088700000| Untracked 
| 136|0x0000000088800000, 0x0000000088800000, 0x0000000088900000|  0%| F|  |TAMS 0x0000000088800000| PB 0x0000000088800000| Untracked 
| 137|0x0000000088900000, 0x0000000088900000, 0x0000000088a00000|  0%| F|  |TAMS 0x0000000088900000| PB 0x0000000088900000| Untracked 
| 138|0x0000000088a00000, 0x0000000088a00000, 0x0000000088b00000|  0%| F|  |TAMS 0x0000000088a00000| PB 0x0000000088a00000| Untracked 
| 139|0x0000000088b00000, 0x0000000088b00000, 0x0000000088c00000|  0%| F|  |TAMS 0x0000000088b00000| PB 0x0000000088b00000| Untracked 
| 140|0x0000000088c00000, 0x0000000088c00000, 0x0000000088d00000|  0%| F|  |TAMS 0x0000000088c00000| PB 0x0000000088c00000| Untracked 
| 141|0x0000000088d00000, 0x0000000088d00000, 0x0000000088e00000|  0%| F|  |TAMS 0x0000000088d00000| PB 0x0000000088d00000| Untracked 
| 142|0x0000000088e00000, 0x0000000088e00000, 0x0000000088f00000|  0%| F|  |TAMS 0x0000000088e00000| PB 0x0000000088e00000| Untracked 
| 143|0x0000000088f00000, 0x0000000088f00000, 0x0000000089000000|  0%| F|  |TAMS 0x0000000088f00000| PB 0x0000000088f00000| Untracked 
| 144|0x0000000089000000, 0x0000000089000000, 0x0000000089100000|  0%| F|  |TAMS 0x0000000089000000| PB 0x0000000089000000| Untracked 
| 145|0x0000000089100000, 0x0000000089100000, 0x0000000089200000|  0%| F|  |TAMS 0x0000000089100000| PB 0x0000000089100000| Untracked 
| 146|0x0000000089200000, 0x0000000089200000, 0x0000000089300000|  0%| F|  |TAMS 0x0000000089200000| PB 0x0000000089200000| Untracked 
| 147|0x0000000089300000, 0x0000000089353548, 0x0000000089400000| 32%| S|CS|TAMS 0x0000000089300000| PB 0x0000000089300000| Complete 
| 148|0x0000000089400000, 0x0000000089400000, 0x0000000089500000|  0%| F|  |TAMS 0x0000000089400000| PB 0x0000000089400000| Untracked 
| 149|0x0000000089500000, 0x0000000089500000, 0x0000000089600000|  0%| F|  |TAMS 0x0000000089500000| PB 0x0000000089500000| Untracked 
| 150|0x0000000089600000, 0x0000000089700000, 0x0000000089700000|100%| S|CS|TAMS 0x0000000089600000| PB 0x0000000089600000| Complete 
| 151|0x0000000089700000, 0x0000000089800000, 0x0000000089800000|100%| S|CS|TAMS 0x0000000089700000| PB 0x0000000089700000| Complete 
| 152|0x0000000089800000, 0x0000000089900000, 0x0000000089900000|100%| S|CS|TAMS 0x0000000089800000| PB 0x0000000089800000| Complete 
| 153|0x0000000089900000, 0x0000000089a00000, 0x0000000089a00000|100%| S|CS|TAMS 0x0000000089900000| PB 0x0000000089900000| Complete 
| 154|0x0000000089a00000, 0x0000000089b00000, 0x0000000089b00000|100%| S|CS|TAMS 0x0000000089a00000| PB 0x0000000089a00000| Complete 
| 155|0x0000000089b00000, 0x0000000089c00000, 0x0000000089c00000|100%| S|CS|TAMS 0x0000000089b00000| PB 0x0000000089b00000| Complete 
| 156|0x0000000089c00000, 0x0000000089d00000, 0x0000000089d00000|100%| S|CS|TAMS 0x0000000089c00000| PB 0x0000000089c00000| Complete 
| 157|0x0000000089d00000, 0x0000000089e00000, 0x0000000089e00000|100%| S|CS|TAMS 0x0000000089d00000| PB 0x0000000089d00000| Complete 
| 158|0x0000000089e00000, 0x0000000089f00000, 0x0000000089f00000|100%| S|CS|TAMS 0x0000000089e00000| PB 0x0000000089e00000| Complete 
| 159|0x0000000089f00000, 0x000000008a000000, 0x000000008a000000|100%| S|CS|TAMS 0x0000000089f00000| PB 0x0000000089f00000| Complete 
| 160|0x000000008a000000, 0x000000008a100000, 0x000000008a100000|100%| S|CS|TAMS 0x000000008a000000| PB 0x000000008a000000| Complete 
| 161|0x000000008a100000, 0x000000008a200000, 0x000000008a200000|100%| S|CS|TAMS 0x000000008a100000| PB 0x000000008a100000| Complete 
| 162|0x000000008a200000, 0x000000008a300000, 0x000000008a300000|100%| S|CS|TAMS 0x000000008a200000| PB 0x000000008a200000| Complete 
| 163|0x000000008a300000, 0x000000008a300000, 0x000000008a400000|  0%| F|  |TAMS 0x000000008a300000| PB 0x000000008a300000| Untracked 
| 164|0x000000008a400000, 0x000000008a400000, 0x000000008a500000|  0%| F|  |TAMS 0x000000008a400000| PB 0x000000008a400000| Untracked 
| 165|0x000000008a500000, 0x000000008a500000, 0x000000008a600000|  0%| F|  |TAMS 0x000000008a500000| PB 0x000000008a500000| Untracked 
| 166|0x000000008a600000, 0x000000008a600000, 0x000000008a700000|  0%| F|  |TAMS 0x000000008a600000| PB 0x000000008a600000| Untracked 
| 167|0x000000008a700000, 0x000000008a700000, 0x000000008a800000|  0%| F|  |TAMS 0x000000008a700000| PB 0x000000008a700000| Untracked 
| 168|0x000000008a800000, 0x000000008a800000, 0x000000008a900000|  0%| F|  |TAMS 0x000000008a800000| PB 0x000000008a800000| Untracked 
| 169|0x000000008a900000, 0x000000008a900000, 0x000000008aa00000|  0%| F|  |TAMS 0x000000008a900000| PB 0x000000008a900000| Untracked 
| 170|0x000000008aa00000, 0x000000008aa00000, 0x000000008ab00000|  0%| F|  |TAMS 0x000000008aa00000| PB 0x000000008aa00000| Untracked 
| 171|0x000000008ab00000, 0x000000008ab00000, 0x000000008ac00000|  0%| F|  |TAMS 0x000000008ab00000| PB 0x000000008ab00000| Untracked 
| 172|0x000000008ac00000, 0x000000008ac00000, 0x000000008ad00000|  0%| F|  |TAMS 0x000000008ac00000| PB 0x000000008ac00000| Untracked 
| 173|0x000000008ad00000, 0x000000008ad00000, 0x000000008ae00000|  0%| F|  |TAMS 0x000000008ad00000| PB 0x000000008ad00000| Untracked 
| 174|0x000000008ae00000, 0x000000008ae00000, 0x000000008af00000|  0%| F|  |TAMS 0x000000008ae00000| PB 0x000000008ae00000| Untracked 
| 175|0x000000008af00000, 0x000000008af00000, 0x000000008b000000|  0%| F|  |TAMS 0x000000008af00000| PB 0x000000008af00000| Untracked 
| 176|0x000000008b000000, 0x000000008b100000, 0x000000008b100000|100%| S|CS|TAMS 0x000000008b000000| PB 0x000000008b000000| Complete 
| 177|0x000000008b100000, 0x000000008b200000, 0x000000008b200000|100%| S|CS|TAMS 0x000000008b100000| PB 0x000000008b100000| Complete 
| 178|0x000000008b200000, 0x000000008b200000, 0x000000008b300000|  0%| F|  |TAMS 0x000000008b200000| PB 0x000000008b200000| Untracked 
| 179|0x000000008b300000, 0x000000008b300000, 0x000000008b400000|  0%| F|  |TAMS 0x000000008b300000| PB 0x000000008b300000| Untracked 
| 180|0x000000008b400000, 0x000000008b400000, 0x000000008b500000|  0%| F|  |TAMS 0x000000008b400000| PB 0x000000008b400000| Untracked 
| 181|0x000000008b500000, 0x000000008b500000, 0x000000008b600000|  0%| F|  |TAMS 0x000000008b500000| PB 0x000000008b500000| Untracked 
| 182|0x000000008b600000, 0x000000008b600000, 0x000000008b700000|  0%| F|  |TAMS 0x000000008b600000| PB 0x000000008b600000| Untracked 
| 183|0x000000008b700000, 0x000000008b700000, 0x000000008b800000|  0%| F|  |TAMS 0x000000008b700000| PB 0x000000008b700000| Untracked 
| 184|0x000000008b800000, 0x000000008b800000, 0x000000008b900000|  0%| F|  |TAMS 0x000000008b800000| PB 0x000000008b800000| Untracked 
| 185|0x000000008b900000, 0x000000008b900000, 0x000000008ba00000|  0%| F|  |TAMS 0x000000008b900000| PB 0x000000008b900000| Untracked 
| 186|0x000000008ba00000, 0x000000008ba00000, 0x000000008bb00000|  0%| F|  |TAMS 0x000000008ba00000| PB 0x000000008ba00000| Untracked 
| 187|0x000000008bb00000, 0x000000008bb00000, 0x000000008bc00000|  0%| F|  |TAMS 0x000000008bb00000| PB 0x000000008bb00000| Untracked 
| 188|0x000000008bc00000, 0x000000008bc00000, 0x000000008bd00000|  0%| F|  |TAMS 0x000000008bc00000| PB 0x000000008bc00000| Untracked 
| 189|0x000000008bd00000, 0x000000008bd00000, 0x000000008be00000|  0%| F|  |TAMS 0x000000008bd00000| PB 0x000000008bd00000| Untracked 
| 190|0x000000008be00000, 0x000000008be00000, 0x000000008bf00000|  0%| F|  |TAMS 0x000000008be00000| PB 0x000000008be00000| Untracked 
| 191|0x000000008bf00000, 0x000000008bf00000, 0x000000008c000000|  0%| F|  |TAMS 0x000000008bf00000| PB 0x000000008bf00000| Untracked 
| 192|0x000000008c000000, 0x000000008c000000, 0x000000008c100000|  0%| F|  |TAMS 0x000000008c000000| PB 0x000000008c000000| Untracked 
| 193|0x000000008c100000, 0x000000008c100000, 0x000000008c200000|  0%| F|  |TAMS 0x000000008c100000| PB 0x000000008c100000| Untracked 
| 194|0x000000008c200000, 0x000000008c200000, 0x000000008c300000|  0%| F|  |TAMS 0x000000008c200000| PB 0x000000008c200000| Untracked 
| 195|0x000000008c300000, 0x000000008c300000, 0x000000008c400000|  0%| F|  |TAMS 0x000000008c300000| PB 0x000000008c300000| Untracked 
| 196|0x000000008c400000, 0x000000008c400000, 0x000000008c500000|  0%| F|  |TAMS 0x000000008c400000| PB 0x000000008c400000| Untracked 
| 197|0x000000008c500000, 0x000000008c500000, 0x000000008c600000|  0%| F|  |TAMS 0x000000008c500000| PB 0x000000008c500000| Untracked 
| 198|0x000000008c600000, 0x000000008c600000, 0x000000008c700000|  0%| F|  |TAMS 0x000000008c600000| PB 0x000000008c600000| Untracked 
| 199|0x000000008c700000, 0x000000008c700000, 0x000000008c800000|  0%| F|  |TAMS 0x000000008c700000| PB 0x000000008c700000| Untracked 
| 200|0x000000008c800000, 0x000000008c800000, 0x000000008c900000|  0%| F|  |TAMS 0x000000008c800000| PB 0x000000008c800000| Untracked 
| 201|0x000000008c900000, 0x000000008c900000, 0x000000008ca00000|  0%| F|  |TAMS 0x000000008c900000| PB 0x000000008c900000| Untracked 
| 202|0x000000008ca00000, 0x000000008ca00000, 0x000000008cb00000|  0%| F|  |TAMS 0x000000008ca00000| PB 0x000000008ca00000| Untracked 
| 203|0x000000008cb00000, 0x000000008cb00000, 0x000000008cc00000|  0%| F|  |TAMS 0x000000008cb00000| PB 0x000000008cb00000| Untracked 
| 204|0x000000008cc00000, 0x000000008cc00000, 0x000000008cd00000|  0%| F|  |TAMS 0x000000008cc00000| PB 0x000000008cc00000| Untracked 
| 205|0x000000008cd00000, 0x000000008cd00000, 0x000000008ce00000|  0%| F|  |TAMS 0x000000008cd00000| PB 0x000000008cd00000| Untracked 
| 206|0x000000008ce00000, 0x000000008ce00000, 0x000000008cf00000|  0%| F|  |TAMS 0x000000008ce00000| PB 0x000000008ce00000| Untracked 
| 207|0x000000008cf00000, 0x000000008cf00000, 0x000000008d000000|  0%| F|  |TAMS 0x000000008cf00000| PB 0x000000008cf00000| Untracked 
| 208|0x000000008d000000, 0x000000008d000000, 0x000000008d100000|  0%| F|  |TAMS 0x000000008d000000| PB 0x000000008d000000| Untracked 
| 209|0x000000008d100000, 0x000000008d100000, 0x000000008d200000|  0%| F|  |TAMS 0x000000008d100000| PB 0x000000008d100000| Untracked 
| 210|0x000000008d200000, 0x000000008d200000, 0x000000008d300000|  0%| F|  |TAMS 0x000000008d200000| PB 0x000000008d200000| Untracked 
| 211|0x000000008d300000, 0x000000008d300000, 0x000000008d400000|  0%| F|  |TAMS 0x000000008d300000| PB 0x000000008d300000| Untracked 
| 212|0x000000008d400000, 0x000000008d400000, 0x000000008d500000|  0%| F|  |TAMS 0x000000008d400000| PB 0x000000008d400000| Untracked 
| 213|0x000000008d500000, 0x000000008d500000, 0x000000008d600000|  0%| F|  |TAMS 0x000000008d500000| PB 0x000000008d500000| Untracked 
| 214|0x000000008d600000, 0x000000008d600000, 0x000000008d700000|  0%| F|  |TAMS 0x000000008d600000| PB 0x000000008d600000| Untracked 
| 215|0x000000008d700000, 0x000000008d700000, 0x000000008d800000|  0%| F|  |TAMS 0x000000008d700000| PB 0x000000008d700000| Untracked 
| 216|0x000000008d800000, 0x000000008d800000, 0x000000008d900000|  0%| F|  |TAMS 0x000000008d800000| PB 0x000000008d800000| Untracked 
| 217|0x000000008d900000, 0x000000008d900000, 0x000000008da00000|  0%| F|  |TAMS 0x000000008d900000| PB 0x000000008d900000| Untracked 
| 218|0x000000008da00000, 0x000000008da00000, 0x000000008db00000|  0%| F|  |TAMS 0x000000008da00000| PB 0x000000008da00000| Untracked 
| 219|0x000000008db00000, 0x000000008db00000, 0x000000008dc00000|  0%| F|  |TAMS 0x000000008db00000| PB 0x000000008db00000| Untracked 
| 220|0x000000008dc00000, 0x000000008dc00000, 0x000000008dd00000|  0%| F|  |TAMS 0x000000008dc00000| PB 0x000000008dc00000| Untracked 
| 221|0x000000008dd00000, 0x000000008dd00000, 0x000000008de00000|  0%| F|  |TAMS 0x000000008dd00000| PB 0x000000008dd00000| Untracked 
| 222|0x000000008de00000, 0x000000008de00000, 0x000000008df00000|  0%| F|  |TAMS 0x000000008de00000| PB 0x000000008de00000| Untracked 
| 223|0x000000008df00000, 0x000000008df00000, 0x000000008e000000|  0%| F|  |TAMS 0x000000008df00000| PB 0x000000008df00000| Untracked 
| 224|0x000000008e000000, 0x000000008e000000, 0x000000008e100000|  0%| F|  |TAMS 0x000000008e000000| PB 0x000000008e000000| Untracked 
| 225|0x000000008e100000, 0x000000008e100000, 0x000000008e200000|  0%| F|  |TAMS 0x000000008e100000| PB 0x000000008e100000| Untracked 
| 226|0x000000008e200000, 0x000000008e200000, 0x000000008e300000|  0%| F|  |TAMS 0x000000008e200000| PB 0x000000008e200000| Untracked 
| 227|0x000000008e300000, 0x000000008e300000, 0x000000008e400000|  0%| F|  |TAMS 0x000000008e300000| PB 0x000000008e300000| Untracked 
| 228|0x000000008e400000, 0x000000008e400000, 0x000000008e500000|  0%| F|  |TAMS 0x000000008e400000| PB 0x000000008e400000| Untracked 
| 229|0x000000008e500000, 0x000000008e500000, 0x000000008e600000|  0%| F|  |TAMS 0x000000008e500000| PB 0x000000008e500000| Untracked 
| 230|0x000000008e600000, 0x000000008e600000, 0x000000008e700000|  0%| F|  |TAMS 0x000000008e600000| PB 0x000000008e600000| Untracked 
| 231|0x000000008e700000, 0x000000008e700000, 0x000000008e800000|  0%| F|  |TAMS 0x000000008e700000| PB 0x000000008e700000| Untracked 
| 232|0x000000008e800000, 0x000000008e800000, 0x000000008e900000|  0%| F|  |TAMS 0x000000008e800000| PB 0x000000008e800000| Untracked 
| 233|0x000000008e900000, 0x000000008e900000, 0x000000008ea00000|  0%| F|  |TAMS 0x000000008e900000| PB 0x000000008e900000| Untracked 
| 234|0x000000008ea00000, 0x000000008ea00000, 0x000000008eb00000|  0%| F|  |TAMS 0x000000008ea00000| PB 0x000000008ea00000| Untracked 
| 235|0x000000008eb00000, 0x000000008eb00000, 0x000000008ec00000|  0%| F|  |TAMS 0x000000008eb00000| PB 0x000000008eb00000| Untracked 
| 236|0x000000008ec00000, 0x000000008ec00000, 0x000000008ed00000|  0%| F|  |TAMS 0x000000008ec00000| PB 0x000000008ec00000| Untracked 
| 237|0x000000008ed00000, 0x000000008ed00000, 0x000000008ee00000|  0%| F|  |TAMS 0x000000008ed00000| PB 0x000000008ed00000| Untracked 
| 238|0x000000008ee00000, 0x000000008ee00000, 0x000000008ef00000|  0%| F|  |TAMS 0x000000008ee00000| PB 0x000000008ee00000| Untracked 
| 239|0x000000008ef00000, 0x000000008ef00000, 0x000000008f000000|  0%| F|  |TAMS 0x000000008ef00000| PB 0x000000008ef00000| Untracked 
| 240|0x000000008f000000, 0x000000008f000000, 0x000000008f100000|  0%| F|  |TAMS 0x000000008f000000| PB 0x000000008f000000| Untracked 
| 241|0x000000008f100000, 0x000000008f100000, 0x000000008f200000|  0%| F|  |TAMS 0x000000008f100000| PB 0x000000008f100000| Untracked 
| 242|0x000000008f200000, 0x000000008f200000, 0x000000008f300000|  0%| F|  |TAMS 0x000000008f200000| PB 0x000000008f200000| Untracked 
| 243|0x000000008f300000, 0x000000008f300000, 0x000000008f400000|  0%| F|  |TAMS 0x000000008f300000| PB 0x000000008f300000| Untracked 
| 244|0x000000008f400000, 0x000000008f400000, 0x000000008f500000|  0%| F|  |TAMS 0x000000008f400000| PB 0x000000008f400000| Untracked 
| 245|0x000000008f500000, 0x000000008f500000, 0x000000008f600000|  0%| F|  |TAMS 0x000000008f500000| PB 0x000000008f500000| Untracked 
| 246|0x000000008f600000, 0x000000008f600000, 0x000000008f700000|  0%| F|  |TAMS 0x000000008f600000| PB 0x000000008f600000| Untracked 
| 247|0x000000008f700000, 0x000000008f700000, 0x000000008f800000|  0%| F|  |TAMS 0x000000008f700000| PB 0x000000008f700000| Untracked 
| 248|0x000000008f800000, 0x000000008f800000, 0x000000008f900000|  0%| F|  |TAMS 0x000000008f800000| PB 0x000000008f800000| Untracked 
| 249|0x000000008f900000, 0x000000008f900000, 0x000000008fa00000|  0%| F|  |TAMS 0x000000008f900000| PB 0x000000008f900000| Untracked 
| 250|0x000000008fa00000, 0x000000008fa00000, 0x000000008fb00000|  0%| F|  |TAMS 0x000000008fa00000| PB 0x000000008fa00000| Untracked 
| 251|0x000000008fb00000, 0x000000008fb00000, 0x000000008fc00000|  0%| F|  |TAMS 0x000000008fb00000| PB 0x000000008fb00000| Untracked 
| 252|0x000000008fc00000, 0x000000008fc00000, 0x000000008fd00000|  0%| F|  |TAMS 0x000000008fc00000| PB 0x000000008fc00000| Untracked 
| 253|0x000000008fd00000, 0x000000008fd00000, 0x000000008fe00000|  0%| F|  |TAMS 0x000000008fd00000| PB 0x000000008fd00000| Untracked 
| 254|0x000000008fe00000, 0x000000008fe00000, 0x000000008ff00000|  0%| F|  |TAMS 0x000000008fe00000| PB 0x000000008fe00000| Untracked 
| 255|0x000000008ff00000, 0x000000008ff00000, 0x0000000090000000|  0%| F|  |TAMS 0x000000008ff00000| PB 0x000000008ff00000| Untracked 
| 256|0x0000000090000000, 0x0000000090000000, 0x0000000090100000|  0%| F|  |TAMS 0x0000000090000000| PB 0x0000000090000000| Untracked 
| 257|0x0000000090100000, 0x0000000090100000, 0x0000000090200000|  0%| F|  |TAMS 0x0000000090100000| PB 0x0000000090100000| Untracked 
| 258|0x0000000090200000, 0x0000000090200000, 0x0000000090300000|  0%| F|  |TAMS 0x0000000090200000| PB 0x0000000090200000| Untracked 
| 259|0x0000000090300000, 0x0000000090300000, 0x0000000090400000|  0%| F|  |TAMS 0x0000000090300000| PB 0x0000000090300000| Untracked 
| 260|0x0000000090400000, 0x0000000090400000, 0x0000000090500000|  0%| F|  |TAMS 0x0000000090400000| PB 0x0000000090400000| Untracked 
| 261|0x0000000090500000, 0x0000000090500000, 0x0000000090600000|  0%| F|  |TAMS 0x0000000090500000| PB 0x0000000090500000| Untracked 
| 262|0x0000000090600000, 0x0000000090600000, 0x0000000090700000|  0%| F|  |TAMS 0x0000000090600000| PB 0x0000000090600000| Untracked 
| 263|0x0000000090700000, 0x0000000090700000, 0x0000000090800000|  0%| F|  |TAMS 0x0000000090700000| PB 0x0000000090700000| Untracked 
| 264|0x0000000090800000, 0x0000000090800000, 0x0000000090900000|  0%| F|  |TAMS 0x0000000090800000| PB 0x0000000090800000| Untracked 
| 265|0x0000000090900000, 0x0000000090900000, 0x0000000090a00000|  0%| F|  |TAMS 0x0000000090900000| PB 0x0000000090900000| Untracked 
| 266|0x0000000090a00000, 0x0000000090a00000, 0x0000000090b00000|  0%| F|  |TAMS 0x0000000090a00000| PB 0x0000000090a00000| Untracked 
| 267|0x0000000090b00000, 0x0000000090b00000, 0x0000000090c00000|  0%| F|  |TAMS 0x0000000090b00000| PB 0x0000000090b00000| Untracked 
| 268|0x0000000090c00000, 0x0000000090c00000, 0x0000000090d00000|  0%| F|  |TAMS 0x0000000090c00000| PB 0x0000000090c00000| Untracked 
| 269|0x0000000090d00000, 0x0000000090d00000, 0x0000000090e00000|  0%| F|  |TAMS 0x0000000090d00000| PB 0x0000000090d00000| Untracked 
| 270|0x0000000090e00000, 0x0000000090e00000, 0x0000000090f00000|  0%| F|  |TAMS 0x0000000090e00000| PB 0x0000000090e00000| Untracked 
| 271|0x0000000090f00000, 0x0000000090f00000, 0x0000000091000000|  0%| F|  |TAMS 0x0000000090f00000| PB 0x0000000090f00000| Untracked 
| 272|0x0000000091000000, 0x0000000091000000, 0x0000000091100000|  0%| F|  |TAMS 0x0000000091000000| PB 0x0000000091000000| Untracked 
| 273|0x0000000091100000, 0x0000000091100000, 0x0000000091200000|  0%| F|  |TAMS 0x0000000091100000| PB 0x0000000091100000| Untracked 
| 274|0x0000000091200000, 0x0000000091200000, 0x0000000091300000|  0%| F|  |TAMS 0x0000000091200000| PB 0x0000000091200000| Untracked 
| 275|0x0000000091300000, 0x0000000091300000, 0x0000000091400000|  0%| F|  |TAMS 0x0000000091300000| PB 0x0000000091300000| Untracked 
| 276|0x0000000091400000, 0x0000000091400000, 0x0000000091500000|  0%| F|  |TAMS 0x0000000091400000| PB 0x0000000091400000| Untracked 
| 277|0x0000000091500000, 0x0000000091500000, 0x0000000091600000|  0%| F|  |TAMS 0x0000000091500000| PB 0x0000000091500000| Untracked 
| 278|0x0000000091600000, 0x0000000091600000, 0x0000000091700000|  0%| F|  |TAMS 0x0000000091600000| PB 0x0000000091600000| Untracked 
| 279|0x0000000091700000, 0x0000000091700000, 0x0000000091800000|  0%| F|  |TAMS 0x0000000091700000| PB 0x0000000091700000| Untracked 
| 280|0x0000000091800000, 0x0000000091800000, 0x0000000091900000|  0%| F|  |TAMS 0x0000000091800000| PB 0x0000000091800000| Untracked 
| 281|0x0000000091900000, 0x0000000091900000, 0x0000000091a00000|  0%| F|  |TAMS 0x0000000091900000| PB 0x0000000091900000| Untracked 
| 282|0x0000000091a00000, 0x0000000091a00000, 0x0000000091b00000|  0%| F|  |TAMS 0x0000000091a00000| PB 0x0000000091a00000| Untracked 
| 283|0x0000000091b00000, 0x0000000091b00000, 0x0000000091c00000|  0%| F|  |TAMS 0x0000000091b00000| PB 0x0000000091b00000| Untracked 
| 284|0x0000000091c00000, 0x0000000091c00000, 0x0000000091d00000|  0%| F|  |TAMS 0x0000000091c00000| PB 0x0000000091c00000| Untracked 
| 285|0x0000000091d00000, 0x0000000091d00000, 0x0000000091e00000|  0%| F|  |TAMS 0x0000000091d00000| PB 0x0000000091d00000| Untracked 
| 286|0x0000000091e00000, 0x0000000091e00000, 0x0000000091f00000|  0%| F|  |TAMS 0x0000000091e00000| PB 0x0000000091e00000| Untracked 
| 287|0x0000000091f00000, 0x0000000091f00000, 0x0000000092000000|  0%| F|  |TAMS 0x0000000091f00000| PB 0x0000000091f00000| Untracked 
| 288|0x0000000092000000, 0x0000000092000000, 0x0000000092100000|  0%| F|  |TAMS 0x0000000092000000| PB 0x0000000092000000| Untracked 
| 289|0x0000000092100000, 0x0000000092100000, 0x0000000092200000|  0%| F|  |TAMS 0x0000000092100000| PB 0x0000000092100000| Untracked 
| 290|0x0000000092200000, 0x0000000092200000, 0x0000000092300000|  0%| F|  |TAMS 0x0000000092200000| PB 0x0000000092200000| Untracked 
| 291|0x0000000092300000, 0x0000000092300000, 0x0000000092400000|  0%| F|  |TAMS 0x0000000092300000| PB 0x0000000092300000| Untracked 
| 292|0x0000000092400000, 0x0000000092400000, 0x0000000092500000|  0%| F|  |TAMS 0x0000000092400000| PB 0x0000000092400000| Untracked 
| 293|0x0000000092500000, 0x0000000092500000, 0x0000000092600000|  0%| F|  |TAMS 0x0000000092500000| PB 0x0000000092500000| Untracked 
| 294|0x0000000092600000, 0x0000000092600000, 0x0000000092700000|  0%| F|  |TAMS 0x0000000092600000| PB 0x0000000092600000| Untracked 
| 295|0x0000000092700000, 0x0000000092700000, 0x0000000092800000|  0%| F|  |TAMS 0x0000000092700000| PB 0x0000000092700000| Untracked 
| 296|0x0000000092800000, 0x0000000092800000, 0x0000000092900000|  0%| F|  |TAMS 0x0000000092800000| PB 0x0000000092800000| Untracked 
| 297|0x0000000092900000, 0x0000000092900000, 0x0000000092a00000|  0%| F|  |TAMS 0x0000000092900000| PB 0x0000000092900000| Untracked 
| 298|0x0000000092a00000, 0x0000000092a00000, 0x0000000092b00000|  0%| F|  |TAMS 0x0000000092a00000| PB 0x0000000092a00000| Untracked 
| 299|0x0000000092b00000, 0x0000000092b00000, 0x0000000092c00000|  0%| F|  |TAMS 0x0000000092b00000| PB 0x0000000092b00000| Untracked 
| 300|0x0000000092c00000, 0x0000000092c00000, 0x0000000092d00000|  0%| F|  |TAMS 0x0000000092c00000| PB 0x0000000092c00000| Untracked 
| 301|0x0000000092d00000, 0x0000000092d00000, 0x0000000092e00000|  0%| F|  |TAMS 0x0000000092d00000| PB 0x0000000092d00000| Untracked 
| 302|0x0000000092e00000, 0x0000000092e00000, 0x0000000092f00000|  0%| F|  |TAMS 0x0000000092e00000| PB 0x0000000092e00000| Untracked 
| 303|0x0000000092f00000, 0x0000000092f00000, 0x0000000093000000|  0%| F|  |TAMS 0x0000000092f00000| PB 0x0000000092f00000| Untracked 
| 304|0x0000000093000000, 0x0000000093000000, 0x0000000093100000|  0%| F|  |TAMS 0x0000000093000000| PB 0x0000000093000000| Untracked 
| 305|0x0000000093100000, 0x0000000093100000, 0x0000000093200000|  0%| F|  |TAMS 0x0000000093100000| PB 0x0000000093100000| Untracked 
| 306|0x0000000093200000, 0x0000000093200000, 0x0000000093300000|  0%| F|  |TAMS 0x0000000093200000| PB 0x0000000093200000| Untracked 
| 307|0x0000000093300000, 0x0000000093300000, 0x0000000093400000|  0%| F|  |TAMS 0x0000000093300000| PB 0x0000000093300000| Untracked 
| 308|0x0000000093400000, 0x0000000093400000, 0x0000000093500000|  0%| F|  |TAMS 0x0000000093400000| PB 0x0000000093400000| Untracked 
| 309|0x0000000093500000, 0x0000000093500000, 0x0000000093600000|  0%| F|  |TAMS 0x0000000093500000| PB 0x0000000093500000| Untracked 
| 310|0x0000000093600000, 0x0000000093600000, 0x0000000093700000|  0%| F|  |TAMS 0x0000000093600000| PB 0x0000000093600000| Untracked 
| 311|0x0000000093700000, 0x0000000093700000, 0x0000000093800000|  0%| F|  |TAMS 0x0000000093700000| PB 0x0000000093700000| Untracked 
| 312|0x0000000093800000, 0x0000000093800000, 0x0000000093900000|  0%| F|  |TAMS 0x0000000093800000| PB 0x0000000093800000| Untracked 
| 313|0x0000000093900000, 0x0000000093900000, 0x0000000093a00000|  0%| F|  |TAMS 0x0000000093900000| PB 0x0000000093900000| Untracked 
| 314|0x0000000093a00000, 0x0000000093a00000, 0x0000000093b00000|  0%| F|  |TAMS 0x0000000093a00000| PB 0x0000000093a00000| Untracked 
| 315|0x0000000093b00000, 0x0000000093b00000, 0x0000000093c00000|  0%| F|  |TAMS 0x0000000093b00000| PB 0x0000000093b00000| Untracked 
| 316|0x0000000093c00000, 0x0000000093c00000, 0x0000000093d00000|  0%| F|  |TAMS 0x0000000093c00000| PB 0x0000000093c00000| Untracked 
| 317|0x0000000093d00000, 0x0000000093d00000, 0x0000000093e00000|  0%| F|  |TAMS 0x0000000093d00000| PB 0x0000000093d00000| Untracked 
| 318|0x0000000093e00000, 0x0000000093e00000, 0x0000000093f00000|  0%| F|  |TAMS 0x0000000093e00000| PB 0x0000000093e00000| Untracked 
| 319|0x0000000093f00000, 0x0000000093f00000, 0x0000000094000000|  0%| F|  |TAMS 0x0000000093f00000| PB 0x0000000093f00000| Untracked 
| 320|0x0000000094000000, 0x0000000094000000, 0x0000000094100000|  0%| F|  |TAMS 0x0000000094000000| PB 0x0000000094000000| Untracked 
| 321|0x0000000094100000, 0x0000000094100000, 0x0000000094200000|  0%| F|  |TAMS 0x0000000094100000| PB 0x0000000094100000| Untracked 
| 322|0x0000000094200000, 0x0000000094200000, 0x0000000094300000|  0%| F|  |TAMS 0x0000000094200000| PB 0x0000000094200000| Untracked 
| 323|0x0000000094300000, 0x0000000094300000, 0x0000000094400000|  0%| F|  |TAMS 0x0000000094300000| PB 0x0000000094300000| Untracked 
| 324|0x0000000094400000, 0x0000000094400000, 0x0000000094500000|  0%| F|  |TAMS 0x0000000094400000| PB 0x0000000094400000| Untracked 
| 325|0x0000000094500000, 0x0000000094500000, 0x0000000094600000|  0%| F|  |TAMS 0x0000000094500000| PB 0x0000000094500000| Untracked 
| 326|0x0000000094600000, 0x0000000094600000, 0x0000000094700000|  0%| F|  |TAMS 0x0000000094600000| PB 0x0000000094600000| Untracked 
| 327|0x0000000094700000, 0x0000000094700000, 0x0000000094800000|  0%| F|  |TAMS 0x0000000094700000| PB 0x0000000094700000| Untracked 
| 328|0x0000000094800000, 0x0000000094800000, 0x0000000094900000|  0%| F|  |TAMS 0x0000000094800000| PB 0x0000000094800000| Untracked 
| 329|0x0000000094900000, 0x0000000094900000, 0x0000000094a00000|  0%| F|  |TAMS 0x0000000094900000| PB 0x0000000094900000| Untracked 
| 330|0x0000000094a00000, 0x0000000094a00000, 0x0000000094b00000|  0%| F|  |TAMS 0x0000000094a00000| PB 0x0000000094a00000| Untracked 
| 331|0x0000000094b00000, 0x0000000094b00000, 0x0000000094c00000|  0%| F|  |TAMS 0x0000000094b00000| PB 0x0000000094b00000| Untracked 
| 332|0x0000000094c00000, 0x0000000094c00000, 0x0000000094d00000|  0%| F|  |TAMS 0x0000000094c00000| PB 0x0000000094c00000| Untracked 
| 333|0x0000000094d00000, 0x0000000094d00000, 0x0000000094e00000|  0%| F|  |TAMS 0x0000000094d00000| PB 0x0000000094d00000| Untracked 
| 334|0x0000000094e00000, 0x0000000094e00000, 0x0000000094f00000|  0%| F|  |TAMS 0x0000000094e00000| PB 0x0000000094e00000| Untracked 
| 335|0x0000000094f00000, 0x0000000094f00000, 0x0000000095000000|  0%| F|  |TAMS 0x0000000094f00000| PB 0x0000000094f00000| Untracked 
| 336|0x0000000095000000, 0x0000000095000000, 0x0000000095100000|  0%| F|  |TAMS 0x0000000095000000| PB 0x0000000095000000| Untracked 
| 337|0x0000000095100000, 0x0000000095100000, 0x0000000095200000|  0%| F|  |TAMS 0x0000000095100000| PB 0x0000000095100000| Untracked 
| 338|0x0000000095200000, 0x0000000095200000, 0x0000000095300000|  0%| F|  |TAMS 0x0000000095200000| PB 0x0000000095200000| Untracked 
| 339|0x0000000095300000, 0x0000000095300000, 0x0000000095400000|  0%| F|  |TAMS 0x0000000095300000| PB 0x0000000095300000| Untracked 
| 340|0x0000000095400000, 0x0000000095400000, 0x0000000095500000|  0%| F|  |TAMS 0x0000000095400000| PB 0x0000000095400000| Untracked 
| 341|0x0000000095500000, 0x0000000095500000, 0x0000000095600000|  0%| F|  |TAMS 0x0000000095500000| PB 0x0000000095500000| Untracked 
| 342|0x0000000095600000, 0x0000000095600000, 0x0000000095700000|  0%| F|  |TAMS 0x0000000095600000| PB 0x0000000095600000| Untracked 
| 343|0x0000000095700000, 0x0000000095700000, 0x0000000095800000|  0%| F|  |TAMS 0x0000000095700000| PB 0x0000000095700000| Untracked 
| 344|0x0000000095800000, 0x0000000095800000, 0x0000000095900000|  0%| F|  |TAMS 0x0000000095800000| PB 0x0000000095800000| Untracked 
| 345|0x0000000095900000, 0x0000000095900000, 0x0000000095a00000|  0%| F|  |TAMS 0x0000000095900000| PB 0x0000000095900000| Untracked 
| 346|0x0000000095a00000, 0x0000000095a00000, 0x0000000095b00000|  0%| F|  |TAMS 0x0000000095a00000| PB 0x0000000095a00000| Untracked 
| 347|0x0000000095b00000, 0x0000000095b00000, 0x0000000095c00000|  0%| F|  |TAMS 0x0000000095b00000| PB 0x0000000095b00000| Untracked 
| 348|0x0000000095c00000, 0x0000000095c00000, 0x0000000095d00000|  0%| F|  |TAMS 0x0000000095c00000| PB 0x0000000095c00000| Untracked 
| 349|0x0000000095d00000, 0x0000000095d00000, 0x0000000095e00000|  0%| F|  |TAMS 0x0000000095d00000| PB 0x0000000095d00000| Untracked 
| 350|0x0000000095e00000, 0x0000000095e00000, 0x0000000095f00000|  0%| F|  |TAMS 0x0000000095e00000| PB 0x0000000095e00000| Untracked 
| 351|0x0000000095f00000, 0x0000000095f00000, 0x0000000096000000|  0%| F|  |TAMS 0x0000000095f00000| PB 0x0000000095f00000| Untracked 
| 352|0x0000000096000000, 0x0000000096000000, 0x0000000096100000|  0%| F|  |TAMS 0x0000000096000000| PB 0x0000000096000000| Untracked 
| 353|0x0000000096100000, 0x0000000096100000, 0x0000000096200000|  0%| F|  |TAMS 0x0000000096100000| PB 0x0000000096100000| Untracked 
| 354|0x0000000096200000, 0x0000000096200000, 0x0000000096300000|  0%| F|  |TAMS 0x0000000096200000| PB 0x0000000096200000| Untracked 
| 355|0x0000000096300000, 0x0000000096300000, 0x0000000096400000|  0%| F|  |TAMS 0x0000000096300000| PB 0x0000000096300000| Untracked 
| 356|0x0000000096400000, 0x0000000096400000, 0x0000000096500000|  0%| F|  |TAMS 0x0000000096400000| PB 0x0000000096400000| Untracked 
| 357|0x0000000096500000, 0x0000000096500000, 0x0000000096600000|  0%| F|  |TAMS 0x0000000096500000| PB 0x0000000096500000| Untracked 
| 358|0x0000000096600000, 0x0000000096600000, 0x0000000096700000|  0%| F|  |TAMS 0x0000000096600000| PB 0x0000000096600000| Untracked 
| 359|0x0000000096700000, 0x0000000096700000, 0x0000000096800000|  0%| F|  |TAMS 0x0000000096700000| PB 0x0000000096700000| Untracked 
| 360|0x0000000096800000, 0x0000000096800000, 0x0000000096900000|  0%| F|  |TAMS 0x0000000096800000| PB 0x0000000096800000| Untracked 
| 361|0x0000000096900000, 0x0000000096900000, 0x0000000096a00000|  0%| F|  |TAMS 0x0000000096900000| PB 0x0000000096900000| Untracked 
| 362|0x0000000096a00000, 0x0000000096a00000, 0x0000000096b00000|  0%| F|  |TAMS 0x0000000096a00000| PB 0x0000000096a00000| Untracked 
| 363|0x0000000096b00000, 0x0000000096b00000, 0x0000000096c00000|  0%| F|  |TAMS 0x0000000096b00000| PB 0x0000000096b00000| Untracked 
| 364|0x0000000096c00000, 0x0000000096c00000, 0x0000000096d00000|  0%| F|  |TAMS 0x0000000096c00000| PB 0x0000000096c00000| Untracked 
| 365|0x0000000096d00000, 0x0000000096d00000, 0x0000000096e00000|  0%| F|  |TAMS 0x0000000096d00000| PB 0x0000000096d00000| Untracked 
| 366|0x0000000096e00000, 0x0000000096e00000, 0x0000000096f00000|  0%| F|  |TAMS 0x0000000096e00000| PB 0x0000000096e00000| Untracked 
| 367|0x0000000096f00000, 0x0000000096f00000, 0x0000000097000000|  0%| F|  |TAMS 0x0000000096f00000| PB 0x0000000096f00000| Untracked 
| 368|0x0000000097000000, 0x0000000097000000, 0x0000000097100000|  0%| F|  |TAMS 0x0000000097000000| PB 0x0000000097000000| Untracked 
| 369|0x0000000097100000, 0x0000000097100000, 0x0000000097200000|  0%| F|  |TAMS 0x0000000097100000| PB 0x0000000097100000| Untracked 
| 370|0x0000000097200000, 0x0000000097200000, 0x0000000097300000|  0%| F|  |TAMS 0x0000000097200000| PB 0x0000000097200000| Untracked 
| 371|0x0000000097300000, 0x0000000097300000, 0x0000000097400000|  0%| F|  |TAMS 0x0000000097300000| PB 0x0000000097300000| Untracked 
| 372|0x0000000097400000, 0x0000000097400000, 0x0000000097500000|  0%| F|  |TAMS 0x0000000097400000| PB 0x0000000097400000| Untracked 
| 373|0x0000000097500000, 0x0000000097500000, 0x0000000097600000|  0%| F|  |TAMS 0x0000000097500000| PB 0x0000000097500000| Untracked 
| 374|0x0000000097600000, 0x0000000097600000, 0x0000000097700000|  0%| F|  |TAMS 0x0000000097600000| PB 0x0000000097600000| Untracked 
| 375|0x0000000097700000, 0x0000000097700000, 0x0000000097800000|  0%| F|  |TAMS 0x0000000097700000| PB 0x0000000097700000| Untracked 
| 376|0x0000000097800000, 0x0000000097800000, 0x0000000097900000|  0%| F|  |TAMS 0x0000000097800000| PB 0x0000000097800000| Untracked 
| 377|0x0000000097900000, 0x0000000097900000, 0x0000000097a00000|  0%| F|  |TAMS 0x0000000097900000| PB 0x0000000097900000| Untracked 
| 378|0x0000000097a00000, 0x0000000097a00000, 0x0000000097b00000|  0%| F|  |TAMS 0x0000000097a00000| PB 0x0000000097a00000| Untracked 
| 379|0x0000000097b00000, 0x0000000097b00000, 0x0000000097c00000|  0%| F|  |TAMS 0x0000000097b00000| PB 0x0000000097b00000| Untracked 
| 380|0x0000000097c00000, 0x0000000097c00000, 0x0000000097d00000|  0%| F|  |TAMS 0x0000000097c00000| PB 0x0000000097c00000| Untracked 
| 381|0x0000000097d00000, 0x0000000097d00000, 0x0000000097e00000|  0%| F|  |TAMS 0x0000000097d00000| PB 0x0000000097d00000| Untracked 
| 382|0x0000000097e00000, 0x0000000097e00000, 0x0000000097f00000|  0%| F|  |TAMS 0x0000000097e00000| PB 0x0000000097e00000| Untracked 
| 383|0x0000000097f00000, 0x0000000097f00000, 0x0000000098000000|  0%| F|  |TAMS 0x0000000097f00000| PB 0x0000000097f00000| Untracked 
| 384|0x0000000098000000, 0x0000000098000000, 0x0000000098100000|  0%| F|  |TAMS 0x0000000098000000| PB 0x0000000098000000| Untracked 
| 385|0x0000000098100000, 0x0000000098100000, 0x0000000098200000|  0%| F|  |TAMS 0x0000000098100000| PB 0x0000000098100000| Untracked 
| 386|0x0000000098200000, 0x0000000098200000, 0x0000000098300000|  0%| F|  |TAMS 0x0000000098200000| PB 0x0000000098200000| Untracked 
| 387|0x0000000098300000, 0x0000000098300000, 0x0000000098400000|  0%| F|  |TAMS 0x0000000098300000| PB 0x0000000098300000| Untracked 
| 388|0x0000000098400000, 0x0000000098400000, 0x0000000098500000|  0%| F|  |TAMS 0x0000000098400000| PB 0x0000000098400000| Untracked 
| 389|0x0000000098500000, 0x0000000098500000, 0x0000000098600000|  0%| F|  |TAMS 0x0000000098500000| PB 0x0000000098500000| Untracked 
| 390|0x0000000098600000, 0x0000000098600000, 0x0000000098700000|  0%| F|  |TAMS 0x0000000098600000| PB 0x0000000098600000| Untracked 
| 391|0x0000000098700000, 0x0000000098700000, 0x0000000098800000|  0%| F|  |TAMS 0x0000000098700000| PB 0x0000000098700000| Untracked 
| 392|0x0000000098800000, 0x0000000098800000, 0x0000000098900000|  0%| F|  |TAMS 0x0000000098800000| PB 0x0000000098800000| Untracked 
| 393|0x0000000098900000, 0x0000000098900000, 0x0000000098a00000|  0%| F|  |TAMS 0x0000000098900000| PB 0x0000000098900000| Untracked 
| 394|0x0000000098a00000, 0x0000000098a00000, 0x0000000098b00000|  0%| F|  |TAMS 0x0000000098a00000| PB 0x0000000098a00000| Untracked 
| 395|0x0000000098b00000, 0x0000000098b00000, 0x0000000098c00000|  0%| F|  |TAMS 0x0000000098b00000| PB 0x0000000098b00000| Untracked 
| 396|0x0000000098c00000, 0x0000000098c00000, 0x0000000098d00000|  0%| F|  |TAMS 0x0000000098c00000| PB 0x0000000098c00000| Untracked 
| 397|0x0000000098d00000, 0x0000000098d00000, 0x0000000098e00000|  0%| F|  |TAMS 0x0000000098d00000| PB 0x0000000098d00000| Untracked 
| 398|0x0000000098e00000, 0x0000000098e00000, 0x0000000098f00000|  0%| F|  |TAMS 0x0000000098e00000| PB 0x0000000098e00000| Untracked 
| 399|0x0000000098f00000, 0x0000000098f00000, 0x0000000099000000|  0%| F|  |TAMS 0x0000000098f00000| PB 0x0000000098f00000| Untracked 
| 400|0x0000000099000000, 0x0000000099000000, 0x0000000099100000|  0%| F|  |TAMS 0x0000000099000000| PB 0x0000000099000000| Untracked 
| 401|0x0000000099100000, 0x0000000099100000, 0x0000000099200000|  0%| F|  |TAMS 0x0000000099100000| PB 0x0000000099100000| Untracked 
| 402|0x0000000099200000, 0x0000000099200000, 0x0000000099300000|  0%| F|  |TAMS 0x0000000099200000| PB 0x0000000099200000| Untracked 
| 403|0x0000000099300000, 0x0000000099300000, 0x0000000099400000|  0%| F|  |TAMS 0x0000000099300000| PB 0x0000000099300000| Untracked 
| 404|0x0000000099400000, 0x0000000099400000, 0x0000000099500000|  0%| F|  |TAMS 0x0000000099400000| PB 0x0000000099400000| Untracked 
| 405|0x0000000099500000, 0x0000000099500000, 0x0000000099600000|  0%| F|  |TAMS 0x0000000099500000| PB 0x0000000099500000| Untracked 
|2036|0x00000000ff400000, 0x00000000ff400000, 0x00000000ff500000|  0%| F|  |TAMS 0x00000000ff400000| PB 0x00000000ff400000| Untracked 
|2037|0x00000000ff500000, 0x00000000ff500000, 0x00000000ff600000|  0%| F|  |TAMS 0x00000000ff500000| PB 0x00000000ff500000| Untracked 
|2038|0x00000000ff600000, 0x00000000ff700000, 0x00000000ff700000|100%| O|  |TAMS 0x00000000ff700000| PB 0x00000000ff600000| Untracked 
|2039|0x00000000ff700000, 0x00000000ff800000, 0x00000000ff800000|100%| O|  |TAMS 0x00000000ff800000| PB 0x00000000ff700000| Untracked 
|2040|0x00000000ff800000, 0x00000000ff800000, 0x00000000ff900000|  0%| F|  |TAMS 0x00000000ff800000| PB 0x00000000ff800000| Untracked 
|2041|0x00000000ff900000, 0x00000000ff900000, 0x00000000ffa00000|  0%| F|  |TAMS 0x00000000ff900000| PB 0x00000000ff900000| Untracked 
|2042|0x00000000ffa00000, 0x00000000ffa00000, 0x00000000ffb00000|  0%| F|  |TAMS 0x00000000ffa00000| PB 0x00000000ffa00000| Untracked 
|2043|0x00000000ffb00000, 0x00000000ffc00000, 0x00000000ffc00000|100%| O|  |TAMS 0x00000000ffc00000| PB 0x00000000ffb00000| Untracked 
|2044|0x00000000ffc00000, 0x00000000ffc00000, 0x00000000ffd00000|  0%| F|  |TAMS 0x00000000ffc00000| PB 0x00000000ffc00000| Untracked 
|2045|0x00000000ffd00000, 0x00000000ffe00000, 0x00000000ffe00000|100%| O|  |TAMS 0x00000000ffe00000| PB 0x00000000ffd00000| Untracked 
|2046|0x00000000ffe00000, 0x00000000ffe00000, 0x00000000fff00000|  0%| F|  |TAMS 0x00000000ffe00000| PB 0x00000000ffe00000| Untracked 
|2047|0x00000000fff00000, 0x0000000100000000, 0x0000000100000000|100%| O|  |TAMS 0x0000000100000000| PB 0x00000000fff00000| Untracked 

Card table byte_map: [0x000001f1d2c90000,0x000001f1d3090000] _byte_map_base: 0x000001f1d2890000

Marking Bits: (CMBitMap*) 0x000001f1c0454270
 Bits: [0x000001f1d3090000, 0x000001f1d5090000)

Polling page: 0x000001f1be120000

Metaspace:

Usage:
  Non-class:     96.23 MB used.
      Class:     16.00 MB used.
       Both:    112.23 MB used.

Virtual space:
  Non-class space:      128.00 MB reserved,      97.44 MB ( 76%) committed,  2 nodes.
      Class space:        1.00 GB reserved,      17.12 MB (  2%) committed,  1 nodes.
             Both:        1.12 GB reserved,     114.56 MB ( 10%) committed. 

Chunk freelists:
   Non-Class:  14.08 MB
       Class:  14.89 MB
        Both:  28.96 MB

MaxMetaspaceSize: unlimited
CompressedClassSpaceSize: 1.00 GB
Initial GC threshold: 21.00 MB
Current GC threshold: 190.62 MB
CDS: off
 - commit_granule_bytes: 65536.
 - commit_granule_words: 8192.
 - virtual_space_node_default_size: 8388608.
 - enlarge_chunks_in_place: 1.
 - use_allocation_guard: 0.


Internal statistics:

num_allocs_failed_limit: 15.
num_arena_births: 4676.
num_arena_deaths: 0.
num_vsnodes_births: 3.
num_vsnodes_deaths: 0.
num_space_committed: 1833.
num_space_uncommitted: 0.
num_chunks_returned_to_freelist: 15.
num_chunks_taken_from_freelist: 9710.
num_chunk_merges: 15.
num_chunk_splits: 6327.
num_chunks_enlarged: 3939.
num_inconsistent_stats: 0.

CodeHeap 'non-profiled nmethods': size=120000Kb used=8608Kb max_used=8608Kb free=111391Kb
 bounds [0x000001f1cb030000, 0x000001f1cb8a0000, 0x000001f1d2560000]
CodeHeap 'profiled nmethods': size=120000Kb used=20834Kb max_used=22859Kb free=99165Kb
 bounds [0x000001f1c3560000, 0x000001f1c4bc0000, 0x000001f1caa90000]
CodeHeap 'non-nmethods': size=5760Kb used=2011Kb max_used=2094Kb free=3748Kb
 bounds [0x000001f1caa90000, 0x000001f1cad00000, 0x000001f1cb030000]
CodeCache: size=245760Kb, used=31453Kb, max_used=33561Kb, free=214304Kb
 total_blobs=12660, nmethods=11769, adapters=795, full_count=0
Compilation: enabled, stopped_count=0, restarted_count=0

Compilation events (20 events):
Event: 40.960 Thread 0x000001f1dc0c1f90 nmethod 14542 0x000001f1cb897210 code [0x000001f1cb8973a0, 0x000001f1cb897468]
Event: 40.960 Thread 0x000001f1dc0c1f90 14546       1       org.gradle.internal.execution.steps.WorkspaceContext::shouldCaptureBeforeExecutionState (5 bytes)
Event: 40.960 Thread 0x000001f1dc0c1f90 nmethod 14546 0x000001f1cb897510 code [0x000001f1cb8976a0, 0x000001f1cb897770]
Event: 40.962 Thread 0x000001f1dc0c1f90 14547       3       org.gradle.internal.classloader.ClassLoaderVisitor::<init> (21 bytes)
Event: 40.962 Thread 0x000001f1dc0c1f90 nmethod 14547 0x000001f1c3a89e90 code [0x000001f1c3a8a080, 0x000001f1c3a8a4d0]
Event: 40.962 Thread 0x000001f1dc0c1f90 14549       3       org.gradle.api.internal.provider.AbstractMinimalProvider::isPresent (8 bytes)
Event: 40.962 Thread 0x000001f1dc0c1f90 nmethod 14549 0x000001f1c41ff690 code [0x000001f1c41ff840, 0x000001f1c41ffa10]
Event: 40.962 Thread 0x000001f1dc0c1f90 14548       3       org.gradle.internal.classloader.ClassLoaderVisitor::<init> (10 bytes)
Event: 40.963 Thread 0x000001f1dc0c1f90 nmethod 14548 0x000001f1c429d710 code [0x000001f1c429d8c0, 0x000001f1c429da78]
Event: 40.971 Thread 0x000001f1dc0c1f90 14551       3       org.gradle.api.internal.tasks.properties.DefaultInputFilePropertySpec::getValue (10 bytes)
Event: 40.971 Thread 0x000001f1dc0c1f90 nmethod 14551 0x000001f1c4200890 code [0x000001f1c4200a40, 0x000001f1c4200c10]
Event: 40.971 Thread 0x000001f1dc0c1f90 14552       3       org.gradle.api.internal.tasks.execution.TaskExecution$$Lambda/0x00000001010d3a40::<init> (10 bytes)
Event: 40.972 Thread 0x000001f1dc0c1f90 nmethod 14552 0x000001f1c4287790 code [0x000001f1c4287940, 0x000001f1c4287af8]
Event: 40.972 Thread 0x000001f1df54e290 14550       4       org.gradle.internal.Try::successful (9 bytes)
Event: 40.973 Thread 0x000001f1df54e290 nmethod 14550 0x000001f1cb897810 code [0x000001f1cb8979a0, 0x000001f1cb897a70]
Event: 40.973 Thread 0x000001f1df54e290 14543       4       java.util.stream.ReferencePipeline$2::opWrapSink (10 bytes)
Event: 40.977 Thread 0x000001f1df54e290 nmethod 14543 0x000001f1cb897b90 code [0x000001f1cb897d20, 0x000001f1cb897f50]
Event: 40.977 Thread 0x000001f1df54e290 14553       4       org.gradle.api.internal.attributes.matching.CachingAttributeSelectionSchema$MatchValueKey::equals (77 bytes)
Event: 40.979 Thread 0x000001f1dc0c1f90 14554       3       org.gradle.api.internal.tasks.properties.InputParameterUtils::prepareInputParameterValue (10 bytes)
Event: 40.979 Thread 0x000001f1dc0c1f90 nmethod 14554 0x000001f1c421c990 code [0x000001f1c421cb60, 0x000001f1c421cf10]

GC Heap History (20 events):
Event: 36.287 GC heap after
{Heap after GC invocations=54 (full 0):
 garbage-first heap   total 305152K, used 130553K [0x0000000080000000, 0x0000000100000000)
  region size 1024K, 10 young (10240K), 10 survivors (10240K)
 Metaspace       used 114838K, committed 117184K, reserved 1179648K
  class space    used 16378K, committed 17536K, reserved 1048576K
}
Event: 36.832 GC heap before
{Heap before GC invocations=54 (full 0):
 garbage-first heap   total 305152K, used 287225K [0x0000000080000000, 0x0000000100000000)
  region size 1024K, 164 young (167936K), 10 survivors (10240K)
 Metaspace       used 114844K, committed 117184K, reserved 1179648K
  class space    used 16378K, committed 17536K, reserved 1048576K
}
Event: 36.851 GC heap after
{Heap after GC invocations=55 (full 0):
 garbage-first heap   total 305152K, used 132461K [0x0000000080000000, 0x0000000100000000)
  region size 1024K, 12 young (12288K), 12 survivors (12288K)
 Metaspace       used 114844K, committed 117184K, reserved 1179648K
  class space    used 16378K, committed 17536K, reserved 1048576K
}
Event: 37.192 GC heap before
{Heap before GC invocations=55 (full 0):
 garbage-first heap   total 305152K, used 288109K [0x0000000080000000, 0x0000000100000000)
  region size 1024K, 164 young (167936K), 12 survivors (12288K)
 Metaspace       used 114844K, committed 117184K, reserved 1179648K
  class space    used 16378K, committed 17536K, reserved 1048576K
}
Event: 37.209 GC heap after
{Heap after GC invocations=56 (full 0):
 garbage-first heap   total 305152K, used 132788K [0x0000000080000000, 0x0000000100000000)
  region size 1024K, 12 young (12288K), 12 survivors (12288K)
 Metaspace       used 114844K, committed 117184K, reserved 1179648K
  class space    used 16378K, committed 17536K, reserved 1048576K
}
Event: 37.525 GC heap before
{Heap before GC invocations=57 (full 0):
 garbage-first heap   total 305152K, used 288436K [0x0000000080000000, 0x0000000100000000)
  region size 1024K, 164 young (167936K), 12 survivors (12288K)
 Metaspace       used 114844K, committed 117184K, reserved 1179648K
  class space    used 16378K, committed 17536K, reserved 1048576K
}
Event: 37.541 GC heap after
{Heap after GC invocations=58 (full 0):
 garbage-first heap   total 305152K, used 132720K [0x0000000080000000, 0x0000000100000000)
  region size 1024K, 11 young (11264K), 11 survivors (11264K)
 Metaspace       used 114844K, committed 117184K, reserved 1179648K
  class space    used 16378K, committed 17536K, reserved 1048576K
}
Event: 37.853 GC heap before
{Heap before GC invocations=58 (full 0):
 garbage-first heap   total 305152K, used 288368K [0x0000000080000000, 0x0000000100000000)
  region size 1024K, 163 young (166912K), 11 survivors (11264K)
 Metaspace       used 114867K, committed 117184K, reserved 1179648K
  class space    used 16381K, committed 17536K, reserved 1048576K
}
Event: 37.875 GC heap after
{Heap after GC invocations=59 (full 0):
 garbage-first heap   total 428032K, used 133683K [0x0000000080000000, 0x0000000100000000)
  region size 1024K, 13 young (13312K), 13 survivors (13312K)
 Metaspace       used 114867K, committed 117184K, reserved 1179648K
  class space    used 16381K, committed 17536K, reserved 1048576K
}
Event: 38.549 GC heap before
{Heap before GC invocations=59 (full 0):
 garbage-first heap   total 428032K, used 375347K [0x0000000080000000, 0x0000000100000000)
  region size 1024K, 250 young (256000K), 13 survivors (13312K)
 Metaspace       used 114868K, committed 117184K, reserved 1179648K
  class space    used 16381K, committed 17536K, reserved 1048576K
}
Event: 38.566 GC heap after
{Heap after GC invocations=60 (full 0):
 garbage-first heap   total 428032K, used 134195K [0x0000000080000000, 0x0000000100000000)
  region size 1024K, 13 young (13312K), 13 survivors (13312K)
 Metaspace       used 114868K, committed 117184K, reserved 1179648K
  class space    used 16381K, committed 17536K, reserved 1048576K
}
Event: 39.072 GC heap before
{Heap before GC invocations=60 (full 0):
 garbage-first heap   total 428032K, used 375859K [0x0000000080000000, 0x0000000100000000)
  region size 1024K, 250 young (256000K), 13 survivors (13312K)
 Metaspace       used 114868K, committed 117184K, reserved 1179648K
  class space    used 16381K, committed 17536K, reserved 1048576K
}
Event: 39.090 GC heap after
{Heap after GC invocations=61 (full 0):
 garbage-first heap   total 428032K, used 134788K [0x0000000080000000, 0x0000000100000000)
  region size 1024K, 14 young (14336K), 14 survivors (14336K)
 Metaspace       used 114868K, committed 117184K, reserved 1179648K
  class space    used 16381K, committed 17536K, reserved 1048576K
}
Event: 39.499 GC heap before
{Heap before GC invocations=61 (full 0):
 garbage-first heap   total 428032K, used 375428K [0x0000000080000000, 0x0000000100000000)
  region size 1024K, 250 young (256000K), 14 survivors (14336K)
 Metaspace       used 114881K, committed 117248K, reserved 1179648K
  class space    used 16383K, committed 17536K, reserved 1048576K
}
Event: 39.517 GC heap after
{Heap after GC invocations=62 (full 0):
 garbage-first heap   total 428032K, used 135846K [0x0000000080000000, 0x0000000100000000)
  region size 1024K, 15 young (15360K), 15 survivors (15360K)
 Metaspace       used 114881K, committed 117248K, reserved 1179648K
  class space    used 16383K, committed 17536K, reserved 1048576K
}
Event: 40.048 GC heap before
{Heap before GC invocations=63 (full 0):
 garbage-first heap   total 428032K, used 375462K [0x0000000080000000, 0x0000000100000000)
  region size 1024K, 250 young (256000K), 15 survivors (15360K)
 Metaspace       used 114883K, committed 117248K, reserved 1179648K
  class space    used 16383K, committed 17536K, reserved 1048576K
}
Event: 40.068 GC heap after
{Heap after GC invocations=64 (full 0):
 garbage-first heap   total 428032K, used 136667K [0x0000000080000000, 0x0000000100000000)
  region size 1024K, 14 young (14336K), 14 survivors (14336K)
 Metaspace       used 114883K, committed 117248K, reserved 1179648K
  class space    used 16383K, committed 17536K, reserved 1048576K
}
Event: 40.586 GC heap before
{Heap before GC invocations=64 (full 0):
 garbage-first heap   total 428032K, used 378331K [0x0000000080000000, 0x0000000100000000)
  region size 1024K, 250 young (256000K), 14 survivors (14336K)
 Metaspace       used 114914K, committed 117312K, reserved 1179648K
  class space    used 16384K, committed 17536K, reserved 1048576K
}
Event: 40.608 GC heap after
{Heap after GC invocations=65 (full 0):
 garbage-first heap   total 428032K, used 137315K [0x0000000080000000, 0x0000000100000000)
  region size 1024K, 15 young (15360K), 15 survivors (15360K)
 Metaspace       used 114914K, committed 117312K, reserved 1179648K
  class space    used 16384K, committed 17536K, reserved 1048576K
}
Event: 40.980 GC heap before
{Heap before GC invocations=65 (full 0):
 garbage-first heap   total 428032K, used 376931K [0x0000000080000000, 0x0000000100000000)
  region size 1024K, 250 young (256000K), 15 survivors (15360K)
 Metaspace       used 114921K, committed 117312K, reserved 1179648K
  class space    used 16384K, committed 17536K, reserved 1048576K
}

Dll operation events (3 events):
Event: 0.015 Loaded shared library C:\Program Files\Android\Android Studio\jbr\bin\java.dll
Event: 0.023 Loaded shared library C:\Program Files\Android\Android Studio\jbr\bin\zip.dll
Event: 1.207 Loaded shared library C:\Program Files\Android\Android Studio\jbr\bin\verify.dll

Deoptimization events (20 events):
Event: 40.454 Thread 0x000001f1e36b9580 Uncommon trap: trap_request=0xffffff45 fr.pc=0x000001f1cb807f50 relative=0x00000000000006f0
Event: 40.454 Thread 0x000001f1e36b9580 Uncommon trap: reason=unstable_if action=reinterpret pc=0x000001f1cb807f50 method=java.io.WinNTFileSystem.isLetter(C)Z @ 21 c2
Event: 40.454 Thread 0x000001f1e36b9580 DEOPT PACKING pc=0x000001f1cb807f50 sp=0x0000001c794fb410
Event: 40.454 Thread 0x000001f1e36b9580 DEOPT UNPACKING pc=0x000001f1caae43a2 sp=0x0000001c794fb288 mode 2
Event: 40.454 Thread 0x000001f1e36b9580 Uncommon trap: trap_request=0xffffff45 fr.pc=0x000001f1cb37dcd4 relative=0x00000000000002f4
Event: 40.454 Thread 0x000001f1e36b9580 Uncommon trap: reason=unstable_if action=reinterpret pc=0x000001f1cb37dcd4 method=java.io.WinNTFileSystem.isLetter(C)Z @ 21 c2
Event: 40.454 Thread 0x000001f1e36b9580 DEOPT PACKING pc=0x000001f1cb37dcd4 sp=0x0000001c794fb390
Event: 40.454 Thread 0x000001f1e36b9580 DEOPT UNPACKING pc=0x000001f1caae43a2 sp=0x0000001c794fb2b0 mode 2
Event: 40.537 Thread 0x000001f1e36b9580 Uncommon trap: trap_request=0xffffffc6 fr.pc=0x000001f1cb8098c4 relative=0x00000000000000a4
Event: 40.537 Thread 0x000001f1e36b9580 Uncommon trap: reason=bimorphic_or_optimized_type_check action=maybe_recompile pc=0x000001f1cb8098c4 method=org.gradle.internal.snapshot.LargeChildMap.withNode(Lorg/gradle/internal/snapshot/VfsRelativePath;Lorg/gradle/internal/snapshot/CaseSensitivity;Lor
Event: 40.537 Thread 0x000001f1e36b9580 DEOPT PACKING pc=0x000001f1cb8098c4 sp=0x0000001c794fc780
Event: 40.537 Thread 0x000001f1e36b9580 DEOPT UNPACKING pc=0x000001f1caae43a2 sp=0x0000001c794fc770 mode 2
Event: 40.954 Thread 0x000001f1e36b9580 Uncommon trap: trap_request=0xffffffc6 fr.pc=0x000001f1cb8098c4 relative=0x00000000000000a4
Event: 40.954 Thread 0x000001f1e36b9580 Uncommon trap: reason=bimorphic_or_optimized_type_check action=maybe_recompile pc=0x000001f1cb8098c4 method=org.gradle.internal.snapshot.LargeChildMap.withNode(Lorg/gradle/internal/snapshot/VfsRelativePath;Lorg/gradle/internal/snapshot/CaseSensitivity;Lor
Event: 40.954 Thread 0x000001f1e36b9580 DEOPT PACKING pc=0x000001f1cb8098c4 sp=0x0000001c794fc780
Event: 40.954 Thread 0x000001f1e36b9580 DEOPT UNPACKING pc=0x000001f1caae43a2 sp=0x0000001c794fc770 mode 2
Event: 40.963 Thread 0x000001f1e36b9580 Uncommon trap: trap_request=0xffffffc6 fr.pc=0x000001f1cb8098c4 relative=0x00000000000000a4
Event: 40.963 Thread 0x000001f1e36b9580 Uncommon trap: reason=bimorphic_or_optimized_type_check action=maybe_recompile pc=0x000001f1cb8098c4 method=org.gradle.internal.snapshot.LargeChildMap.withNode(Lorg/gradle/internal/snapshot/VfsRelativePath;Lorg/gradle/internal/snapshot/CaseSensitivity;Lor
Event: 40.963 Thread 0x000001f1e36b9580 DEOPT PACKING pc=0x000001f1cb8098c4 sp=0x0000001c794fc780
Event: 40.963 Thread 0x000001f1e36b9580 DEOPT UNPACKING pc=0x000001f1caae43a2 sp=0x0000001c794fc770 mode 2

Classes loaded (20 events):
Event: 29.944 Loading class java/util/stream/ReduceOps$6
Event: 29.945 Loading class java/util/stream/ReduceOps$6 done
Event: 29.945 Loading class java/util/stream/ReduceOps$5ReducingSink
Event: 29.945 Loading class java/util/stream/Sink$OfInt
Event: 29.945 Loading class java/util/stream/Sink$OfInt done
Event: 29.945 Loading class java/util/stream/ReduceOps$5ReducingSink done
Event: 29.952 Loading class java/util/stream/ReferencePipeline$4$1
Event: 29.952 Loading class java/util/stream/ReferencePipeline$4$1 done
Event: 30.104 Loading class java/io/CharArrayWriter
Event: 30.104 Loading class java/io/CharArrayWriter done
Event: 30.119 Loading class java/io/SequenceInputStream
Event: 30.119 Loading class java/io/SequenceInputStream done
Event: 30.136 Loading class java/util/function/IntUnaryOperator
Event: 30.137 Loading class java/util/function/IntUnaryOperator done
Event: 34.402 Loading class java/nio/file/FileTreeWalker$1
Event: 34.402 Loading class java/nio/file/FileTreeWalker$1 done
Event: 35.447 Loading class java/util/concurrent/ConcurrentSkipListMap$KeySet
Event: 35.448 Loading class java/util/concurrent/ConcurrentSkipListMap$KeySet done
Event: 35.448 Loading class java/util/concurrent/ConcurrentSkipListMap$KeyIterator
Event: 35.448 Loading class java/util/concurrent/ConcurrentSkipListMap$KeyIterator done

Classes unloaded (0 events):
No events

Classes redefined (0 events):
No events

Internal exceptions (20 events):
Event: 40.865 Thread 0x000001f1e0428cc0 Exception <a 'sun/nio/fs/WindowsException'{0x000000008e72a8a0}> (0x000000008e72a8a0) 
thrown [s\src\hotspot\share\prims\jni.cpp, line 537]
Event: 40.867 Thread 0x000001f1e0425840 Exception <a 'sun/nio/fs/WindowsException'{0x000000008e61fc60}> (0x000000008e61fc60) 
thrown [s\src\hotspot\share\prims\jni.cpp, line 537]
Event: 40.876 Thread 0x000001f1e042bab0 Exception <a 'sun/nio/fs/WindowsException'{0x000000008df20480}> (0x000000008df20480) 
thrown [s\src\hotspot\share\prims\jni.cpp, line 537]
Event: 40.887 Thread 0x000001f1e04299e0 Exception <a 'sun/nio/fs/WindowsException'{0x000000008d7f8cb0}> (0x000000008d7f8cb0) 
thrown [s\src\hotspot\share\prims\jni.cpp, line 537]
Event: 40.888 Thread 0x000001f1e36b9580 Exception <a 'sun/nio/fs/WindowsException'{0x000000008d79b638}> (0x000000008d79b638) 
thrown [s\src\hotspot\share\prims\jni.cpp, line 537]
Event: 40.893 Thread 0x000001f1e0428cc0 Exception <a 'sun/nio/fs/WindowsException'{0x000000008d3c1578}> (0x000000008d3c1578) 
thrown [s\src\hotspot\share\prims\jni.cpp, line 537]
Event: 40.896 Thread 0x000001f1e042a700 Exception <a 'sun/nio/fs/WindowsException'{0x000000008d17bc70}> (0x000000008d17bc70) 
thrown [s\src\hotspot\share\prims\jni.cpp, line 537]
Event: 40.896 Thread 0x000001f1e0425840 Exception <a 'sun/nio/fs/WindowsException'{0x000000008d1ce290}> (0x000000008d1ce290) 
thrown [s\src\hotspot\share\prims\jni.cpp, line 537]
Event: 40.898 Thread 0x000001f1e0427fa0 Exception <a 'sun/nio/fs/WindowsException'{0x000000008d09f4e8}> (0x000000008d09f4e8) 
thrown [s\src\hotspot\share\prims\jni.cpp, line 537]
Event: 40.901 Thread 0x000001f1e042ad90 Exception <a 'sun/nio/fs/WindowsException'{0x000000008d2cec98}> (0x000000008d2cec98) 
thrown [s\src\hotspot\share\prims\jni.cpp, line 537]
Event: 40.906 Thread 0x000001f1e042bab0 Exception <a 'sun/nio/fs/WindowsException'{0x000000008cb97950}> (0x000000008cb97950) 
thrown [s\src\hotspot\share\prims\jni.cpp, line 537]
Event: 40.915 Thread 0x000001f1e04299e0 Exception <a 'sun/nio/fs/WindowsException'{0x000000008c3161f0}> (0x000000008c3161f0) 
thrown [s\src\hotspot\share\prims\jni.cpp, line 537]
Event: 40.917 Thread 0x000001f1e36b9580 Exception <a 'sun/nio/fs/WindowsException'{0x000000008c3bb1b8}> (0x000000008c3bb1b8) 
thrown [s\src\hotspot\share\prims\jni.cpp, line 537]
Event: 40.921 Thread 0x000001f1e0428cc0 Exception <a 'sun/nio/fs/WindowsException'{0x000000008bff9e88}> (0x000000008bff9e88) 
thrown [s\src\hotspot\share\prims\jni.cpp, line 537]
Event: 40.924 Thread 0x000001f1e0425840 Exception <a 'sun/nio/fs/WindowsException'{0x000000008bedfa28}> (0x000000008bedfa28) 
thrown [s\src\hotspot\share\prims\jni.cpp, line 537]
Event: 40.926 Thread 0x000001f1e0427fa0 Exception <a 'sun/nio/fs/WindowsException'{0x000000008bc61848}> (0x000000008bc61848) 
thrown [s\src\hotspot\share\prims\jni.cpp, line 537]
Event: 40.930 Thread 0x000001f1e042ad90 Exception <a 'sun/nio/fs/WindowsException'{0x000000008b9552c8}> (0x000000008b9552c8) 
thrown [s\src\hotspot\share\prims\jni.cpp, line 537]
Event: 40.933 Thread 0x000001f1e042bab0 Exception <a 'sun/nio/fs/WindowsException'{0x000000008b8f1810}> (0x000000008b8f1810) 
thrown [s\src\hotspot\share\prims\jni.cpp, line 537]
Event: 40.943 Thread 0x000001f1e04299e0 Exception <a 'sun/nio/fs/WindowsException'{0x000000008b5e3780}> (0x000000008b5e3780) 
thrown [s\src\hotspot\share\prims\jni.cpp, line 537]
Event: 40.944 Thread 0x000001f1e36b9580 Exception <a 'sun/nio/fs/WindowsException'{0x000000008b422238}> (0x000000008b422238) 
thrown [s\src\hotspot\share\prims\jni.cpp, line 537]

ZGC Phase Switch (0 events):
No events

VM Operations (20 events):
Event: 37.382 Executing VM operation: G1PauseCleanup done
Event: 37.525 Executing VM operation: G1CollectForAllocation (G1 Evacuation Pause)
Event: 37.541 Executing VM operation: G1CollectForAllocation (G1 Evacuation Pause) done
Event: 37.840 Executing VM operation: G1CollectForAllocation (G1 Evacuation Pause)
Event: 37.875 Executing VM operation: G1CollectForAllocation (G1 Evacuation Pause) done
Event: 38.548 Executing VM operation: G1CollectForAllocation (G1 Evacuation Pause)
Event: 38.566 Executing VM operation: G1CollectForAllocation (G1 Evacuation Pause) done
Event: 39.072 Executing VM operation: G1CollectForAllocation (G1 Evacuation Pause)
Event: 39.090 Executing VM operation: G1CollectForAllocation (G1 Evacuation Pause) done
Event: 39.499 Executing VM operation: G1CollectForAllocation (G1 Evacuation Pause)
Event: 39.517 Executing VM operation: G1CollectForAllocation (G1 Evacuation Pause) done
Event: 39.871 Executing VM operation: G1PauseRemark
Event: 39.881 Executing VM operation: G1PauseRemark done
Event: 40.030 Executing VM operation: G1PauseCleanup
Event: 40.031 Executing VM operation: G1PauseCleanup done
Event: 40.047 Executing VM operation: G1CollectForAllocation (G1 Evacuation Pause)
Event: 40.068 Executing VM operation: G1CollectForAllocation (G1 Evacuation Pause) done
Event: 40.586 Executing VM operation: G1CollectForAllocation (G1 Evacuation Pause)
Event: 40.609 Executing VM operation: G1CollectForAllocation (G1 Evacuation Pause) done
Event: 40.979 Executing VM operation: G1CollectForAllocation (G1 Evacuation Pause)

Memory protections (0 events):
No events

Nmethod flushes (20 events):
Event: 39.880 Thread 0x000001f1d7a075b0 flushing  nmethod 0x000001f1c4a4d310
Event: 39.880 Thread 0x000001f1d7a075b0 flushing  nmethod 0x000001f1cb68ec90
Event: 39.880 Thread 0x000001f1d7a075b0 flushing  nmethod 0x000001f1c35bfd10
Event: 39.880 Thread 0x000001f1d7a075b0 flushing  nmethod 0x000001f1c3965610
Event: 39.880 Thread 0x000001f1d7a075b0 flushing  nmethod 0x000001f1c3a27a10
Event: 39.880 Thread 0x000001f1d7a075b0 flushing  nmethod 0x000001f1c3af5190
Event: 39.880 Thread 0x000001f1d7a075b0 flushing  nmethod 0x000001f1c3ecd390
Event: 39.880 Thread 0x000001f1d7a075b0 flushing  nmethod 0x000001f1c4078410
Event: 39.880 Thread 0x000001f1d7a075b0 flushing  nmethod 0x000001f1c40c9a10
Event: 39.880 Thread 0x000001f1d7a075b0 flushing  nmethod 0x000001f1c4264e10
Event: 39.880 Thread 0x000001f1d7a075b0 flushing  nmethod 0x000001f1c4271390
Event: 39.880 Thread 0x000001f1d7a075b0 flushing  nmethod 0x000001f1cb1f2690
Event: 39.880 Thread 0x000001f1d7a075b0 flushing  nmethod 0x000001f1cb542290
Event: 39.880 Thread 0x000001f1d7a075b0 flushing  nmethod 0x000001f1c373fb10
Event: 39.880 Thread 0x000001f1d7a075b0 flushing  nmethod 0x000001f1c3a89e90
Event: 39.880 Thread 0x000001f1d7a075b0 flushing  nmethod 0x000001f1c3d58290
Event: 39.880 Thread 0x000001f1d7a075b0 flushing  nmethod 0x000001f1c41ff690
Event: 39.880 Thread 0x000001f1d7a075b0 flushing  nmethod 0x000001f1c43a3910
Event: 39.880 Thread 0x000001f1d7a075b0 flushing  nmethod 0x000001f1c49fe310
Event: 39.880 Thread 0x000001f1d7a075b0 flushing  nmethod 0x000001f1c4a06b10

Events (20 events):
Event: 33.014 Thread 0x000001f1e36b9580 Thread added: 0x000001f1e0427fa0
Event: 33.014 Thread 0x000001f1e36b9580 Thread added: 0x000001f1e0428cc0
Event: 33.014 Thread 0x000001f1e36b9580 Thread added: 0x000001f1e04299e0
Event: 33.184 Thread 0x000001f1e36b9580 Thread added: 0x000001f1e042a070
Event: 33.185 Thread 0x000001f1e36b9580 Thread added: 0x000001f1e042a700
Event: 33.186 Thread 0x000001f1e36b9580 Thread added: 0x000001f1e0427280
Event: 33.187 Thread 0x000001f1e36b9580 Thread added: 0x000001f1e042b420
Event: 33.188 Thread 0x000001f1e36b9580 Thread added: 0x000001f1e042ad90
Event: 33.190 Thread 0x000001f1e36b9580 Thread added: 0x000001f1e042bab0
Event: 33.191 Thread 0x000001f1e36b9580 Thread added: 0x000001f1e157d6e0
Event: 33.851 Thread 0x000001f1e36b9580 Thread added: 0x000001f1e33c8f50
Event: 33.853 Thread 0x000001f1e36b9580 Thread added: 0x000001f1e33c7510
Event: 33.854 Thread 0x000001f1e36b9580 Thread added: 0x000001f1e33ca990
Event: 33.854 Thread 0x000001f1e36b9580 Thread added: 0x000001f1e33cb6b0
Event: 36.508 Thread 0x000001f1df5497a0 Thread exited: 0x000001f1df5497a0
Event: 37.737 Thread 0x000001f1dc0c1f90 Thread added: 0x000001f1df54ce20
Event: 39.111 Thread 0x000001f1df54ce20 Thread exited: 0x000001f1df54ce20
Event: 39.273 Thread 0x000001f1dc0e0070 Thread added: 0x000001f1df54f700
Event: 40.704 Thread 0x000001f1df54f700 Thread exited: 0x000001f1df54f700
Event: 40.971 Thread 0x000001f1dc0c1f90 Thread added: 0x000001f1df54e290


Dynamic libraries:
0x00007ff7eaaf0000 - 0x00007ff7eaafa000 	C:\Program Files\Android\Android Studio\jbr\bin\java.exe
0x00007ffba31c0000 - 0x00007ffba3423000 	C:\Windows\SYSTEM32\ntdll.dll
0x00007ffba2560000 - 0x00007ffba2628000 	C:\Windows\System32\KERNEL32.DLL
0x00007ffba0990000 - 0x00007ffba0d42000 	C:\Windows\System32\KERNELBASE.dll
0x00007ffba0590000 - 0x00007ffba06db000 	C:\Windows\System32\ucrtbase.dll
0x00007ffb98400000 - 0x00007ffb9841b000 	C:\Program Files\Android\Android Studio\jbr\bin\VCRUNTIME140.dll
0x00007ffb98440000 - 0x00007ffb98458000 	C:\Program Files\Android\Android Studio\jbr\bin\jli.dll
0x00007ffba2aa0000 - 0x00007ffba2c68000 	C:\Windows\System32\USER32.dll
0x00007ffb86790000 - 0x00007ffb86a20000 	C:\Windows\WinSxS\amd64_microsoft.windows.common-controls_6595b64144ccf1df_6.0.26100.2454_none_3e0b68a2e331ad60\COMCTL32.dll
0x00007ffba0ff0000 - 0x00007ffba1017000 	C:\Windows\System32\win32u.dll
0x00007ffba30d0000 - 0x00007ffba3179000 	C:\Windows\System32\msvcrt.dll
0x00007ffba1020000 - 0x00007ffba104a000 	C:\Windows\System32\GDI32.dll
0x00007ffba06e0000 - 0x00007ffba080b000 	C:\Windows\System32\gdi32full.dll
0x00007ffba0e80000 - 0x00007ffba0f23000 	C:\Windows\System32\msvcp_win.dll
0x00007ffba1050000 - 0x00007ffba107f000 	C:\Windows\System32\IMM32.DLL
0x00007ffb98460000 - 0x00007ffb9846c000 	C:\Program Files\Android\Android Studio\jbr\bin\vcruntime140_1.dll
0x00007ffb8a7f0000 - 0x00007ffb8a87d000 	C:\Program Files\Android\Android Studio\jbr\bin\msvcp140.dll
0x00007ffb3b110000 - 0x00007ffb3bda6000 	C:\Program Files\Android\Android Studio\jbr\bin\server\jvm.dll
0x00007ffba2760000 - 0x00007ffba2814000 	C:\Windows\System32\ADVAPI32.dll
0x00007ffba3020000 - 0x00007ffba30c6000 	C:\Windows\System32\sechost.dll
0x00007ffba2980000 - 0x00007ffba2a96000 	C:\Windows\System32\RPCRT4.dll
0x00007ffba2c70000 - 0x00007ffba2ce4000 	C:\Windows\System32\WS2_32.dll
0x00007ffb9f200000 - 0x00007ffb9f24e000 	C:\Windows\SYSTEM32\POWRPROF.dll
0x00007ffb874f0000 - 0x00007ffb87526000 	C:\Windows\SYSTEM32\WINMM.dll
0x00007ffb97ea0000 - 0x00007ffb97eab000 	C:\Windows\SYSTEM32\VERSION.dll
0x00007ffb9f1e0000 - 0x00007ffb9f1f4000 	C:\Windows\SYSTEM32\UMPDC.dll
0x00007ffb9f4a0000 - 0x00007ffb9f4ba000 	C:\Windows\SYSTEM32\kernel.appcore.dll
0x00007ffb983f0000 - 0x00007ffb983fa000 	C:\Program Files\Android\Android Studio\jbr\bin\jimage.dll
0x00007ffb9dc90000 - 0x00007ffb9ded1000 	C:\Windows\SYSTEM32\DBGHELP.DLL
0x00007ffba2110000 - 0x00007ffba248e000 	C:\Windows\System32\combase.dll
0x00007ffba1110000 - 0x00007ffba11e6000 	C:\Windows\System32\OLEAUT32.dll
0x00007ffb89fe0000 - 0x00007ffb8a019000 	C:\Windows\SYSTEM32\dbgcore.DLL
0x00007ffba0d50000 - 0x00007ffba0de9000 	C:\Windows\System32\bcryptPrimitives.dll
0x00007ffb99800000 - 0x00007ffb9980e000 	C:\Program Files\Android\Android Studio\jbr\bin\instrument.dll
0x00007ffb974c0000 - 0x00007ffb974e0000 	C:\Program Files\Android\Android Studio\jbr\bin\java.dll
0x00007ffb97450000 - 0x00007ffb97468000 	C:\Program Files\Android\Android Studio\jbr\bin\zip.dll
0x00007ffba1860000 - 0x00007ffba1f60000 	C:\Windows\System32\SHELL32.dll
0x00007ffb9e280000 - 0x00007ffb9eab1000 	C:\Windows\SYSTEM32\windows.storage.dll
0x00007ffba2630000 - 0x00007ffba270a000 	C:\Windows\System32\SHCORE.dll
0x00007ffba2920000 - 0x00007ffba297d000 	C:\Windows\System32\shlwapi.dll
0x00007ffba04a0000 - 0x00007ffba04ce000 	C:\Windows\SYSTEM32\profapi.dll
0x00007ffb98220000 - 0x00007ffb98230000 	C:\Program Files\Android\Android Studio\jbr\bin\net.dll
0x00007ffb999c0000 - 0x00007ffb99ae6000 	C:\Windows\SYSTEM32\WINHTTP.dll
0x00007ffb9f980000 - 0x00007ffb9f9e8000 	C:\Windows\system32\mswsock.dll
0x00007ffb958f0000 - 0x00007ffb95906000 	C:\Program Files\Android\Android Studio\jbr\bin\nio.dll
0x00007ffb8cd10000 - 0x00007ffb8cd20000 	C:\Program Files\Android\Android Studio\jbr\bin\verify.dll
0x00007ffb98480000 - 0x00007ffb984a7000 	C:\Users\Albaheth\.gradle\native\1def1411415f61bf3af743bc5b6707747c0891f09f0c88961ee8f79bc544acac\windows-amd64\native-platform.dll
0x00007ffb8b520000 - 0x00007ffb8b597000 	C:\Users\Albaheth\.gradle\native\0.2.8\x86_64-windows-gnu\gradle-fileevents.dll
0x00007ffb958e0000 - 0x00007ffb958e9000 	C:\Program Files\Android\Android Studio\jbr\bin\management.dll
0x00007ffb95810000 - 0x00007ffb9581b000 	C:\Program Files\Android\Android Studio\jbr\bin\management_ext.dll
0x00007ffba24d0000 - 0x00007ffba24d8000 	C:\Windows\System32\PSAPI.DLL
0x00007ffb9eef0000 - 0x00007ffb9ef22000 	C:\Windows\SYSTEM32\IPHLPAPI.DLL
0x00007ffba2e50000 - 0x00007ffba2e5a000 	C:\Windows\System32\NSI.dll
0x00007ffb98190000 - 0x00007ffb98199000 	C:\Program Files\Android\Android Studio\jbr\bin\extnet.dll
0x00007ffb9fd30000 - 0x00007ffb9fd4c000 	C:\Windows\SYSTEM32\CRYPTSP.dll
0x00007ffb9f400000 - 0x00007ffb9f438000 	C:\Windows\system32\rsaenh.dll
0x00007ffb9fa20000 - 0x00007ffb9fa4b000 	C:\Windows\SYSTEM32\USERENV.dll
0x00007ffb9fec0000 - 0x00007ffb9fee6000 	C:\Windows\SYSTEM32\bcrypt.dll
0x00007ffb9fbb0000 - 0x00007ffb9fbbc000 	C:\Windows\SYSTEM32\CRYPTBASE.dll
0x00007ffb1aab0000 - 0x00007ffb1aab8000 	C:\Windows\system32\wshunix.dll

JVMTI agents:
C:\Users\Albaheth\.gradle\wrapper\dists\gradle-9.1.0-bin\9agqghryom9wkf8r80qlhnts3\gradle-9.1.0\lib\agents\gradle-instrumentation-agent-9.1.0.jar path:C:\Program Files\Android\Android Studio\jbr\bin\instrument.dll, loaded, initialized, instrumentlib options:none

dbghelp: loaded successfully - version: 4.0.5 - missing functions: none
symbol engine: initialized successfully - sym options: 0x614 - pdb path: .;C:\Program Files\Android\Android Studio\jbr\bin;C:\Windows\SYSTEM32;C:\Windows\WinSxS\amd64_microsoft.windows.common-controls_6595b64144ccf1df_6.0.26100.2454_none_3e0b68a2e331ad60;C:\Program Files\Android\Android Studio\jbr\bin\server;C:\Users\Albaheth\.gradle\native\1def1411415f61bf3af743bc5b6707747c0891f09f0c88961ee8f79bc544acac\windows-amd64;C:\Users\Albaheth\.gradle\native\0.2.8\x86_64-windows-gnu

VM Arguments:
jvm_args: --add-opens=java.base/java.lang=ALL-UNNAMED --add-opens=java.base/java.lang.invoke=ALL-UNNAMED --add-opens=java.base/java.util=ALL-UNNAMED --add-opens=java.prefs/java.util.prefs=ALL-UNNAMED --add-exports=jdk.compiler/com.sun.tools.javac.api=ALL-UNNAMED --add-exports=jdk.compiler/com.sun.tools.javac.util=ALL-UNNAMED --add-opens=java.base/java.util=ALL-UNNAMED --add-opens=java.prefs/java.util.prefs=ALL-UNNAMED --add-opens=java.base/java.nio.charset=ALL-UNNAMED --add-opens=java.base/java.net=ALL-UNNAMED --add-opens=java.base/java.util.concurrent=ALL-UNNAMED --add-opens=java.base/java.util.concurrent.atomic=ALL-UNNAMED --add-opens=java.xml/javax.xml.namespace=ALL-UNNAMED --add-opens=java.base/java.time=ALL-UNNAMED -Xmx2048m -Dfile.encoding=UTF-8 -Duser.country=US -Duser.language=en -Duser.variant -javaagent:C:\Users\Albaheth\.gradle\wrapper\dists\gradle-9.1.0-bin\9agqghryom9wkf8r80qlhnts3\gradle-9.1.0\lib\agents\gradle-instrumentation-agent-9.1.0.jar 
java_command: org.gradle.launcher.daemon.bootstrap.GradleDaemon 9.1.0
java_class_path (initial): C:\Users\Albaheth\.gradle\wrapper\dists\gradle-9.1.0-bin\9agqghryom9wkf8r80qlhnts3\gradle-9.1.0\lib\gradle-daemon-main-9.1.0.jar
Launcher Type: SUN_STANDARD

[Global flags]
     intx CICompilerCount                          = 4                                         {product} {ergonomic}
     uint ConcGCThreads                            = 2                                         {product} {ergonomic}
     uint G1ConcRefinementThreads                  = 8                                         {product} {ergonomic}
   size_t G1HeapRegionSize                         = 1048576                                   {product} {ergonomic}
    uintx GCDrainStackTargetSize                   = 64                                        {product} {ergonomic}
   size_t InitialHeapSize                          = 132120576                                 {product} {ergonomic}
   size_t MarkStackSize                            = 4194304                                   {product} {ergonomic}
   size_t MaxHeapSize                              = 2147483648                                {product} {command line}
   size_t MaxNewSize                               = 1287651328                                {product} {ergonomic}
   size_t MinHeapDeltaBytes                        = 1048576                                   {product} {ergonomic}
   size_t MinHeapSize                              = 8388608                                   {product} {ergonomic}
    uintx NonNMethodCodeHeapSize                   = 5839372                                {pd product} {ergonomic}
    uintx NonProfiledCodeHeapSize                  = 122909434                              {pd product} {ergonomic}
    uintx ProfiledCodeHeapSize                     = 122909434                              {pd product} {ergonomic}
    uintx ReservedCodeCacheSize                    = 251658240                              {pd product} {ergonomic}
     bool SegmentedCodeCache                       = true                                      {product} {ergonomic}
   size_t SoftMaxHeapSize                          = 2147483648                             {manageable} {ergonomic}
     bool UseCompressedOops                        = true                           {product lp64_product} {ergonomic}
     bool UseG1GC                                  = true                                      {product} {ergonomic}
     bool UseLargePagesIndividualAllocation        = false                                  {pd product} {ergonomic}

Logging:
Log output configuration:
 #0: stdout all=warning uptime,level,tags foldmultilines=false
 #1: stderr all=off uptime,level,tags foldmultilines=false

Release file:
JAVA_VERSION="21.0.9" 
MODULES="java.base java.compiler java.datatransfer java.xml java.prefs java.desktop java.instrument java.logging java.management java.security.sasl java.naming java.rmi java.management.rmi java.net.http java.scripting java.security.jgss java.transaction.xa java.sql java.sql.rowset java.xml.crypto java.se java.smartcardio jdk.accessibility jdk.internal.jvmstat jdk.attach jdk.charsets jdk.internal.opt jdk.zipfs jdk.compiler jdk.crypto.ec jdk.crypto.cryptoki jdk.dynalink jdk.hotspot.agent jdk.httpserver jdk.internal.ed jdk.internal.le jdk.internal.vm.ci jdk.jartool jdk.javadoc jdk.jcmd jdk.jdeps jdk.jdwp.agent jdk.jdi jdk.jfr jdk.jlink jdk.jsobject jdk.localedata jdk.management jdk.management.agent jdk.management.jfr jdk.naming.dns jdk.naming.rmi jdk.net jdk.sctp jdk.security.auth jdk.security.jgss jdk.unsupported jdk.unsupported.desktop jdk.xml.dom" 
IMPLEMENTOR="JetBrains s.r.o." 
JAVA_RUNTIME_VERSION="21.0.9+-14649483-b1163.86" 
LIBC="default" 
OS_ARCH="x86_64" 
OS_NAME="Windows" 
SOURCE=".:git:554d0c326095" 

Environment Variables:
JAVA_HOME=C:\oracleJdk-25
PATH=C:\oracleJdk-25\bin;C:\javafx-25;C:\xampp\php;C:\Windows\system32;C:\Windows;C:\Windows\System32\Wbem;C:\Windows\System32\WindowsPowerShell\v1.0\;C:\Windows\System32\OpenSSH\;C:\Program Files\dotnet\;C:\Program Files\Git\cmd;C:\Program Files\nodejs\;C:\Users\Albaheth\Downloads\winlibs-x86_64-posix-seh-gcc-14.2.0-llvm-18.1.8-mingw-w64ucrt-12.0.0-r1\mingw64\bin;C:\win_flex_bison-latest;C:\Users\Albaheth\Downloads\winlibs-x86_64-posix-seh-gcc-14.2.0-llvm-18.1.8-mingw-w64ucrt-12.0.0-r1\mingw64\bin;C:\Users\Albaheth\AppData\Local\Programs\Python\Python314\Scripts\;C:\Users\Albaheth\AppData\Local\Programs\Python\Python314\;C:\Users\Albaheth\AppData\Local\Programs\Python\Launcher\;C:\Users\Albaheth\AppData\Local\Microsoft\WindowsApps;C:\Users\Albaheth\AppData\Local\Programs\Microsoft VS Code\bin;C:\Users\Albaheth\AppData\Roaming\npm;C:\Flex Windows\gcc\bin;C:\Flex Windows\Lex\bin;C:\Flex Windows\bison\bin;C:\Users\Albaheth\Downloads\openjdk-25.0.1_windows-x64_bin\bin;
USERNAME=Dell Abir
OS=Windows_NT
PROCESSOR_IDENTIFIER=Intel64 Family 6 Model 142 Stepping 12, GenuineIntel
TMP=C:\Users\Albaheth\AppData\Local\Temp
TEMP=C:\Users\Albaheth\AppData\Local\Temp




Periodic native trim disabled

JNI global refs:
JNI global refs: 29, weak refs: 1

JNI global refs memory usage: 835, weak refs: 833

Process memory usage:
Resident Set Size: 712268K (8% of 8162212K total physical memory with 543528K free physical memory)

OOME stack traces (most recent first):
Classloader memory used:
Loader org.gradle.internal.classloader.VisitableURLClassLoader                         : 43666K
Loader bootstrap                                                                       : 28814K
Loader org.gradle.internal.classloader.VisitableURLClassLoader$InstrumentingVisitableURLClassLoader: 28182K
Loader org.gradle.initialization.MixInLegacyTypesClassLoader                           : 13127K
Loader jdk.internal.reflect.DelegatingClassLoader                                      : 350K
Loader org.gradle.internal.classloader.VisitableURLClassLoader                         : 269K
Loader jdk.internal.loader.ClassLoaders$AppClassLoader                                 : 233K
Loader jdk.internal.loader.ClassLoaders$PlatformClassLoader                            : 148K
Loader org.gradle.groovy.scripts.internal.DefaultScriptCompilationHandler$ScriptClassLoader: 127K

Classes loaded by more than one classloader:
Class Program                                                                         : loaded 5 times (x 72B)
Class Build_gradle                                                                    : loaded 3 times (x 126B)
Class com.google.common.collect.RegularImmutableMap$KeySet                            : loaded 2 times (x 152B)
Class org.gradle.internal.classloader.FilteringClassLoader                            : loaded 2 times (x 105B)
Class com.google.common.base.CharMatcher$IsEither                                     : loaded 2 times (x 111B)
Class org.gradle.internal.classloader.ClassLoaderHierarchy                            : loaded 2 times (x 70B)
Class com.google.common.collect.ImmutableEnumSet                                      : loaded 2 times (x 146B)
Class com.google.common.util.concurrent.ExecutionError                                : loaded 2 times (x 82B)
Class com.google.common.collect.ImmutableList$1                                       : loaded 2 times (x 97B)
Class org.gradle.api.internal.classpath.ManifestUtil                                  : loaded 2 times (x 71B)
Class com.google.common.collect.RegularImmutableMap                                   : loaded 2 times (x 121B)
Class com.google.common.collect.ImmutableMap$MapViewOfValuesAsSingletonSets           : loaded 2 times (x 126B)
Class [Lorg.objectweb.asm.Symbol;                                                     : loaded 2 times (x 69B)
Class org.objectweb.asm.ClassVisitor                                                  : loaded 2 times (x 88B)
Class com.google.common.collect.UnmodifiableListIterator                              : loaded 2 times (x 95B)
Class com.google.common.base.Platform$JdkPatternCompiler                              : loaded 2 times (x 75B)
Class org.objectweb.asm.MethodTooLargeException                                       : loaded 2 times (x 83B)
Class [Lcom.google.common.cache.CacheBuilder$OneWeigher;                              : loaded 2 times (x 69B)
Class com.google.common.base.Suppliers                                                : loaded 2 times (x 71B)
Class org.gradle.internal.classloader.DefaultClassLoaderFactory                       : loaded 2 times (x 82B)
Class org.gradle.internal.classloader.ClassLoaderVisitor                              : loaded 2 times (x 76B)
Class [Lcom.google.common.collect.ImmutableMapEntry;                                  : loaded 2 times (x 69B)
Class org.gradle.api.internal.classpath.EffectiveClassPath                            : loaded 2 times (x 90B)
Class com.google.common.collect.ListMultimap                                          : loaded 2 times (x 70B)
Class com.google.common.collect.ImmutableEnumMap                                      : loaded 2 times (x 126B)
Class ijJvmDebugger1_4nk09ie7rajpf56fhqp8qjy4i                                        : loaded 2 times (x 171B)
Class com.google.common.collect.Sets$1                                                : loaded 2 times (x 139B)
Class org.objectweb.asm.AnnotationVisitor                                             : loaded 2 times (x 78B)
Class org.gradle.api.internal.DefaultClassPathProvider                                : loaded 2 times (x 76B)
Class com.google.common.collect.Sets$2                                                : loaded 2 times (x 139B)
Class [Lorg.gradle.api.internal.ClassPathProvider;                                    : loaded 2 times (x 69B)
Class org.gradle.api.internal.ClassPathProvider                                       : loaded 2 times (x 70B)
Class [Lorg.objectweb.asm.AnnotationVisitor;                                          : loaded 2 times (x 69B)
Class com.google.common.collect.Sets$3                                                : loaded 2 times (x 139B)
Class com.google.common.cache.LocalCache$LocalLoadingCache                            : loaded 2 times (x 134B)
Class org.gradle.internal.service.UnknownServiceException                             : loaded 2 times (x 83B)
Class com.google.common.collect.Sets$4                                                : loaded 2 times (x 139B)
Class org.objectweb.asm.ModuleVisitor                                                 : loaded 2 times (x 81B)
Class com.google.common.cache.LocalCache$Strength$1                                   : loaded 2 times (x 81B)
Class com.google.common.util.concurrent.SettableFuture                                : loaded 2 times (x 114B)
Class com.google.common.cache.LocalCache$Strength$2                                   : loaded 2 times (x 81B)
Class com.google.common.cache.LocalCache$Strength$3                                   : loaded 2 times (x 81B)
Class com.google.common.collect.MapDifference                                         : loaded 2 times (x 70B)
Class org.objectweb.asm.FieldWriter                                                   : loaded 2 times (x 78B)
Class com.google.common.cache.CacheBuilder$NullListener                               : loaded 2 times (x 82B)
Class org.gradle.internal.classpath.TransformedClassPath                              : loaded 2 times (x 96B)
Class org.gradle.internal.classloader.InstrumentingClassLoader                        : loaded 2 times (x 70B)
Class com.google.common.cache.CacheLoader$FunctionToCacheLoader                       : loaded 2 times (x 75B)
Class com.google.common.collect.Iterators$ArrayItr                                    : loaded 2 times (x 97B)
Class com.google.common.collect.ImmutableCollection$Builder                           : loaded 2 times (x 76B)
Class com.google.common.base.Joiner                                                   : loaded 2 times (x 79B)
Class com.google.common.base.MoreObjects                                              : loaded 2 times (x 71B)
Class com.google.common.base.Equivalence$Identity                                     : loaded 2 times (x 82B)
Class [Lorg.objectweb.asm.Type;                                                       : loaded 2 times (x 69B)
Class com.google.common.collect.UnmodifiableIterator                                  : loaded 2 times (x 80B)
Class org.gradle.internal.service.ServiceLocator                                      : loaded 2 times (x 70B)
Class com.google.common.base.Ascii                                                    : loaded 2 times (x 71B)
Class com.google.common.collect.SingletonImmutableBiMap                               : loaded 2 times (x 143B)
Class com.google.common.cache.LocalCache$1                                            : loaded 2 times (x 89B)
Class com.google.common.collect.Iterators$SingletonIterator                           : loaded 2 times (x 81B)
Class com.google.common.collect.AbstractMapEntry                                      : loaded 2 times (x 81B)
Class com.google.common.collect.Sets$ImprovedAbstractSet                              : loaded 2 times (x 135B)
Class com.google.common.collect.ImmutableList$Builder                                 : loaded 2 times (x 77B)
Class com.google.common.collect.AbstractMultimap                                      : loaded 2 times (x 123B)
Class com.google.common.cache.LocalCache$2                                            : loaded 2 times (x 142B)
Class com.google.common.collect.RegularImmutableAsList                                : loaded 2 times (x 217B)
Class com.google.common.util.concurrent.AbstractFuture$Trusted                        : loaded 2 times (x 70B)
Class com.google.common.collect.Iterators                                             : loaded 2 times (x 71B)
Class com.google.common.collect.Lists$StringAsImmutableList                           : loaded 2 times (x 207B)
Class com.google.common.util.concurrent.UncheckedExecutionException                   : loaded 2 times (x 82B)
Class org.gradle.kotlin.dsl.VersionCatalogAccessorsKt                                 : loaded 2 times (x 71B)
Class org.gradle.internal.InternalTransformer                                         : loaded 2 times (x 70B)
Class com.google.common.collect.AbstractMapBasedMultimap$KeySet$1                     : loaded 2 times (x 82B)
Class org.objectweb.asm.ClassWriter                                                   : loaded 2 times (x 106B)
Class com.google.common.cache.CacheLoader$UnsupportedLoadingOperationException        : loaded 2 times (x 82B)
Class com.google.common.base.CharMatcher$And                                          : loaded 2 times (x 112B)
Class org.gradle.internal.classloader.ClasspathUtil$1                                 : loaded 2 times (x 76B)
Class org.objectweb.asm.FieldVisitor                                                  : loaded 2 times (x 77B)
Class com.google.common.collect.IndexedImmutableSet                                   : loaded 2 times (x 152B)
Class com.google.common.collect.ImmutableMap$1                                        : loaded 2 times (x 81B)
Class com.google.common.collect.BiMap                                                 : loaded 2 times (x 70B)
Class org.gradle.api.internal.classpath.DefaultModuleRegistry$DefaultModule           : loaded 2 times (x 86B)
Class com.google.common.primitives.Ints                                               : loaded 2 times (x 71B)
Class com.google.common.collect.AbstractIterator                                      : loaded 2 times (x 82B)
Class com.google.common.collect.ObjectArrays                                          : loaded 2 times (x 71B)
Class com.google.common.math.MathPreconditions                                        : loaded 2 times (x 71B)
Class com.google.common.collect.Multiset                                              : loaded 2 times (x 70B)
Class com.google.common.collect.ArrayListMultimapGwtSerializationDependencies         : loaded 2 times (x 172B)
Class com.google.common.collect.AbstractIndexedListIterator                           : loaded 2 times (x 96B)
Class com.google.common.collect.ImmutableMapEntrySet                                  : loaded 2 times (x 152B)
Class org.gradle.api.internal.classpath.Module                                        : loaded 2 times (x 70B)
Class com.google.common.cache.Weigher                                                 : loaded 2 times (x 70B)
Class org.gradle.api.internal.classpath.UnknownModuleException                        : loaded 2 times (x 82B)
Class com.google.common.base.Stopwatch                                                : loaded 2 times (x 72B)
Class com.google.common.cache.LocalCache$Strength                                     : loaded 2 times (x 81B)
Class com.google.common.cache.Cache                                                   : loaded 2 times (x 70B)
Class com.google.common.util.concurrent.AbstractFuture$Cancellation                   : loaded 2 times (x 72B)
Class com.google.common.collect.ImmutableMap$Builder                                  : loaded 2 times (x 82B)
Class com.google.common.cache.RemovalListener                                         : loaded 2 times (x 70B)
Class org.gradle.api.internal.DefaultClassPathRegistry                                : loaded 2 times (x 76B)
Class com.google.common.primitives.IntsMethodsForWeb                                  : loaded 2 times (x 71B)
Class com.google.common.collect.Multimap                                              : loaded 2 times (x 70B)
Class org.gradle.api.internal.ClassPathRegistry                                       : loaded 2 times (x 70B)
Class org.gradle.internal.classpath.DefaultClassPath$ImmutableUniqueList              : loaded 2 times (x 199B)
Class com.google.common.collect.Platform                                              : loaded 2 times (x 71B)
Class com.google.common.cache.CacheBuilder                                            : loaded 2 times (x 72B)
Class com.google.common.collect.SingletonImmutableList                                : loaded 2 times (x 207B)
Class Settings_gradle$1                                                               : loaded 2 times (x 74B)
Class org.gradle.internal.classpath.ClassPath                                         : loaded 2 times (x 70B)
Class com.google.common.base.JdkPattern                                               : loaded 2 times (x 75B)
Class com.google.common.collect.ImmutableList$ReverseImmutableList                    : loaded 2 times (x 209B)
Class org.objectweb.asm.SymbolTable$Entry                                             : loaded 2 times (x 74B)
Class org.objectweb.asm.Edge                                                          : loaded 2 times (x 72B)
Class com.google.common.base.Suppliers$SupplierOfInstance                             : loaded 2 times (x 79B)
Class com.google.common.collect.Iterators$1                                           : loaded 2 times (x 81B)
Class ijJvmDebugger1_4nk09ie7rajpf56fhqp8qjy4i$_run_closure1$_closure2                : loaded 2 times (x 140B)
Class com.google.common.cache.LocalCache$ComputingValueReference                      : loaded 2 times (x 96B)
Class com.google.common.collect.SingletonImmutableSet                                 : loaded 2 times (x 146B)
Class com.google.common.collect.ImmutableMap$IteratorBasedImmutableMap                : loaded 2 times (x 126B)
Class com.google.common.cache.LocalCache$Segment                                      : loaded 2 times (x 154B)
Class ijJvmDebugger1_4nk09ie7rajpf56fhqp8qjy4i$_run_closure1                          : loaded 2 times (x 139B)
Class com.google.common.collect.AbstractListMultimap                                  : loaded 2 times (x 172B)
Class [Lorg.objectweb.asm.SymbolTable$Entry;                                          : loaded 2 times (x 69B)
Class com.google.common.cache.CacheLoader                                             : loaded 2 times (x 74B)
Class com.google.common.collect.Iterators$4                                           : loaded 2 times (x 82B)
Class com.google.common.collect.ImmutableBiMap                                        : loaded 2 times (x 143B)
Class org.gradle.internal.installation.GradleInstallation$1                           : loaded 2 times (x 75B)
Class org.gradle.api.internal.classpath.ModuleRegistry                                : loaded 2 times (x 70B)
Class com.google.common.collect.ImmutableSet$JdkBackedSetBuilderImpl                  : loaded 2 times (x 76B)
Class com.google.common.util.concurrent.internal.InternalFutureFailureAccess          : loaded 2 times (x 72B)
Class com.google.common.collect.Iterators$5                                           : loaded 2 times (x 82B)
Class com.google.common.cache.LocalCache$LocalManualCache$1                           : loaded 2 times (x 75B)
Class com.google.common.base.CharMatcher$ForPredicate                                 : loaded 2 times (x 112B)
Class com.google.common.base.CharMatcher$AnyOf                                        : loaded 2 times (x 112B)
Class com.google.common.collect.ImmutableCollection                                   : loaded 2 times (x 125B)
Class ijKotlinCoroutineJvmDebugInit1_5ro5ikkthzfd4ov1s0iwde684$_run_closure1          : loaded 2 times (x 139B)
Class org.gradle.api.internal.classpath.DefaultModuleRegistry                         : loaded 2 times (x 86B)
Class com.google.common.collect.Lists                                                 : loaded 2 times (x 71B)
Class com.google.common.util.concurrent.ListenableFuture                              : loaded 2 times (x 70B)
Class com.google.common.cache.ReferenceEntry                                          : loaded 2 times (x 70B)
Class com.google.common.base.Converter                                                : loaded 2 times (x 90B)
Class com.google.common.collect.ImmutableSet$CachingAsList                            : loaded 2 times (x 148B)
Class com.google.common.collect.AbstractMapBasedMultimap                              : loaded 2 times (x 139B)
Class com.google.common.util.concurrent.AbstractFuture                                : loaded 2 times (x 106B)
Class com.google.common.base.FunctionalEquivalence                                    : loaded 2 times (x 83B)
Class com.google.common.collect.Iterators$9                                           : loaded 2 times (x 81B)
Class com.google.common.collect.ImmutableAsList                                       : loaded 2 times (x 209B)
Class ijKotlinCoroutineJvmDebugInit1_5ro5ikkthzfd4ov1s0iwde684$_run_closure1$_closure2: loaded 2 times (x 139B)
Class org.objectweb.asm.RecordComponentVisitor                                        : loaded 2 times (x 77B)
Class com.google.common.cache.CacheLoader$SupplierToCacheLoader                       : loaded 2 times (x 75B)
Class org.gradle.internal.service.ServiceLookupException                              : loaded 2 times (x 82B)
Class [Lcom.google.common.cache.LocalCache$EntryFactory;                              : loaded 2 times (x 69B)
Class org.gradle.internal.classloader.ClassLoaderFactory                              : loaded 2 times (x 70B)
Class com.google.common.base.CommonPattern                                            : loaded 2 times (x 74B)
Class com.google.common.cache.LocalCache$LocalManualCache                             : loaded 2 times (x 99B)
Class com.google.common.base.CharMatcher$IsNot                                        : loaded 2 times (x 111B)
Class org.gradle.internal.service.CachingServiceLocator                               : loaded 2 times (x 82B)
Class com.google.common.collect.AbstractMapBasedMultimap$KeySet                       : loaded 2 times (x 137B)
Class com.google.common.math.IntMath                                                  : loaded 2 times (x 71B)
Class com.google.common.collect.ImmutableMapEntry                                     : loaded 2 times (x 85B)
Class com.google.common.base.Equivalence                                              : loaded 2 times (x 82B)
Class com.google.common.base.Function                                                 : loaded 2 times (x 70B)
Class com.google.common.collect.ImmutableMapEntry$NonTerminalImmutableMapEntry        : loaded 2 times (x 85B)
Class com.google.common.cache.CacheBuilder$OneWeigher                                 : loaded 2 times (x 82B)
Class com.google.common.collect.RegularImmutableList                                  : loaded 2 times (x 213B)
Class org.gradle.internal.classloader.ClasspathUtil                                   : loaded 2 times (x 71B)
Class com.google.common.util.concurrent.Uninterruptibles                              : loaded 2 times (x 71B)
Class com.google.common.util.concurrent.LazyLogger                                    : loaded 2 times (x 72B)
Class com.google.common.collect.Maps                                                  : loaded 2 times (x 71B)
Class org.gradle.api.specs.Spec                                                       : loaded 2 times (x 70B)
Class [Lcom.google.common.collect.ImmutableEntry;                                     : loaded 2 times (x 69B)
Class com.google.common.cache.LocalCache$LoadingValueReference                        : loaded 2 times (x 96B)
Class com.google.common.base.Platform                                                 : loaded 2 times (x 71B)
Class [Lorg.objectweb.asm.AnnotationWriter;                                           : loaded 2 times (x 69B)
Class com.google.common.collect.Maps$8                                                : loaded 2 times (x 82B)
Class com.google.common.collect.Sets$SetView                                          : loaded 2 times (x 138B)
Class com.google.common.cache.LocalCache$StrongValueReference                         : loaded 2 times (x 90B)
Class org.objectweb.asm.Type                                                          : loaded 2 times (x 72B)
Class org.gradle.internal.classloader.VisitableURLClassLoader$InstrumentingVisitableURLClassLoader: loaded 2 times (x 123B)
Class com.google.common.math.IntMath$1                                                : loaded 2 times (x 71B)
Class org.objectweb.asm.ByteVector                                                    : loaded 2 times (x 79B)
Class [Lcom.google.common.cache.CacheBuilder$NullListener;                            : loaded 2 times (x 69B)
Class org.gradle.internal.classloader.VisitableURLClassLoader$Spec                    : loaded 2 times (x 74B)
Class org.gradle.internal.classpath.DefaultClassPath                                  : loaded 2 times (x 90B)
Class org.objectweb.asm.Symbol                                                        : loaded 2 times (x 73B)
Class com.google.common.base.CharMatcher$BitSetMatcher                                : loaded 2 times (x 112B)
Class com.google.common.collect.RegularImmutableMap$Values                            : loaded 2 times (x 207B)
Class com.google.common.collect.ImmutableSet                                          : loaded 2 times (x 145B)
Class org.gradle.internal.classloader.ClassLoaderSpec                                 : loaded 2 times (x 71B)
Class org.objectweb.asm.AnnotationWriter                                              : loaded 2 times (x 79B)
Class com.google.common.cache.CacheStats                                              : loaded 2 times (x 71B)
Class org.objectweb.asm.RecordComponentWriter                                         : loaded 2 times (x 78B)
Class com.google.common.util.concurrent.AbstractFuture$Listener                       : loaded 2 times (x 72B)
Class com.google.common.base.CharMatcher$Or                                           : loaded 2 times (x 112B)
Class Settings_gradle$1$1                                                             : loaded 2 times (x 74B)
Class org.objectweb.asm.Attribute                                                     : loaded 2 times (x 77B)
Class com.google.common.base.Supplier                                                 : loaded 2 times (x 70B)
Class org.gradle.internal.classloader.VisitableURLClassLoader                         : loaded 2 times (x 117B)
Class Settings_gradle                                                                 : loaded 2 times (x 124B)
Class org.gradle.internal.Cast                                                        : loaded 2 times (x 71B)
Class org.gradle.api.Action                                                           : loaded 2 times (x 70B)
Class com.google.common.base.Strings                                                  : loaded 2 times (x 71B)
Class com.google.common.collect.Sets                                                  : loaded 2 times (x 71B)
Class org.objectweb.asm.Handler                                                       : loaded 2 times (x 72B)
Class com.google.common.base.Ticker                                                   : loaded 2 times (x 72B)
Class com.google.common.base.CharMatcher$FastMatcher                                  : loaded 2 times (x 111B)
Class ijKotlinCoroutineJvmDebugInit1_5ro5ikkthzfd4ov1s0iwde684                        : loaded 2 times (x 171B)
Class [Lcom.google.common.cache.LocalCache$Segment;                                   : loaded 2 times (x 69B)
Class [Lcom.google.common.cache.LocalCache$Strength;                                  : loaded 2 times (x 69B)
Class com.google.common.cache.CacheBuilder$1                                          : loaded 2 times (x 85B)
Class com.google.common.base.Predicate                                                : loaded 2 times (x 70B)
Class com.google.common.collect.ImmutableMap                                          : loaded 2 times (x 120B)
Class org.gradle.internal.classpath.DefaultClassPath$ImmutableUniqueList$Builder      : loaded 2 times (x 75B)
Class com.google.common.cache.LocalCache                                              : loaded 2 times (x 187B)
Class com.google.common.cache.CacheBuilder$2                                          : loaded 2 times (x 79B)
Class com.google.common.base.CharMatcher$NegatedFastMatcher                           : loaded 2 times (x 113B)
Class com.google.common.collect.ArrayListMultimap                                     : loaded 2 times (x 172B)
Class com.google.common.cache.CacheBuilder$3                                          : loaded 2 times (x 72B)
Class [Lcom.google.common.collect.AbstractMapEntry;                                   : loaded 2 times (x 69B)
Class com.google.common.collect.ImmutableEntry                                        : loaded 2 times (x 82B)
Class org.gradle.api.GradleException                                                  : loaded 2 times (x 82B)
Class com.google.common.collect.CollectPreconditions                                  : loaded 2 times (x 71B)
Class com.google.common.collect.SortedMapDifference                                   : loaded 2 times (x 70B)
Class com.google.common.cache.LocalCache$EntryFactory                                 : loaded 2 times (x 83B)
Class com.google.common.cache.LocalCache$AbstractReferenceEntry                       : loaded 2 times (x 107B)
Class org.gradle.internal.IoActions                                                   : loaded 2 times (x 71B)
Class org.objectweb.asm.SymbolTable                                                   : loaded 2 times (x 72B)
Class com.google.common.cache.CacheLoader$InvalidCacheLoadException                   : loaded 2 times (x 82B)
Class com.google.common.collect.ImmutableSet$RegularSetBuilderImpl                    : loaded 2 times (x 77B)
Class org.gradle.internal.classloader.SystemClassLoaderSpec                           : loaded 2 times (x 71B)
Class com.google.common.cache.LocalCache$StrongEntry                                  : loaded 2 times (x 108B)
Class com.google.common.util.concurrent.AbstractFuture$TrustedFuture                  : loaded 2 times (x 114B)
Class com.google.common.cache.LoadingCache                                            : loaded 2 times (x 70B)
Class org.objectweb.asm.MethodWriter                                                  : loaded 2 times (x 106B)
Class [Lcom.google.common.cache.Weigher;                                              : loaded 2 times (x 69B)
Class com.google.common.collect.RegularImmutableMap$BucketOverflowException           : loaded 2 times (x 82B)
Class com.google.common.collect.RegularImmutableBiMap                                 : loaded 2 times (x 149B)
Class com.google.common.cache.LocalCache$ValueReference                               : loaded 2 times (x 70B)
Class com.google.common.base.CharMatcher$Negated                                      : loaded 2 times (x 113B)
Class com.google.common.base.CharMatcher$Is                                           : loaded 2 times (x 111B)
Class com.google.common.base.PatternCompiler                                          : loaded 2 times (x 70B)
Class com.google.common.util.concurrent.AbstractFuture$Failure                        : loaded 2 times (x 72B)
Class com.google.common.base.Equivalence$Equals                                       : loaded 2 times (x 82B)
Class com.google.common.collect.Hashing                                               : loaded 2 times (x 71B)
Class com.google.common.base.Preconditions                                            : loaded 2 times (x 71B)
Class com.google.common.base.Joiner$1                                                 : loaded 2 times (x 80B)
Class org.objectweb.asm.Label                                                         : loaded 2 times (x 73B)
Class org.objectweb.asm.CurrentFrame                                                  : loaded 2 times (x 73B)
Class org.objectweb.asm.ClassTooLargeException                                        : loaded 2 times (x 83B)
Class com.google.common.base.CharMatcher                                              : loaded 2 times (x 111B)
Class com.google.common.collect.PeekingIterator                                       : loaded 2 times (x 70B)
Class com.google.common.base.Joiner$2                                                 : loaded 2 times (x 79B)
Class org.objectweb.asm.Frame                                                         : loaded 2 times (x 73B)
Class org.objectweb.asm.MethodVisitor                                                 : loaded 2 times (x 105B)
Class com.google.common.cache.LocalCache$EntryFactory$1                               : loaded 2 times (x 83B)
Class [Lcom.google.common.cache.RemovalListener;                                      : loaded 2 times (x 69B)
Class com.google.common.base.CharMatcher$1                                            : loaded 2 times (x 113B)
Class com.google.common.base.CharMatcher$NamedFastMatcher                             : loaded 2 times (x 112B)
Class com.google.common.cache.LocalCache$EntryFactory$2                               : loaded 2 times (x 83B)
Class org.gradle.api.internal.classpath.GlobalCacheRootsProvider                      : loaded 2 times (x 70B)
Class org.objectweb.asm.ModuleWriter                                                  : loaded 2 times (x 82B)
Class com.google.common.cache.LocalCache$EntryFactory$3                               : loaded 2 times (x 83B)
Class com.google.common.base.Ticker$1                                                 : loaded 2 times (x 72B)
Class com.google.common.collect.Maps$BiMapConverter                                   : loaded 2 times (x 90B)
Class com.google.common.collect.ImmutableMapEntrySet$RegularEntrySet                  : loaded 2 times (x 152B)
Class com.google.common.collect.ImmutableSet$Builder                                  : loaded 2 times (x 85B)
Class com.google.common.cache.LocalCache$EntryFactory$4                               : loaded 2 times (x 83B)
Class com.google.common.base.CharMatcher$InRange                                      : loaded 2 times (x 111B)
Class com.google.common.cache.LocalCache$EntryFactory$5                               : loaded 2 times (x 83B)
Class com.google.common.base.PairwiseEquivalence                                      : loaded 2 times (x 83B)
Class com.google.common.cache.LocalCache$EntryFactory$6                               : loaded 2 times (x 83B)
Class org.gradle.internal.installation.CurrentGradleInstallationLocator               : loaded 2 times (x 71B)
Class com.google.common.collect.Maps$KeySet                                           : loaded 2 times (x 137B)
Class com.google.common.collect.ImmutableSet$EmptySetBuilderImpl                      : loaded 2 times (x 76B)
Class com.google.common.cache.LocalCache$EntryFactory$7                               : loaded 2 times (x 83B)
Class com.google.common.collect.ImmutableList                                         : loaded 2 times (x 206B)
Class org.gradle.internal.service.DefaultServiceLocator                               : loaded 2 times (x 83B)
Class com.google.common.cache.LocalCache$EntryFactory$8                               : loaded 2 times (x 83B)
Class com.google.common.collect.ImmutableSet$SetBuilderImpl                           : loaded 2 times (x 76B)
Class org.gradle.internal.installation.CurrentGradleInstallation                      : loaded 2 times (x 73B)
Class com.google.common.cache.CacheLoader$1                                           : loaded 2 times (x 75B)
Class com.google.common.collect.ForwardingObject                                      : loaded 2 times (x 72B)
Class com.google.common.collect.ImmutableList$SubList                                 : loaded 2 times (x 209B)
Class org.gradle.util.internal.GUtil                                                  : loaded 2 times (x 71B)
Class com.google.common.cache.AbstractCache$StatsCounter                              : loaded 2 times (x 70B)
Class com.google.common.collect.Iterators$MergingIterator                             : loaded 2 times (x 81B)
Class com.google.common.collect.RegularImmutableSet                                   : loaded 2 times (x 149B)
Class org.gradle.internal.installation.GradleInstallation                             : loaded 2 times (x 75B)
Class com.google.common.collect.Iterables                                             : loaded 2 times (x 71B)

---------------  S Y S T E M  ---------------

OS:
 Windows 11 , 64 bit Build 26100 (10.0.26100.2454)
OS uptime: 8 days 20:10 hours
Hyper-V role detected

CPU: total 8 (initial active 8) (4 cores per cpu, 2 threads per core) family 6 model 142 stepping 12 microcode 0xde, cx8, cmov, fxsr, ht, mmx, 3dnowpref, sse, sse2, sse3, ssse3, sse4.1, sse4.2, popcnt, lzcnt, tsc, tscinvbit, avx, avx2, aes, erms, clmul, bmi1, bmi2, adx, fma, vzeroupper, clflush, clflushopt, hv, rdtscp, f16c
Processor Information for the first 8 processors :
  Max Mhz: 1896, Current Mhz: 1596, Mhz Limit: 1592

Memory: 4k page, system-wide physical 7970M (530M free)
TotalPageFile size 23508M (AvailPageFile size 350M)
current process WorkingSet (physical memory assigned to process): 696M, peak: 711M
current process commit charge ("private bytes"): 755M, peak: 1133M

vm_info: OpenJDK 64-Bit Server VM (21.0.9+-14649483-b1163.86) for windows-amd64 JRE (21.0.9+-14649483-b1163.86), built on 2025-12-30T22:08:35Z by "builder" with MS VC++ 16.10 / 16.11 (VS2019)

END.
