#
# There is insufficient memory for the Java Runtime Environment to continue.
# Native memory allocation (malloc) failed to allocate 1720336 bytes. Error detail: Chunk::new
# Possible reasons:
#   The system is out of physical RAM or swap space
#   This process is running with CompressedOops enabled, and the Java Heap may be blocking the growth of the native heap
# Possible solutions:
#   Reduce memory load on the system
#   Increase physical memory or swap space
#   Check if swap backing store is full
#   Decrease Java heap size (-Xmx/-Xms)
#   Decrease number of Java threads
#   Decrease Java thread stack sizes (-Xss)
#   Set larger code cache with -XX:ReservedCodeCacheSize=
#   JVM is running with Unscaled Compressed Oops mode in which the Java heap is
#     placed in the first 4GB address space. The Java Heap base address is the
#     maximum limit for the native heap growth. Please use -XX:HeapBaseMinAddress
#     to set the Java Heap base and to place the Java Heap above 4GB virtual address.
# This output file may be truncated or incomplete.
#
#  Out of Memory Error (arena.cpp:168), pid=24660, tid=16792
#
# JRE version: OpenJDK Runtime Environment (21.0.9) (build 21.0.9+-14649483-b1163.86)
# Java VM: OpenJDK 64-Bit Server VM (21.0.9+-14649483-b1163.86, mixed mode, tiered, compressed oops, compressed class ptrs, g1 gc, windows-amd64)
# No core dump will be written. Minidumps are not enabled by default on client versions of Windows
#

---------------  S U M M A R Y ------------

Command Line: --add-opens=java.base/java.lang=ALL-UNNAMED --add-opens=java.base/java.lang.invoke=ALL-UNNAMED --add-opens=java.base/java.util=ALL-UNNAMED --add-opens=java.prefs/java.util.prefs=ALL-UNNAMED --add-exports=jdk.compiler/com.sun.tools.javac.api=ALL-UNNAMED --add-exports=jdk.compiler/com.sun.tools.javac.util=ALL-UNNAMED --add-opens=java.base/java.util=ALL-UNNAMED --add-opens=java.prefs/java.util.prefs=ALL-UNNAMED --add-opens=java.base/java.nio.charset=ALL-UNNAMED --add-opens=java.base/java.net=ALL-UNNAMED --add-opens=java.base/java.util.concurrent=ALL-UNNAMED --add-opens=java.base/java.util.concurrent.atomic=ALL-UNNAMED --add-opens=java.xml/javax.xml.namespace=ALL-UNNAMED --add-opens=java.base/java.time=ALL-UNNAMED -Xmx2048m -Dfile.encoding=UTF-8 -Duser.country=US -Duser.language=en -Duser.variant -javaagent:C:\Users\Albaheth\.gradle\wrapper\dists\gradle-9.1.0-bin\9agqghryom9wkf8r80qlhnts3\gradle-9.1.0\lib\agents\gradle-instrumentation-agent-9.1.0.jar org.gradle.launcher.daemon.bootstrap.GradleDaemon 9.1.0

Host: Intel(R) Core(TM) i5-8365U CPU @ 1.60GHz, 8 cores, 7G,  Windows 11 , 64 bit Build 26100 (10.0.26100.2454)
Time: Mon Apr 27 13:03:27 2026 W. Central Africa Standard Time elapsed time: 127.490049 seconds (0d 0h 2m 7s)

---------------  T H R E A D  ---------------

Current thread (0x0000027555215d70):  JavaThread "C2 CompilerThread1" daemon [_thread_in_native, id=16792, stack(0x000000da71000000,0x000000da71100000) (1024K)]


Current CompileTask:
C2:127491 29540       4       org.gradle.api.internal.tasks.compile.incremental.compilerapi.deps.DependentSetSerializer::read (198 bytes)

Stack: [0x000000da71000000,0x000000da71100000]
Native frames: (J=compiled Java code, j=interpreted, Vv=VM code, C=native code)
V  [jvm.dll+0x6d6c99]
V  [jvm.dll+0x866b83]
V  [jvm.dll+0x86919e]
V  [jvm.dll+0x869883]
V  [jvm.dll+0x280776]
V  [jvm.dll+0xc07cd]
V  [jvm.dll+0xc0d03]
V  [jvm.dll+0x3b9831]
V  [jvm.dll+0x3856a7]
V  [jvm.dll+0x384b1a]
V  [jvm.dll+0x249462]
V  [jvm.dll+0x248a31]
V  [jvm.dll+0x1c7344]
V  [jvm.dll+0x2581ae]
V  [jvm.dll+0x2566f6]
V  [jvm.dll+0x3f48a6]
V  [jvm.dll+0x80f118]
V  [jvm.dll+0x6d54ed]
C  [ucrtbase.dll+0x14ea0]
C  [KERNEL32.DLL+0x2e8d7]
C  [ntdll.dll+0xdfbcc]


---------------  P R O C E S S  ---------------

Threads class SMR info:
_java_thread_list=0x0000027559db57f0, length=161, elements={
0x000002752bf5b3b0, 0x00000275437f8e70, 0x0000027543823a30, 0x00000275438240a0,
0x0000027543854190, 0x0000027543854bf0, 0x0000027543856960, 0x0000027543843320,
0x0000027543843d80, 0x000002754385b260, 0x0000027543b5a5c0, 0x0000027548e41aa0,
0x0000027549ccefe0, 0x0000027549c8faa0, 0x0000027548ed80c0, 0x0000027548ed68b0,
0x00000275493c4a20, 0x00000275489fdd90, 0x0000027548e90060, 0x0000027548e8ecb0,
0x0000027548e8f9d0, 0x0000027548e90d80, 0x0000027548e906f0, 0x0000027548e91410,
0x0000027549104bb0, 0x0000027549104520, 0x0000027549103800, 0x0000027549107310,
0x00000275491058d0, 0x0000027549105f60, 0x00000275491065f0, 0x0000027549105240,
0x0000027549106c80, 0x0000027549103e90, 0x00000275491093e0, 0x0000027549108030,
0x0000027549109a70, 0x0000027549108d50, 0x000002754910a100, 0x000002754910ae20,
0x00000275491079a0, 0x00000275491086c0, 0x000002754d592c60, 0x000002754d58fe70,
0x000002754d591f40, 0x000002754d5925d0, 0x000002754d5932f0, 0x000002754d593980,
0x000002754d590500, 0x000002754d591220, 0x000002754d594010, 0x000002754d590b90,
0x000002754d5946a0, 0x000002754d594d30, 0x000002754d5918b0, 0x000002754d5953c0,
0x000002754d596770, 0x000002754d597490, 0x000002754d595a50, 0x000002754d5960e0,
0x000002754d596e00, 0x000002754ca26e20, 0x000002754ca2ddb0, 0x000002754ca2d090,
0x000002754ca2d720, 0x000002754ca2ca00, 0x000002754ca2b650, 0x000002754ca2bce0,
0x000002754ca2c370, 0x000002754ca2a930, 0x000002754ca2e440, 0x000002754ca2afc0,
0x000002754cfd7420, 0x000002754cfd7ab0, 0x000002754cfd6d90, 0x000002754cfd9b80,
0x000002754cfdb5c0, 0x000002754cfda8a0, 0x000002754cfd87d0, 0x000002754cfdaf30,
0x000002754cfd8140, 0x000002754cfdbc50, 0x000002754cfde3b0, 0x000002754ca28ef0,
0x000002754ca2a2a0, 0x0000027548bd77f0, 0x0000027548bd8510, 0x0000027548bd6440,
0x0000027548bd7e80, 0x0000027548bd8ba0, 0x0000027548bd9230, 0x0000027548bd98c0,
0x0000027548bd9f50, 0x0000027548bd7160, 0x00000275537e13d0, 0x00000275537e6290,
0x00000275537e4850, 0x00000275537e4ee0, 0x00000275537e5570, 0x00000275537e5c00,
0x00000275537e6920, 0x00000275537e34a0, 0x00000275537e6fb0, 0x00000275537e0d40,
0x00000275537e41c0, 0x00000275537e1a60, 0x00000275537e20f0, 0x00000275537e2780,
0x00000275537e7640, 0x00000275537e7cd0, 0x000002754b55efe0, 0x000002754b55f670,
0x000002754b55dc30, 0x000002754b55cf10, 0x000002754b55c1f0, 0x000002754b55c880,
0x000002754b562460, 0x000002754b560390, 0x000002754b5610b0, 0x000002754b561740,
0x000002754b561dd0, 0x000002754b562af0, 0x000002754b563180, 0x0000027548bdb990,
0x0000027548bdc020, 0x0000027548bdcd40, 0x0000027548bdc6b0, 0x0000027548bdac70,
0x000002754cfddd20, 0x000002754d211320, 0x000002754d20e530, 0x000002754d2119b0,
0x00000275541cdb90, 0x000002754d213a80, 0x000002754d210600, 0x000002754d214110,
0x0000027553966520, 0x000002755396ba70, 0x000002755396a030, 0x0000027553964450,
0x0000027553968c80, 0x0000027553969310, 0x00000275539699a0, 0x000002755396e1d0,
0x000002755396e860, 0x0000027555d5b210, 0x0000027555d5b8a0, 0x0000027555d5a4f0,
0x0000027555d5cc50, 0x0000027555d5e000, 0x0000027555d5ab80, 0x0000027555d5e690,
0x0000027555215d70, 0x0000027555d5d2e0, 0x0000027555d64900, 0x0000027555d67060,
0x0000027555d64270, 0x0000027555d63be0, 0x0000027555d66340, 0x0000027555d669d0,
0x00000275552178b0
}

Java Threads: ( => current thread )
  0x000002752bf5b3b0 JavaThread "main"                              [_thread_blocked, id=17056, stack(0x000000da71200000,0x000000da71300000) (1024K)]
  0x00000275437f8e70 JavaThread "Common-Cleaner"             daemon [_thread_blocked, id=20688, stack(0x000000da71a00000,0x000000da71b00000) (1024K)]
  0x0000027543823a30 JavaThread "Reference Handler"          daemon [_thread_blocked, id=2576, stack(0x000000da71b00000,0x000000da71c00000) (1024K)]
  0x00000275438240a0 JavaThread "Finalizer"                  daemon [_thread_blocked, id=11136, stack(0x000000da71c00000,0x000000da71d00000) (1024K)]
  0x0000027543854190 JavaThread "Signal Dispatcher"          daemon [_thread_blocked, id=8588, stack(0x000000da71d00000,0x000000da71e00000) (1024K)]
  0x0000027543854bf0 JavaThread "Attach Listener"            daemon [_thread_blocked, id=16084, stack(0x000000da71e00000,0x000000da71f00000) (1024K)]
  0x0000027543856960 JavaThread "Service Thread"             daemon [_thread_blocked, id=18692, stack(0x000000da71f00000,0x000000da72000000) (1024K)]
  0x0000027543843320 JavaThread "Monitor Deflation Thread"   daemon [_thread_blocked, id=10456, stack(0x000000da72000000,0x000000da72100000) (1024K)]
  0x0000027543843d80 JavaThread "C2 CompilerThread0"         daemon [_thread_in_native, id=13704, stack(0x000000da72100000,0x000000da72200000) (1024K)]
  0x000002754385b260 JavaThread "C1 CompilerThread0"         daemon [_thread_blocked, id=11232, stack(0x000000da72200000,0x000000da72300000) (1024K)]
  0x0000027543b5a5c0 JavaThread "Notification Thread"        daemon [_thread_blocked, id=14064, stack(0x000000da72300000,0x000000da72400000) (1024K)]
  0x0000027548e41aa0 JavaThread "Daemon health stats"               [_thread_blocked, id=21652, stack(0x000000da72800000,0x000000da72900000) (1024K)]
  0x0000027549ccefe0 JavaThread "Incoming local TCP Connector on port 63089"        [_thread_in_native, id=21088, stack(0x000000da72a00000,0x000000da72b00000) (1024K)]
  0x0000027549c8faa0 JavaThread "Daemon periodic checks"            [_thread_blocked, id=19600, stack(0x000000da72b00000,0x000000da72c00000) (1024K)]
  0x0000027548ed80c0 JavaThread "Daemon"                            [_thread_blocked, id=15524, stack(0x000000da72c00000,0x000000da72d00000) (1024K)]
  0x0000027548ed68b0 JavaThread "Handler for socket connection from /127.0.0.1:63089 to /127.0.0.1:63090"        [_thread_in_native, id=8780, stack(0x000000da72d00000,0x000000da72e00000) (1024K)]
  0x00000275493c4a20 JavaThread "Cancel handler"                    [_thread_blocked, id=22112, stack(0x000000da73000000,0x000000da73100000) (1024K)]
  0x00000275489fdd90 JavaThread "Daemon worker"                     [_thread_blocked, id=19808, stack(0x000000da73100000,0x000000da73200000) (1024K)]
  0x0000027548e90060 JavaThread "Asynchronous log dispatcher for DefaultDaemonConnection: socket connection from /127.0.0.1:63089 to /127.0.0.1:63090"        [_thread_blocked, id=13204, stack(0x000000da73200000,0x000000da73300000) (1024K)]
  0x0000027548e8ecb0 JavaThread "Stdin handler"                     [_thread_blocked, id=25556, stack(0x000000da73300000,0x000000da73400000) (1024K)]
  0x0000027548e8f9d0 JavaThread "Daemon client event forwarder"        [_thread_blocked, id=20824, stack(0x000000da73400000,0x000000da73500000) (1024K)]
  0x0000027548e90d80 JavaThread "Cache worker for journal cache (C:\Users\Albaheth\.gradle\caches\journal-1)"        [_thread_blocked, id=16952, stack(0x000000da73600000,0x000000da73700000) (1024K)]
  0x0000027548e906f0 JavaThread "File lock request listener"        [_thread_in_native, id=25408, stack(0x000000da73700000,0x000000da73800000) (1024K)]
  0x0000027548e91410 JavaThread "Cache worker for file hash cache (C:\Users\Albaheth\.gradle\caches\9.1.0\fileHashes)"        [_thread_blocked, id=6780, stack(0x000000da73800000,0x000000da73900000) (1024K)]
  0x0000027549104bb0 JavaThread "Cache worker for file hash cache (C:\Users\Albaheth\AndroidStudioProjects\Maktaba\.gradle\9.1.0\fileHashes)"        [_thread_blocked, id=16648, stack(0x000000da73b00000,0x000000da73c00000) (1024K)]
  0x0000027549104520 JavaThread "Cache worker for Build Output Cleanup Cache (C:\Users\Albaheth\AndroidStudioProjects\Maktaba\.gradle\buildOutputCleanup)"        [_thread_blocked, id=6984, stack(0x000000da73c00000,0x000000da73d00000) (1024K)]
  0x0000027549103800 JavaThread "File watcher server"        daemon [_thread_in_native, id=20292, stack(0x000000da73a00000,0x000000da73b00000) (1024K)]
  0x0000027549107310 JavaThread "File watcher consumer"      daemon [_thread_blocked, id=4080, stack(0x000000da73d00000,0x000000da73e00000) (1024K)]
  0x00000275491058d0 JavaThread "Cache worker for checksums cache (C:\Users\Albaheth\AndroidStudioProjects\Maktaba\.gradle\9.1.0\checksums)"        [_thread_blocked, id=17812, stack(0x000000da73900000,0x000000da73a00000) (1024K)]
  0x0000027549105f60 JavaThread "Cache worker for file content cache (C:\Users\Albaheth\.gradle\caches\9.1.0\fileContent)"        [_thread_blocked, id=5912, stack(0x000000da73e00000,0x000000da73f00000) (1024K)]
  0x00000275491065f0 JavaThread "Cache worker for cache directory md-supplier (C:\Users\Albaheth\.gradle\caches\9.1.0\md-supplier)"        [_thread_blocked, id=11864, stack(0x000000da74000000,0x000000da74100000) (1024K)]
  0x0000027549105240 JavaThread "Cache worker for cache directory md-rule (C:\Users\Albaheth\.gradle\caches\9.1.0\md-rule)"        [_thread_blocked, id=20364, stack(0x000000da74100000,0x000000da74200000) (1024K)]
  0x0000027549106c80 JavaThread "jar transforms"                    [_thread_blocked, id=15060, stack(0x000000da74200000,0x000000da74300000) (1024K)]
  0x0000027549103e90 JavaThread "jar transforms Thread 2"           [_thread_blocked, id=24100, stack(0x000000da74300000,0x000000da74400000) (1024K)]
  0x00000275491093e0 JavaThread "jar transforms Thread 3"           [_thread_blocked, id=13528, stack(0x000000da73f00000,0x000000da74000000) (1024K)]
  0x0000027549108030 JavaThread "Unconstrained build operations"        [_thread_blocked, id=4000, stack(0x000000da74500000,0x000000da74600000) (1024K)]
  0x0000027549109a70 JavaThread "Unconstrained build operations Thread 2"        [_thread_blocked, id=16624, stack(0x000000da74600000,0x000000da74700000) (1024K)]
  0x0000027549108d50 JavaThread "Unconstrained build operations Thread 3"        [_thread_blocked, id=13772, stack(0x000000da74700000,0x000000da74800000) (1024K)]
  0x000002754910a100 JavaThread "Unconstrained build operations Thread 4"        [_thread_blocked, id=6444, stack(0x000000da74800000,0x000000da74900000) (1024K)]
  0x000002754910ae20 JavaThread "Unconstrained build operations Thread 5"        [_thread_blocked, id=10684, stack(0x000000da74900000,0x000000da74a00000) (1024K)]
  0x00000275491079a0 JavaThread "Unconstrained build operations Thread 6"        [_thread_blocked, id=22604, stack(0x000000da74a00000,0x000000da74b00000) (1024K)]
  0x00000275491086c0 JavaThread "Unconstrained build operations Thread 7"        [_thread_blocked, id=20860, stack(0x000000da74b00000,0x000000da74c00000) (1024K)]
  0x000002754d592c60 JavaThread "Unconstrained build operations Thread 8"        [_thread_blocked, id=3016, stack(0x000000da74c00000,0x000000da74d00000) (1024K)]
  0x000002754d58fe70 JavaThread "Unconstrained build operations Thread 9"        [_thread_blocked, id=4544, stack(0x000000da74d00000,0x000000da74e00000) (1024K)]
  0x000002754d591f40 JavaThread "Unconstrained build operations Thread 10"        [_thread_blocked, id=15820, stack(0x000000da74e00000,0x000000da74f00000) (1024K)]
  0x000002754d5925d0 JavaThread "Unconstrained build operations Thread 11"        [_thread_blocked, id=16080, stack(0x000000da74f00000,0x000000da75000000) (1024K)]
  0x000002754d5932f0 JavaThread "Unconstrained build operations Thread 12"        [_thread_blocked, id=24304, stack(0x000000da75000000,0x000000da75100000) (1024K)]
  0x000002754d593980 JavaThread "Unconstrained build operations Thread 13"        [_thread_blocked, id=23720, stack(0x000000da75100000,0x000000da75200000) (1024K)]
  0x000002754d590500 JavaThread "Unconstrained build operations Thread 14"        [_thread_blocked, id=17784, stack(0x000000da75200000,0x000000da75300000) (1024K)]
  0x000002754d591220 JavaThread "jar transforms Thread 4"           [_thread_blocked, id=18304, stack(0x000000da75300000,0x000000da75400000) (1024K)]
  0x000002754d594010 JavaThread "jar transforms Thread 5"           [_thread_blocked, id=2896, stack(0x000000da75400000,0x000000da75500000) (1024K)]
  0x000002754d590b90 JavaThread "Unconstrained build operations Thread 15"        [_thread_blocked, id=25492, stack(0x000000da75500000,0x000000da75600000) (1024K)]
  0x000002754d5946a0 JavaThread "Unconstrained build operations Thread 16"        [_thread_blocked, id=20496, stack(0x000000da75600000,0x000000da75700000) (1024K)]
  0x000002754d594d30 JavaThread "Unconstrained build operations Thread 17"        [_thread_blocked, id=19560, stack(0x000000da75700000,0x000000da75800000) (1024K)]
  0x000002754d5918b0 JavaThread "Unconstrained build operations Thread 18"        [_thread_blocked, id=1092, stack(0x000000da75800000,0x000000da75900000) (1024K)]
  0x000002754d5953c0 JavaThread "Unconstrained build operations Thread 19"        [_thread_blocked, id=16088, stack(0x000000da75900000,0x000000da75a00000) (1024K)]
  0x000002754d596770 JavaThread "Unconstrained build operations Thread 20"        [_thread_blocked, id=1888, stack(0x000000da75a00000,0x000000da75b00000) (1024K)]
  0x000002754d597490 JavaThread "Unconstrained build operations Thread 21"        [_thread_blocked, id=19816, stack(0x000000da75b00000,0x000000da75c00000) (1024K)]
  0x000002754d595a50 JavaThread "jar transforms Thread 6"           [_thread_blocked, id=20788, stack(0x000000da75c00000,0x000000da75d00000) (1024K)]
  0x000002754d5960e0 JavaThread "jar transforms Thread 7"           [_thread_blocked, id=16704, stack(0x000000da75d00000,0x000000da75e00000) (1024K)]
  0x000002754d596e00 JavaThread "jar transforms Thread 8"           [_thread_blocked, id=17908, stack(0x000000da75e00000,0x000000da75f00000) (1024K)]
  0x000002754ca26e20 JavaThread "Unconstrained build operations Thread 22"        [_thread_blocked, id=10536, stack(0x000000da75f00000,0x000000da76000000) (1024K)]
  0x000002754ca2ddb0 JavaThread "Unconstrained build operations Thread 23"        [_thread_blocked, id=17036, stack(0x000000da76000000,0x000000da76100000) (1024K)]
  0x000002754ca2d090 JavaThread "Unconstrained build operations Thread 24"        [_thread_blocked, id=16956, stack(0x000000da76100000,0x000000da76200000) (1024K)]
  0x000002754ca2d720 JavaThread "Unconstrained build operations Thread 25"        [_thread_blocked, id=14980, stack(0x000000da76200000,0x000000da76300000) (1024K)]
  0x000002754ca2ca00 JavaThread "Unconstrained build operations Thread 26"        [_thread_blocked, id=20840, stack(0x000000da76300000,0x000000da76400000) (1024K)]
  0x000002754ca2b650 JavaThread "Unconstrained build operations Thread 27"        [_thread_blocked, id=6644, stack(0x000000da76400000,0x000000da76500000) (1024K)]
  0x000002754ca2bce0 JavaThread "Unconstrained build operations Thread 28"        [_thread_blocked, id=13796, stack(0x000000da76500000,0x000000da76600000) (1024K)]
  0x000002754ca2c370 JavaThread "Unconstrained build operations Thread 29"        [_thread_blocked, id=24036, stack(0x000000da76600000,0x000000da76700000) (1024K)]
  0x000002754ca2a930 JavaThread "Unconstrained build operations Thread 30"        [_thread_blocked, id=11576, stack(0x000000da76700000,0x000000da76800000) (1024K)]
  0x000002754ca2e440 JavaThread "Unconstrained build operations Thread 31"        [_thread_blocked, id=15468, stack(0x000000da76800000,0x000000da76900000) (1024K)]
  0x000002754ca2afc0 JavaThread "Unconstrained build operations Thread 32"        [_thread_blocked, id=20724, stack(0x000000da76900000,0x000000da76a00000) (1024K)]
  0x000002754cfd7420 JavaThread "Unconstrained build operations Thread 33"        [_thread_blocked, id=20628, stack(0x000000da76a00000,0x000000da76b00000) (1024K)]
  0x000002754cfd7ab0 JavaThread "Unconstrained build operations Thread 34"        [_thread_blocked, id=23292, stack(0x000000da76b00000,0x000000da76c00000) (1024K)]
  0x000002754cfd6d90 JavaThread "Unconstrained build operations Thread 35"        [_thread_blocked, id=14292, stack(0x000000da76c00000,0x000000da76d00000) (1024K)]
  0x000002754cfd9b80 JavaThread "Unconstrained build operations Thread 36"        [_thread_blocked, id=24380, stack(0x000000da76d00000,0x000000da76e00000) (1024K)]
  0x000002754cfdb5c0 JavaThread "Unconstrained build operations Thread 37"        [_thread_blocked, id=25512, stack(0x000000da76e00000,0x000000da76f00000) (1024K)]
  0x000002754cfda8a0 JavaThread "Unconstrained build operations Thread 38"        [_thread_blocked, id=20336, stack(0x000000da76f00000,0x000000da77000000) (1024K)]
  0x000002754cfd87d0 JavaThread "Unconstrained build operations Thread 39"        [_thread_blocked, id=16700, stack(0x000000da77000000,0x000000da77100000) (1024K)]
  0x000002754cfdaf30 JavaThread "Unconstrained build operations Thread 40"        [_thread_blocked, id=21720, stack(0x000000da77100000,0x000000da77200000) (1024K)]
  0x000002754cfd8140 JavaThread "Unconstrained build operations Thread 41"        [_thread_blocked, id=25136, stack(0x000000da77200000,0x000000da77300000) (1024K)]
  0x000002754cfdbc50 JavaThread "Unconstrained build operations Thread 42"        [_thread_blocked, id=18560, stack(0x000000da77300000,0x000000da77400000) (1024K)]
  0x000002754cfde3b0 JavaThread "Unconstrained build operations Thread 43"        [_thread_blocked, id=17320, stack(0x000000da77400000,0x000000da77500000) (1024K)]
  0x000002754ca28ef0 JavaThread "Unconstrained build operations Thread 44"        [_thread_blocked, id=20732, stack(0x000000da77500000,0x000000da77600000) (1024K)]
  0x000002754ca2a2a0 JavaThread "Unconstrained build operations Thread 45"        [_thread_blocked, id=9360, stack(0x000000da77600000,0x000000da77700000) (1024K)]
  0x0000027548bd77f0 JavaThread "Unconstrained build operations Thread 46"        [_thread_blocked, id=14880, stack(0x000000da77700000,0x000000da77800000) (1024K)]
  0x0000027548bd8510 JavaThread "Unconstrained build operations Thread 47"        [_thread_blocked, id=15564, stack(0x000000da77800000,0x000000da77900000) (1024K)]
  0x0000027548bd6440 JavaThread "Unconstrained build operations Thread 48"        [_thread_blocked, id=14296, stack(0x000000da77900000,0x000000da77a00000) (1024K)]
  0x0000027548bd7e80 JavaThread "Unconstrained build operations Thread 49"        [_thread_blocked, id=20728, stack(0x000000da77a00000,0x000000da77b00000) (1024K)]
  0x0000027548bd8ba0 JavaThread "Unconstrained build operations Thread 50"        [_thread_blocked, id=4632, stack(0x000000da77b00000,0x000000da77c00000) (1024K)]
  0x0000027548bd9230 JavaThread "Unconstrained build operations Thread 51"        [_thread_blocked, id=16732, stack(0x000000da77c00000,0x000000da77d00000) (1024K)]
  0x0000027548bd98c0 JavaThread "build event listener"              [_thread_blocked, id=18652, stack(0x000000da74400000,0x000000da74500000) (1024K)]
  0x0000027548bd9f50 JavaThread "Memory manager"                    [_thread_blocked, id=18672, stack(0x000000da77e00000,0x000000da77f00000) (1024K)]
  0x0000027548bd7160 JavaThread "build event listener"              [_thread_blocked, id=24500, stack(0x000000da78000000,0x000000da78100000) (1024K)]
  0x00000275537e13d0 JavaThread "included builds"                   [_thread_blocked, id=3268, stack(0x000000da78100000,0x000000da78200000) (1024K)]
  0x00000275537e6290 JavaThread "Execution worker"                  [_thread_blocked, id=23820, stack(0x000000da78200000,0x000000da78300000) (1024K)]
  0x00000275537e4850 JavaThread "Execution worker Thread 2"         [_thread_blocked, id=23276, stack(0x000000da78300000,0x000000da78400000) (1024K)]
  0x00000275537e4ee0 JavaThread "Execution worker Thread 3"         [_thread_blocked, id=19436, stack(0x000000da78400000,0x000000da78500000) (1024K)]
  0x00000275537e5570 JavaThread "Execution worker Thread 4"         [_thread_blocked, id=11444, stack(0x000000da78500000,0x000000da78600000) (1024K)]
  0x00000275537e5c00 JavaThread "Execution worker Thread 5"         [_thread_blocked, id=2816, stack(0x000000da78600000,0x000000da78700000) (1024K)]
  0x00000275537e6920 JavaThread "Execution worker Thread 6"         [_thread_blocked, id=25388, stack(0x000000da78700000,0x000000da78800000) (1024K)]
  0x00000275537e34a0 JavaThread "Execution worker Thread 7"         [_thread_blocked, id=17140, stack(0x000000da78800000,0x000000da78900000) (1024K)]
  0x00000275537e6fb0 JavaThread "Cache worker for execution history cache (C:\Users\Albaheth\AndroidStudioProjects\Maktaba\.gradle\9.1.0\executionHistory)"        [_thread_blocked, id=3600, stack(0x000000da78900000,0x000000da78a00000) (1024K)]
  0x00000275537e0d40 JavaThread "Unconstrained build operations Thread 52"        [_thread_blocked, id=5780, stack(0x000000da78a00000,0x000000da78b00000) (1024K)]
  0x00000275537e41c0 JavaThread "Unconstrained build operations Thread 53"        [_thread_blocked, id=14204, stack(0x000000da78b00000,0x000000da78c00000) (1024K)]
  0x00000275537e1a60 JavaThread "Unconstrained build operations Thread 54"        [_thread_blocked, id=24360, stack(0x000000da78c00000,0x000000da78d00000) (1024K)]
  0x00000275537e20f0 JavaThread "Unconstrained build operations Thread 55"        [_thread_blocked, id=8200, stack(0x000000da78d00000,0x000000da78e00000) (1024K)]
  0x00000275537e2780 JavaThread "Unconstrained build operations Thread 56"        [_thread_blocked, id=16296, stack(0x000000da78e00000,0x000000da78f00000) (1024K)]
  0x00000275537e7640 JavaThread "Unconstrained build operations Thread 57"        [_thread_blocked, id=12244, stack(0x000000da78f00000,0x000000da79000000) (1024K)]
  0x00000275537e7cd0 JavaThread "Unconstrained build operations Thread 58"        [_thread_blocked, id=22408, stack(0x000000da79000000,0x000000da79100000) (1024K)]
  0x000002754b55efe0 JavaThread "Unconstrained build operations Thread 59"        [_thread_blocked, id=20356, stack(0x000000da79100000,0x000000da79200000) (1024K)]
  0x000002754b55f670 JavaThread "Unconstrained build operations Thread 60"        [_thread_blocked, id=7700, stack(0x000000da79200000,0x000000da79300000) (1024K)]
  0x000002754b55dc30 JavaThread "Unconstrained build operations Thread 61"        [_thread_blocked, id=8156, stack(0x000000da79300000,0x000000da79400000) (1024K)]
  0x000002754b55cf10 JavaThread "Unconstrained build operations Thread 62"        [_thread_blocked, id=20096, stack(0x000000da79400000,0x000000da79500000) (1024K)]
  0x000002754b55c1f0 JavaThread "Unconstrained build operations Thread 63"        [_thread_blocked, id=14152, stack(0x000000da79500000,0x000000da79600000) (1024K)]
  0x000002754b55c880 JavaThread "Unconstrained build operations Thread 64"        [_thread_blocked, id=10600, stack(0x000000da79600000,0x000000da79700000) (1024K)]
  0x000002754b562460 JavaThread "Unconstrained build operations Thread 65"        [_thread_blocked, id=21688, stack(0x000000da79700000,0x000000da79800000) (1024K)]
  0x000002754b560390 JavaThread "Unconstrained build operations Thread 66"        [_thread_blocked, id=25308, stack(0x000000da79800000,0x000000da79900000) (1024K)]
  0x000002754b5610b0 JavaThread "Unconstrained build operations Thread 67"        [_thread_blocked, id=24940, stack(0x000000da79900000,0x000000da79a00000) (1024K)]
  0x000002754b561740 JavaThread "Unconstrained build operations Thread 68"        [_thread_blocked, id=13904, stack(0x000000da79a00000,0x000000da79b00000) (1024K)]
  0x000002754b561dd0 JavaThread "Unconstrained build operations Thread 69"        [_thread_blocked, id=23248, stack(0x000000da79b00000,0x000000da79c00000) (1024K)]
  0x000002754b562af0 JavaThread "Unconstrained build operations Thread 70"        [_thread_blocked, id=2460, stack(0x000000da79c00000,0x000000da79d00000) (1024K)]
  0x000002754b563180 JavaThread "Unconstrained build operations Thread 71"        [_thread_blocked, id=22020, stack(0x000000da79d00000,0x000000da79e00000) (1024K)]
  0x0000027548bdb990 JavaThread "Unconstrained build operations Thread 72"        [_thread_blocked, id=23656, stack(0x000000da79e00000,0x000000da79f00000) (1024K)]
  0x0000027548bdc020 JavaThread "Unconstrained build operations Thread 73"        [_thread_blocked, id=23800, stack(0x000000da79f00000,0x000000da7a000000) (1024K)]
  0x0000027548bdcd40 JavaThread "Unconstrained build operations Thread 74"        [_thread_blocked, id=14660, stack(0x000000da7a000000,0x000000da7a100000) (1024K)]
  0x0000027548bdc6b0 JavaThread "Unconstrained build operations Thread 75"        [_thread_blocked, id=18552, stack(0x000000da7a100000,0x000000da7a200000) (1024K)]
  0x0000027548bdac70 JavaThread "Unconstrained build operations Thread 76"        [_thread_blocked, id=16576, stack(0x000000da7a200000,0x000000da7a300000) (1024K)]
  0x000002754cfddd20 JavaThread "Unconstrained build operations Thread 77"        [_thread_blocked, id=6260, stack(0x000000da77f00000,0x000000da78000000) (1024K)]
  0x000002754d211320 JavaThread "Unconstrained build operations Thread 78"        [_thread_blocked, id=19516, stack(0x000000da7a300000,0x000000da7a400000) (1024K)]
  0x000002754d20e530 JavaThread "Unconstrained build operations Thread 79"        [_thread_blocked, id=24652, stack(0x000000da7a400000,0x000000da7a500000) (1024K)]
  0x000002754d2119b0 JavaThread "Unconstrained build operations Thread 80"        [_thread_blocked, id=16144, stack(0x000000da7a500000,0x000000da7a600000) (1024K)]
  0x00000275541cdb90 JavaThread "WorkerExecutor Queue"              [_thread_blocked, id=7596, stack(0x000000da7a700000,0x000000da7a800000) (1024K)]
  0x000002754d213a80 JavaThread "DefaultDispatcher-worker-1" daemon [_thread_blocked, id=24004, stack(0x000000da77d00000,0x000000da77e00000) (1024K)]
  0x000002754d210600 JavaThread "DefaultDispatcher-worker-2" daemon [_thread_blocked, id=10236, stack(0x000000da7a600000,0x000000da7a700000) (1024K)]
  0x000002754d214110 JavaThread "DefaultDispatcher-worker-3" daemon [_thread_blocked, id=4436, stack(0x000000da7a800000,0x000000da7a900000) (1024K)]
  0x0000027553966520 JavaThread "Periodic tasks thread"      daemon [_thread_blocked, id=19344, stack(0x000000da71100000,0x000000da71200000) (1024K)]
  0x000002755396ba70 JavaThread "ApplicationImpl pooled thread 1"        [_thread_blocked, id=8100, stack(0x000000da7a900000,0x000000da7aa00000) (1024K)]
  0x000002755396a030 JavaThread "WorkerExecutor Queue Thread 2"        [_thread_blocked, id=25048, stack(0x000000da7aa00000,0x000000da7ab00000) (1024K)]
  0x0000027553964450 JavaThread "Java2D Disposer"            daemon [_thread_blocked, id=23980, stack(0x000000da70f00000,0x000000da71000000) (1024K)]
  0x0000027553968c80 JavaThread "AWT-Windows"                daemon [_thread_in_native, id=17676, stack(0x000000da7af00000,0x000000da7b000000) (1024K)]
  0x0000027553969310 JavaThread "WorkerExecutor Queue Thread 3"        [_thread_blocked, id=23608, stack(0x000000da7b000000,0x000000da7b100000) (1024K)]
  0x00000275539699a0 JavaThread "pool-4-thread-1"                   [_thread_blocked, id=10748, stack(0x000000da7b100000,0x000000da7b200000) (1024K)]
  0x000002755396e1d0 JavaThread "stderr"                            [_thread_in_native, id=14048, stack(0x000000da7b200000,0x000000da7b300000) (1024K)]
  0x000002755396e860 JavaThread "stdout"                            [_thread_in_native, id=19944, stack(0x000000da7b300000,0x000000da7b400000) (1024K)]
  0x0000027555d5b210 JavaThread "WorkerExecutor Queue Thread 4"        [_thread_blocked, id=12296, stack(0x000000da7b500000,0x000000da7b600000) (1024K)]
  0x0000027555d5b8a0 JavaThread "RMI Scheduler(0)"           daemon [_thread_blocked, id=24948, stack(0x000000da7b700000,0x000000da7b800000) (1024K)]
  0x0000027555d5a4f0 JavaThread "RMI GC Daemon"              daemon [_thread_blocked, id=22200, stack(0x000000da7b900000,0x000000da7ba00000) (1024K)]
  0x0000027555d5cc50 JavaThread "RMI TCP Accept-0"           daemon [_thread_in_native, id=24188, stack(0x000000da7ba00000,0x000000da7bb00000) (1024K)]
  0x0000027555d5e000 JavaThread "RMI Reaper"                        [_thread_blocked, id=11448, stack(0x000000da7bb00000,0x000000da7bc00000) (1024K)]
  0x0000027555d5ab80 JavaThread "RMI TCP Connection(2)-127.0.0.1" daemon [_thread_in_native, id=16484, stack(0x000000da7bc00000,0x000000da7bd00000) (1024K)]
  0x0000027555d5e690 JavaThread "Cache worker for Java compile cache (C:\Users\Albaheth\.gradle\caches\9.1.0\javaCompile)"        [_thread_in_Java, id=25496, stack(0x000000da7b400000,0x000000da7b500000) (1024K)]
=>0x0000027555215d70 JavaThread "C2 CompilerThread1"         daemon [_thread_in_native, id=16792, stack(0x000000da71000000,0x000000da71100000) (1024K)]
  0x0000027555d5d2e0 JavaThread "Build operations"                  [_thread_blocked, id=2712, stack(0x000000da7ac00000,0x000000da7ad00000) (1024K)]
  0x0000027555d64900 JavaThread "Build operations Thread 2"         [_thread_blocked, id=16520, stack(0x000000da7ad00000,0x000000da7ae00000) (1024K)]
  0x0000027555d67060 JavaThread "Build operations Thread 3"         [_thread_blocked, id=21760, stack(0x000000da7b600000,0x000000da7b700000) (1024K)]
  0x0000027555d64270 JavaThread "Build operations Thread 4"         [_thread_blocked, id=4268, stack(0x000000da7b800000,0x000000da7b900000) (1024K)]
  0x0000027555d63be0 JavaThread "Build operations Thread 5"         [_thread_blocked, id=21624, stack(0x000000da7bd00000,0x000000da7be00000) (1024K)]
  0x0000027555d66340 JavaThread "Build operations Thread 6"         [_thread_blocked, id=24016, stack(0x000000da7be00000,0x000000da7bf00000) (1024K)]
  0x0000027555d669d0 JavaThread "Build operations Thread 7"         [_thread_blocked, id=14780, stack(0x000000da7bf00000,0x000000da7c000000) (1024K)]
  0x00000275552178b0 JavaThread "C2 CompilerThread2"         daemon [_thread_in_native, id=3220, stack(0x000000da7c000000,0x000000da7c100000) (1024K)]
Total: 161

Other Threads:
  0x000002754366e9e0 VMThread "VM Thread"                           [id=22444, stack(0x000000da71900000,0x000000da71a00000) (1024K)]
  0x000002754360a200 WatcherThread "VM Periodic Task Thread"        [id=15628, stack(0x000000da71800000,0x000000da71900000) (1024K)]
  0x000002752bfb3f20 WorkerThread "GC Thread#0"                     [id=15236, stack(0x000000da71300000,0x000000da71400000) (1024K)]
  0x00000275482f8f90 WorkerThread "GC Thread#1"                     [id=21964, stack(0x000000da72400000,0x000000da72500000) (1024K)]
  0x0000027543b63680 WorkerThread "GC Thread#2"                     [id=18928, stack(0x000000da72500000,0x000000da72600000) (1024K)]
  0x0000027548a22ca0 WorkerThread "GC Thread#3"                     [id=8016, stack(0x000000da72600000,0x000000da72700000) (1024K)]
  0x00000275486ef290 WorkerThread "GC Thread#4"                     [id=13372, stack(0x000000da72700000,0x000000da72800000) (1024K)]
  0x0000027549142fa0 WorkerThread "GC Thread#5"                     [id=25456, stack(0x000000da72900000,0x000000da72a00000) (1024K)]
  0x0000027549142c00 WorkerThread "GC Thread#6"                     [id=14012, stack(0x000000da72e00000,0x000000da72f00000) (1024K)]
  0x00000275491436e0 WorkerThread "GC Thread#7"                     [id=18376, stack(0x000000da72f00000,0x000000da73000000) (1024K)]
  0x000002752bfc5c50 ConcurrentGCThread "G1 Main Marker"            [id=12208, stack(0x000000da71400000,0x000000da71500000) (1024K)]
  0x000002752bfc6e00 WorkerThread "G1 Conc#0"                       [id=16120, stack(0x000000da71500000,0x000000da71600000) (1024K)]
  0x0000027549143e20 WorkerThread "G1 Conc#1"                       [id=20172, stack(0x000000da73500000,0x000000da73600000) (1024K)]
  0x00000275434d9a60 ConcurrentGCThread "G1 Refine#0"               [id=16196, stack(0x000000da71600000,0x000000da71700000) (1024K)]
  0x00000275434dd3a0 ConcurrentGCThread "G1 Service"                [id=19556, stack(0x000000da71700000,0x000000da71800000) (1024K)]
Total: 15

Threads with active compile tasks:
C2 CompilerThread0  127577 29509       4       org.gradle.internal.serialize.HierarchicalNameSerializer::readName (51 bytes)
C2 CompilerThread1  127577 29540       4       org.gradle.api.internal.tasks.compile.incremental.compilerapi.deps.DependentSetSerializer::read (198 bytes)
C2 CompilerThread2  127577 29511       4       org.gradle.internal.serialize.HierarchicalNameSerializer::readFirstOccurrenceOfName (60 bytes)
Total: 3

VM state: not at safepoint (normal execution)

VM Mutex/Monitor currently owned by a thread: None

Heap address: 0x0000000080000000, size: 2048 MB, Compressed Oops mode: 32-bit

CDS archive(s) not mapped
Compressed class space mapped at: 0x0000000100000000-0x0000000140000000, reserved size: 1073741824
Narrow klass base: 0x0000000000000000, Narrow klass shift: 3, Narrow klass range: 0x140000000

GC Precious Log:
 CardTable entry size: 512
 Card Set container configuration: InlinePtr #cards 5 size 8 Array Of Cards #cards 12 size 40 Howl #buckets 4 coarsen threshold 1843 Howl Bitmap #cards 512 size 80 coarsen threshold 460 Card regions per heap region 1 cards per card region 2048
 CPUs: 8 total, 8 available
 Memory: 7970M
 Large Page Support: Disabled
 NUMA Support: Disabled
 Compressed Oops: Enabled (32-bit)
 Heap Region Size: 1M
 Heap Min Capacity: 8M
 Heap Initial Capacity: 126M
 Heap Max Capacity: 2G
 Pre-touch: Disabled
 Parallel Workers: 8
 Concurrent Workers: 2
 Concurrent Refinement Workers: 8
 Periodic GC: Disabled

Heap:
 garbage-first heap   total 609280K, used 411136K [0x0000000080000000, 0x0000000100000000)
  region size 1024K, 108 young (110592K), 28 survivors (28672K)
 Metaspace       used 213879K, committed 216576K, reserved 1245184K
  class space    used 27965K, committed 29248K, reserved 1048576K

Heap Regions: E=young(eden), S=young(survivor), O=old, HS=humongous(starts), HC=humongous(continues), CS=collection set, F=free, TAMS=top-at-mark-start, PB=parsable bottom
|   0|0x0000000080000000, 0x0000000080100000, 0x0000000080100000|100%|HS|  |TAMS 0x0000000080000000| PB 0x0000000080000000| Complete 
|   1|0x0000000080100000, 0x0000000080200000, 0x0000000080200000|100%|HC|  |TAMS 0x0000000080100000| PB 0x0000000080100000| Complete 
|   2|0x0000000080200000, 0x0000000080300000, 0x0000000080300000|100%|HC|  |TAMS 0x0000000080200000| PB 0x0000000080200000| Complete 
|   3|0x0000000080300000, 0x0000000080400000, 0x0000000080400000|100%| O|  |TAMS 0x0000000080300000| PB 0x0000000080300000| Untracked 
|   4|0x0000000080400000, 0x0000000080500000, 0x0000000080500000|100%| O|  |TAMS 0x0000000080400000| PB 0x0000000080400000| Untracked 
|   5|0x0000000080500000, 0x0000000080600000, 0x0000000080600000|100%| O|  |TAMS 0x0000000080500000| PB 0x0000000080500000| Untracked 
|   6|0x0000000080600000, 0x0000000080700000, 0x0000000080700000|100%|HS|  |TAMS 0x0000000080600000| PB 0x0000000080600000| Complete 
|   7|0x0000000080700000, 0x0000000080800000, 0x0000000080800000|100%| O|  |TAMS 0x0000000080700000| PB 0x0000000080700000| Untracked 
|   8|0x0000000080800000, 0x0000000080900000, 0x0000000080900000|100%| O|  |TAMS 0x0000000080800000| PB 0x0000000080800000| Untracked 
|   9|0x0000000080900000, 0x0000000080a00000, 0x0000000080a00000|100%| O|  |TAMS 0x0000000080900000| PB 0x0000000080900000| Untracked 
|  10|0x0000000080a00000, 0x0000000080b00000, 0x0000000080b00000|100%| O|  |TAMS 0x0000000080a00000| PB 0x0000000080a00000| Untracked 
|  11|0x0000000080b00000, 0x0000000080c00000, 0x0000000080c00000|100%| O|  |TAMS 0x0000000080b00000| PB 0x0000000080b00000| Untracked 
|  12|0x0000000080c00000, 0x0000000080d00000, 0x0000000080d00000|100%| O|  |TAMS 0x0000000080c00000| PB 0x0000000080c00000| Untracked 
|  13|0x0000000080d00000, 0x0000000080e00000, 0x0000000080e00000|100%| O|  |TAMS 0x0000000080d00000| PB 0x0000000080d00000| Untracked 
|  14|0x0000000080e00000, 0x0000000080f00000, 0x0000000080f00000|100%| O|  |TAMS 0x0000000080e00000| PB 0x0000000080e00000| Untracked 
|  15|0x0000000080f00000, 0x0000000081000000, 0x0000000081000000|100%| O|  |TAMS 0x0000000080f00000| PB 0x0000000080f00000| Untracked 
|  16|0x0000000081000000, 0x0000000081100000, 0x0000000081100000|100%| O|  |TAMS 0x0000000081000000| PB 0x0000000081000000| Untracked 
|  17|0x0000000081100000, 0x0000000081200000, 0x0000000081200000|100%| O|  |TAMS 0x0000000081100000| PB 0x0000000081100000| Untracked 
|  18|0x0000000081200000, 0x0000000081300000, 0x0000000081300000|100%| O|  |TAMS 0x0000000081200000| PB 0x0000000081200000| Untracked 
|  19|0x0000000081300000, 0x0000000081400000, 0x0000000081400000|100%| O|  |TAMS 0x0000000081300000| PB 0x0000000081300000| Untracked 
|  20|0x0000000081400000, 0x0000000081500000, 0x0000000081500000|100%| O|  |TAMS 0x0000000081400000| PB 0x0000000081400000| Untracked 
|  21|0x0000000081500000, 0x0000000081600000, 0x0000000081600000|100%| O|  |TAMS 0x0000000081500000| PB 0x0000000081500000| Untracked 
|  22|0x0000000081600000, 0x0000000081700000, 0x0000000081700000|100%| O|  |TAMS 0x0000000081600000| PB 0x0000000081600000| Untracked 
|  23|0x0000000081700000, 0x0000000081800000, 0x0000000081800000|100%| O|  |TAMS 0x0000000081700000| PB 0x0000000081700000| Untracked 
|  24|0x0000000081800000, 0x0000000081900000, 0x0000000081900000|100%| O|  |TAMS 0x0000000081800000| PB 0x0000000081800000| Untracked 
|  25|0x0000000081900000, 0x0000000081a00000, 0x0000000081a00000|100%| O|  |TAMS 0x0000000081900000| PB 0x0000000081900000| Untracked 
|  26|0x0000000081a00000, 0x0000000081b00000, 0x0000000081b00000|100%| O|  |TAMS 0x0000000081a00000| PB 0x0000000081a00000| Untracked 
|  27|0x0000000081b00000, 0x0000000081c00000, 0x0000000081c00000|100%| O|  |TAMS 0x0000000081b00000| PB 0x0000000081b00000| Untracked 
|  28|0x0000000081c00000, 0x0000000081d00000, 0x0000000081d00000|100%| O|  |TAMS 0x0000000081c00000| PB 0x0000000081c00000| Untracked 
|  29|0x0000000081d00000, 0x0000000081e00000, 0x0000000081e00000|100%|HS|  |TAMS 0x0000000081d00000| PB 0x0000000081d00000| Complete 
|  30|0x0000000081e00000, 0x0000000081f00000, 0x0000000081f00000|100%|HC|  |TAMS 0x0000000081e00000| PB 0x0000000081e00000| Complete 
|  31|0x0000000081f00000, 0x0000000082000000, 0x0000000082000000|100%| O|  |TAMS 0x0000000081f00000| PB 0x0000000081f00000| Untracked 
|  32|0x0000000082000000, 0x0000000082100000, 0x0000000082100000|100%| O|  |TAMS 0x0000000082000000| PB 0x0000000082000000| Untracked 
|  33|0x0000000082100000, 0x0000000082200000, 0x0000000082200000|100%| O|  |TAMS 0x0000000082100000| PB 0x0000000082100000| Untracked 
|  34|0x0000000082200000, 0x0000000082300000, 0x0000000082300000|100%| O|  |TAMS 0x0000000082200000| PB 0x0000000082200000| Untracked 
|  35|0x0000000082300000, 0x0000000082400000, 0x0000000082400000|100%| O|  |TAMS 0x0000000082300000| PB 0x0000000082300000| Untracked 
|  36|0x0000000082400000, 0x0000000082500000, 0x0000000082500000|100%|HS|  |TAMS 0x0000000082400000| PB 0x0000000082400000| Complete 
|  37|0x0000000082500000, 0x0000000082600000, 0x0000000082600000|100%|HS|  |TAMS 0x0000000082500000| PB 0x0000000082500000| Complete 
|  38|0x0000000082600000, 0x0000000082700000, 0x0000000082700000|100%| O|  |TAMS 0x0000000082600000| PB 0x0000000082600000| Untracked 
|  39|0x0000000082700000, 0x0000000082800000, 0x0000000082800000|100%| O|  |TAMS 0x0000000082700000| PB 0x0000000082700000| Untracked 
|  40|0x0000000082800000, 0x0000000082900000, 0x0000000082900000|100%| O|  |TAMS 0x0000000082800000| PB 0x0000000082800000| Untracked 
|  41|0x0000000082900000, 0x0000000082a00000, 0x0000000082a00000|100%| O|  |TAMS 0x0000000082900000| PB 0x0000000082900000| Untracked 
|  42|0x0000000082a00000, 0x0000000082b00000, 0x0000000082b00000|100%| O|  |TAMS 0x0000000082a00000| PB 0x0000000082a00000| Untracked 
|  43|0x0000000082b00000, 0x0000000082c00000, 0x0000000082c00000|100%| O|  |TAMS 0x0000000082b00000| PB 0x0000000082b00000| Untracked 
|  44|0x0000000082c00000, 0x0000000082d00000, 0x0000000082d00000|100%| O|  |TAMS 0x0000000082c00000| PB 0x0000000082c00000| Untracked 
|  45|0x0000000082d00000, 0x0000000082e00000, 0x0000000082e00000|100%| O|  |TAMS 0x0000000082d00000| PB 0x0000000082d00000| Untracked 
|  46|0x0000000082e00000, 0x0000000082f00000, 0x0000000082f00000|100%| O|  |TAMS 0x0000000082e00000| PB 0x0000000082e00000| Untracked 
|  47|0x0000000082f00000, 0x0000000083000000, 0x0000000083000000|100%| O|  |TAMS 0x0000000082f00000| PB 0x0000000082f00000| Untracked 
|  48|0x0000000083000000, 0x0000000083100000, 0x0000000083100000|100%| O|  |TAMS 0x0000000083000000| PB 0x0000000083000000| Untracked 
|  49|0x0000000083100000, 0x0000000083200000, 0x0000000083200000|100%| O|  |TAMS 0x0000000083100000| PB 0x0000000083100000| Untracked 
|  50|0x0000000083200000, 0x0000000083300000, 0x0000000083300000|100%| O|  |TAMS 0x0000000083200000| PB 0x0000000083200000| Untracked 
|  51|0x0000000083300000, 0x0000000083400000, 0x0000000083400000|100%| O|  |TAMS 0x0000000083300000| PB 0x0000000083300000| Untracked 
|  52|0x0000000083400000, 0x0000000083500000, 0x0000000083500000|100%|HS|  |TAMS 0x0000000083400000| PB 0x0000000083400000| Complete 
|  53|0x0000000083500000, 0x0000000083600000, 0x0000000083600000|100%|HC|  |TAMS 0x0000000083500000| PB 0x0000000083500000| Complete 
|  54|0x0000000083600000, 0x0000000083700000, 0x0000000083700000|100%|HS|  |TAMS 0x0000000083600000| PB 0x0000000083600000| Complete 
|  55|0x0000000083700000, 0x0000000083800000, 0x0000000083800000|100%|HC|  |TAMS 0x0000000083700000| PB 0x0000000083700000| Complete 
|  56|0x0000000083800000, 0x0000000083900000, 0x0000000083900000|100%|HS|  |TAMS 0x0000000083800000| PB 0x0000000083800000| Complete 
|  57|0x0000000083900000, 0x0000000083a00000, 0x0000000083a00000|100%|HS|  |TAMS 0x0000000083900000| PB 0x0000000083900000| Complete 
|  58|0x0000000083a00000, 0x0000000083b00000, 0x0000000083b00000|100%| O|  |TAMS 0x0000000083a00000| PB 0x0000000083a00000| Untracked 
|  59|0x0000000083b00000, 0x0000000083c00000, 0x0000000083c00000|100%|HS|  |TAMS 0x0000000083b00000| PB 0x0000000083b00000| Complete 
|  60|0x0000000083c00000, 0x0000000083d00000, 0x0000000083d00000|100%|HS|  |TAMS 0x0000000083c00000| PB 0x0000000083c00000| Complete 
|  61|0x0000000083d00000, 0x0000000083e00000, 0x0000000083e00000|100%| O|  |TAMS 0x0000000083d00000| PB 0x0000000083d00000| Untracked 
|  62|0x0000000083e00000, 0x0000000083f00000, 0x0000000083f00000|100%| O|  |TAMS 0x0000000083e00000| PB 0x0000000083e00000| Untracked 
|  63|0x0000000083f00000, 0x0000000084000000, 0x0000000084000000|100%| O|  |TAMS 0x0000000083f00000| PB 0x0000000083f00000| Untracked 
|  64|0x0000000084000000, 0x0000000084100000, 0x0000000084100000|100%| O|  |TAMS 0x0000000084000000| PB 0x0000000084000000| Untracked 
|  65|0x0000000084100000, 0x0000000084200000, 0x0000000084200000|100%| O|  |TAMS 0x0000000084100000| PB 0x0000000084100000| Untracked 
|  66|0x0000000084200000, 0x0000000084300000, 0x0000000084300000|100%| O|  |TAMS 0x0000000084200000| PB 0x0000000084200000| Untracked 
|  67|0x0000000084300000, 0x0000000084400000, 0x0000000084400000|100%| O|  |TAMS 0x0000000084300000| PB 0x0000000084300000| Untracked 
|  68|0x0000000084400000, 0x0000000084500000, 0x0000000084500000|100%| O|  |TAMS 0x0000000084400000| PB 0x0000000084400000| Untracked 
|  69|0x0000000084500000, 0x0000000084600000, 0x0000000084600000|100%| O|  |TAMS 0x0000000084500000| PB 0x0000000084500000| Untracked 
|  70|0x0000000084600000, 0x0000000084700000, 0x0000000084700000|100%| O|  |TAMS 0x0000000084600000| PB 0x0000000084600000| Untracked 
|  71|0x0000000084700000, 0x0000000084800000, 0x0000000084800000|100%|HS|  |TAMS 0x0000000084700000| PB 0x0000000084700000| Complete 
|  72|0x0000000084800000, 0x0000000084900000, 0x0000000084900000|100%|HS|  |TAMS 0x0000000084800000| PB 0x0000000084800000| Complete 
|  73|0x0000000084900000, 0x0000000084a00000, 0x0000000084a00000|100%| O|  |TAMS 0x0000000084900000| PB 0x0000000084900000| Untracked 
|  74|0x0000000084a00000, 0x0000000084b00000, 0x0000000084b00000|100%| O|  |TAMS 0x0000000084a00000| PB 0x0000000084a00000| Untracked 
|  75|0x0000000084b00000, 0x0000000084c00000, 0x0000000084c00000|100%| O|  |TAMS 0x0000000084b00000| PB 0x0000000084b00000| Untracked 
|  76|0x0000000084c00000, 0x0000000084d00000, 0x0000000084d00000|100%| O|  |TAMS 0x0000000084c00000| PB 0x0000000084c00000| Untracked 
|  77|0x0000000084d00000, 0x0000000084e00000, 0x0000000084e00000|100%| O|  |TAMS 0x0000000084d00000| PB 0x0000000084d00000| Untracked 
|  78|0x0000000084e00000, 0x0000000084f00000, 0x0000000084f00000|100%| O|  |TAMS 0x0000000084e00000| PB 0x0000000084e00000| Untracked 
|  79|0x0000000084f00000, 0x0000000085000000, 0x0000000085000000|100%| O|  |TAMS 0x0000000084f00000| PB 0x0000000084f00000| Untracked 
|  80|0x0000000085000000, 0x0000000085100000, 0x0000000085100000|100%| O|  |TAMS 0x0000000085000000| PB 0x0000000085000000| Untracked 
|  81|0x0000000085100000, 0x0000000085200000, 0x0000000085200000|100%| O|  |TAMS 0x0000000085100000| PB 0x0000000085100000| Untracked 
|  82|0x0000000085200000, 0x0000000085300000, 0x0000000085300000|100%| O|  |TAMS 0x0000000085200000| PB 0x0000000085200000| Untracked 
|  83|0x0000000085300000, 0x0000000085400000, 0x0000000085400000|100%| O|  |TAMS 0x0000000085300000| PB 0x0000000085300000| Untracked 
|  84|0x0000000085400000, 0x0000000085500000, 0x0000000085500000|100%| O|  |TAMS 0x0000000085400000| PB 0x0000000085400000| Untracked 
|  85|0x0000000085500000, 0x0000000085600000, 0x0000000085600000|100%| O|  |TAMS 0x0000000085500000| PB 0x0000000085500000| Untracked 
|  86|0x0000000085600000, 0x0000000085700000, 0x0000000085700000|100%| O|  |TAMS 0x0000000085600000| PB 0x0000000085600000| Untracked 
|  87|0x0000000085700000, 0x0000000085800000, 0x0000000085800000|100%| O|  |TAMS 0x0000000085700000| PB 0x0000000085700000| Untracked 
|  88|0x0000000085800000, 0x0000000085900000, 0x0000000085900000|100%| O|  |TAMS 0x0000000085800000| PB 0x0000000085800000| Untracked 
|  89|0x0000000085900000, 0x0000000085a00000, 0x0000000085a00000|100%| O|  |TAMS 0x0000000085900000| PB 0x0000000085900000| Untracked 
|  90|0x0000000085a00000, 0x0000000085b00000, 0x0000000085b00000|100%| O|  |TAMS 0x0000000085a00000| PB 0x0000000085a00000| Untracked 
|  91|0x0000000085b00000, 0x0000000085c00000, 0x0000000085c00000|100%| O|  |TAMS 0x0000000085b00000| PB 0x0000000085b00000| Untracked 
|  92|0x0000000085c00000, 0x0000000085d00000, 0x0000000085d00000|100%| O|  |TAMS 0x0000000085c00000| PB 0x0000000085c00000| Untracked 
|  93|0x0000000085d00000, 0x0000000085e00000, 0x0000000085e00000|100%| O|  |TAMS 0x0000000085d00000| PB 0x0000000085d00000| Untracked 
|  94|0x0000000085e00000, 0x0000000085f00000, 0x0000000085f00000|100%| O|  |TAMS 0x0000000085e00000| PB 0x0000000085e00000| Untracked 
|  95|0x0000000085f00000, 0x0000000086000000, 0x0000000086000000|100%| O|  |TAMS 0x0000000085f00000| PB 0x0000000085f00000| Untracked 
|  96|0x0000000086000000, 0x0000000086100000, 0x0000000086100000|100%| O|  |TAMS 0x0000000086000000| PB 0x0000000086000000| Untracked 
|  97|0x0000000086100000, 0x0000000086200000, 0x0000000086200000|100%| O|  |TAMS 0x0000000086100000| PB 0x0000000086100000| Untracked 
|  98|0x0000000086200000, 0x0000000086300000, 0x0000000086300000|100%| O|  |TAMS 0x0000000086200000| PB 0x0000000086200000| Untracked 
|  99|0x0000000086300000, 0x0000000086400000, 0x0000000086400000|100%| O|  |TAMS 0x0000000086300000| PB 0x0000000086300000| Untracked 
| 100|0x0000000086400000, 0x0000000086500000, 0x0000000086500000|100%| O|  |TAMS 0x0000000086400000| PB 0x0000000086400000| Untracked 
| 101|0x0000000086500000, 0x0000000086600000, 0x0000000086600000|100%| O|  |TAMS 0x0000000086500000| PB 0x0000000086500000| Untracked 
| 102|0x0000000086600000, 0x0000000086700000, 0x0000000086700000|100%| O|  |TAMS 0x0000000086600000| PB 0x0000000086600000| Untracked 
| 103|0x0000000086700000, 0x0000000086800000, 0x0000000086800000|100%| O|  |TAMS 0x0000000086700000| PB 0x0000000086700000| Untracked 
| 104|0x0000000086800000, 0x0000000086900000, 0x0000000086900000|100%| O|  |TAMS 0x0000000086800000| PB 0x0000000086800000| Untracked 
| 105|0x0000000086900000, 0x0000000086a00000, 0x0000000086a00000|100%| O|  |TAMS 0x0000000086900000| PB 0x0000000086900000| Untracked 
| 106|0x0000000086a00000, 0x0000000086b00000, 0x0000000086b00000|100%| O|  |TAMS 0x0000000086a00000| PB 0x0000000086a00000| Untracked 
| 107|0x0000000086b00000, 0x0000000086c00000, 0x0000000086c00000|100%| O|  |TAMS 0x0000000086b00000| PB 0x0000000086b00000| Untracked 
| 108|0x0000000086c00000, 0x0000000086d00000, 0x0000000086d00000|100%| O|  |TAMS 0x0000000086c00000| PB 0x0000000086c00000| Untracked 
| 109|0x0000000086d00000, 0x0000000086e00000, 0x0000000086e00000|100%| O|  |TAMS 0x0000000086d00000| PB 0x0000000086d00000| Untracked 
| 110|0x0000000086e00000, 0x0000000086f00000, 0x0000000086f00000|100%| O|  |TAMS 0x0000000086e00000| PB 0x0000000086e00000| Untracked 
| 111|0x0000000086f00000, 0x0000000087000000, 0x0000000087000000|100%| O|  |TAMS 0x0000000086f00000| PB 0x0000000086f00000| Untracked 
| 112|0x0000000087000000, 0x0000000087100000, 0x0000000087100000|100%| O|  |TAMS 0x0000000087000000| PB 0x0000000087000000| Untracked 
| 113|0x0000000087100000, 0x0000000087200000, 0x0000000087200000|100%| O|  |TAMS 0x0000000087100000| PB 0x0000000087100000| Untracked 
| 114|0x0000000087200000, 0x0000000087300000, 0x0000000087300000|100%| O|  |TAMS 0x0000000087200000| PB 0x0000000087200000| Untracked 
| 115|0x0000000087300000, 0x0000000087400000, 0x0000000087400000|100%|HS|  |TAMS 0x0000000087300000| PB 0x0000000087300000| Complete 
| 116|0x0000000087400000, 0x0000000087500000, 0x0000000087500000|100%|HC|  |TAMS 0x0000000087400000| PB 0x0000000087400000| Complete 
| 117|0x0000000087500000, 0x0000000087600000, 0x0000000087600000|100%|HC|  |TAMS 0x0000000087500000| PB 0x0000000087500000| Complete 
| 118|0x0000000087600000, 0x0000000087700000, 0x0000000087700000|100%|HC|  |TAMS 0x0000000087600000| PB 0x0000000087600000| Complete 
| 119|0x0000000087700000, 0x0000000087800000, 0x0000000087800000|100%|HC|  |TAMS 0x0000000087700000| PB 0x0000000087700000| Complete 
| 120|0x0000000087800000, 0x0000000087900000, 0x0000000087900000|100%| O|  |TAMS 0x0000000087800000| PB 0x0000000087800000| Untracked 
| 121|0x0000000087900000, 0x0000000087a00000, 0x0000000087a00000|100%| O|  |TAMS 0x0000000087900000| PB 0x0000000087900000| Untracked 
| 122|0x0000000087a00000, 0x0000000087b00000, 0x0000000087b00000|100%| O|  |TAMS 0x0000000087a00000| PB 0x0000000087a00000| Untracked 
| 123|0x0000000087b00000, 0x0000000087c00000, 0x0000000087c00000|100%| O|  |TAMS 0x0000000087b00000| PB 0x0000000087b00000| Untracked 
| 124|0x0000000087c00000, 0x0000000087d00000, 0x0000000087d00000|100%| O|  |TAMS 0x0000000087c00000| PB 0x0000000087c00000| Untracked 
| 125|0x0000000087d00000, 0x0000000087e00000, 0x0000000087e00000|100%| O|  |TAMS 0x0000000087d00000| PB 0x0000000087d00000| Untracked 
| 126|0x0000000087e00000, 0x0000000087f00000, 0x0000000087f00000|100%| O|  |TAMS 0x0000000087e00000| PB 0x0000000087e00000| Untracked 
| 127|0x0000000087f00000, 0x0000000088000000, 0x0000000088000000|100%| O|  |TAMS 0x0000000087f00000| PB 0x0000000087f00000| Untracked 
| 128|0x0000000088000000, 0x0000000088100000, 0x0000000088100000|100%| O|  |TAMS 0x0000000088000000| PB 0x0000000088000000| Untracked 
| 129|0x0000000088100000, 0x0000000088200000, 0x0000000088200000|100%| O|  |TAMS 0x0000000088100000| PB 0x0000000088100000| Untracked 
| 130|0x0000000088200000, 0x0000000088300000, 0x0000000088300000|100%| O|  |TAMS 0x0000000088200000| PB 0x0000000088200000| Untracked 
| 131|0x0000000088300000, 0x0000000088400000, 0x0000000088400000|100%| O|  |TAMS 0x0000000088300000| PB 0x0000000088300000| Untracked 
| 132|0x0000000088400000, 0x0000000088500000, 0x0000000088500000|100%| O|  |TAMS 0x0000000088400000| PB 0x0000000088400000| Untracked 
| 133|0x0000000088500000, 0x0000000088600000, 0x0000000088600000|100%| O|  |TAMS 0x0000000088500000| PB 0x0000000088500000| Untracked 
| 134|0x0000000088600000, 0x0000000088700000, 0x0000000088700000|100%| O|  |TAMS 0x0000000088600000| PB 0x0000000088600000| Untracked 
| 135|0x0000000088700000, 0x0000000088800000, 0x0000000088800000|100%| O|  |TAMS 0x0000000088700000| PB 0x0000000088700000| Untracked 
| 136|0x0000000088800000, 0x0000000088800000, 0x0000000088900000|  0%| F|  |TAMS 0x0000000088800000| PB 0x0000000088800000| Untracked 
| 137|0x0000000088900000, 0x0000000088900000, 0x0000000088a00000|  0%| F|  |TAMS 0x0000000088900000| PB 0x0000000088900000| Untracked 
| 138|0x0000000088a00000, 0x0000000088b00000, 0x0000000088b00000|100%| O|  |TAMS 0x0000000088a00000| PB 0x0000000088a00000| Untracked 
| 139|0x0000000088b00000, 0x0000000088c00000, 0x0000000088c00000|100%| O|  |TAMS 0x0000000088b00000| PB 0x0000000088b00000| Untracked 
| 140|0x0000000088c00000, 0x0000000088d00000, 0x0000000088d00000|100%| O|  |TAMS 0x0000000088c00000| PB 0x0000000088c00000| Untracked 
| 141|0x0000000088d00000, 0x0000000088e00000, 0x0000000088e00000|100%| O|  |TAMS 0x0000000088d00000| PB 0x0000000088d00000| Untracked 
| 142|0x0000000088e00000, 0x0000000088f00000, 0x0000000088f00000|100%| O|  |TAMS 0x0000000088e00000| PB 0x0000000088e00000| Untracked 
| 143|0x0000000088f00000, 0x0000000089000000, 0x0000000089000000|100%| O|  |TAMS 0x0000000088f00000| PB 0x0000000088f00000| Untracked 
| 144|0x0000000089000000, 0x0000000089100000, 0x0000000089100000|100%| O|  |TAMS 0x0000000089000000| PB 0x0000000089000000| Untracked 
| 145|0x0000000089100000, 0x0000000089200000, 0x0000000089200000|100%| O|  |TAMS 0x0000000089100000| PB 0x0000000089100000| Untracked 
| 146|0x0000000089200000, 0x0000000089300000, 0x0000000089300000|100%| O|  |TAMS 0x0000000089200000| PB 0x0000000089200000| Untracked 
| 147|0x0000000089300000, 0x0000000089400000, 0x0000000089400000|100%| O|  |TAMS 0x0000000089300000| PB 0x0000000089300000| Untracked 
| 148|0x0000000089400000, 0x0000000089500000, 0x0000000089500000|100%| O|  |TAMS 0x0000000089400000| PB 0x0000000089400000| Untracked 
| 149|0x0000000089500000, 0x0000000089600000, 0x0000000089600000|100%| O|  |TAMS 0x0000000089500000| PB 0x0000000089500000| Untracked 
| 150|0x0000000089600000, 0x0000000089700000, 0x0000000089700000|100%| O|  |TAMS 0x0000000089600000| PB 0x0000000089600000| Untracked 
| 151|0x0000000089700000, 0x0000000089800000, 0x0000000089800000|100%| O|  |TAMS 0x0000000089700000| PB 0x0000000089700000| Untracked 
| 152|0x0000000089800000, 0x0000000089900000, 0x0000000089900000|100%| O|  |TAMS 0x0000000089800000| PB 0x0000000089800000| Untracked 
| 153|0x0000000089900000, 0x0000000089a00000, 0x0000000089a00000|100%| O|  |TAMS 0x0000000089900000| PB 0x0000000089900000| Untracked 
| 154|0x0000000089a00000, 0x0000000089b00000, 0x0000000089b00000|100%| O|  |TAMS 0x0000000089a00000| PB 0x0000000089a00000| Untracked 
| 155|0x0000000089b00000, 0x0000000089c00000, 0x0000000089c00000|100%| O|  |TAMS 0x0000000089b00000| PB 0x0000000089b00000| Untracked 
| 156|0x0000000089c00000, 0x0000000089d00000, 0x0000000089d00000|100%| O|  |TAMS 0x0000000089c00000| PB 0x0000000089c00000| Untracked 
| 157|0x0000000089d00000, 0x0000000089e00000, 0x0000000089e00000|100%| O|  |TAMS 0x0000000089d00000| PB 0x0000000089d00000| Untracked 
| 158|0x0000000089e00000, 0x0000000089f00000, 0x0000000089f00000|100%| O|  |TAMS 0x0000000089e00000| PB 0x0000000089e00000| Untracked 
| 159|0x0000000089f00000, 0x000000008a000000, 0x000000008a000000|100%| O|  |TAMS 0x0000000089f00000| PB 0x0000000089f00000| Untracked 
| 160|0x000000008a000000, 0x000000008a100000, 0x000000008a100000|100%| O|  |TAMS 0x000000008a000000| PB 0x000000008a000000| Untracked 
| 161|0x000000008a100000, 0x000000008a200000, 0x000000008a200000|100%| O|  |TAMS 0x000000008a100000| PB 0x000000008a100000| Untracked 
| 162|0x000000008a200000, 0x000000008a300000, 0x000000008a300000|100%| O|  |TAMS 0x000000008a200000| PB 0x000000008a200000| Untracked 
| 163|0x000000008a300000, 0x000000008a400000, 0x000000008a400000|100%| O|  |TAMS 0x000000008a300000| PB 0x000000008a300000| Untracked 
| 164|0x000000008a400000, 0x000000008a500000, 0x000000008a500000|100%| O|  |TAMS 0x000000008a400000| PB 0x000000008a400000| Untracked 
| 165|0x000000008a500000, 0x000000008a600000, 0x000000008a600000|100%| O|  |TAMS 0x000000008a500000| PB 0x000000008a500000| Untracked 
| 166|0x000000008a600000, 0x000000008a700000, 0x000000008a700000|100%| O|  |TAMS 0x000000008a600000| PB 0x000000008a600000| Untracked 
| 167|0x000000008a700000, 0x000000008a800000, 0x000000008a800000|100%| O|  |TAMS 0x000000008a700000| PB 0x000000008a700000| Untracked 
| 168|0x000000008a800000, 0x000000008a900000, 0x000000008a900000|100%| O|  |TAMS 0x000000008a800000| PB 0x000000008a800000| Untracked 
| 169|0x000000008a900000, 0x000000008aa00000, 0x000000008aa00000|100%| O|  |TAMS 0x000000008a900000| PB 0x000000008a900000| Untracked 
| 170|0x000000008aa00000, 0x000000008ab00000, 0x000000008ab00000|100%| O|  |TAMS 0x000000008aa00000| PB 0x000000008aa00000| Untracked 
| 171|0x000000008ab00000, 0x000000008ac00000, 0x000000008ac00000|100%| O|  |TAMS 0x000000008ab00000| PB 0x000000008ab00000| Untracked 
| 172|0x000000008ac00000, 0x000000008ad00000, 0x000000008ad00000|100%| O|  |TAMS 0x000000008ac00000| PB 0x000000008ac00000| Untracked 
| 173|0x000000008ad00000, 0x000000008ae00000, 0x000000008ae00000|100%| O|  |TAMS 0x000000008ad00000| PB 0x000000008ad00000| Untracked 
| 174|0x000000008ae00000, 0x000000008af00000, 0x000000008af00000|100%| O|  |TAMS 0x000000008ae00000| PB 0x000000008ae00000| Untracked 
| 175|0x000000008af00000, 0x000000008b000000, 0x000000008b000000|100%| O|  |TAMS 0x000000008af00000| PB 0x000000008af00000| Untracked 
| 176|0x000000008b000000, 0x000000008b100000, 0x000000008b100000|100%| O|  |TAMS 0x000000008b000000| PB 0x000000008b000000| Untracked 
| 177|0x000000008b100000, 0x000000008b200000, 0x000000008b200000|100%| O|  |TAMS 0x000000008b100000| PB 0x000000008b100000| Untracked 
| 178|0x000000008b200000, 0x000000008b300000, 0x000000008b300000|100%| O|  |TAMS 0x000000008b200000| PB 0x000000008b200000| Untracked 
| 179|0x000000008b300000, 0x000000008b400000, 0x000000008b400000|100%| O|  |TAMS 0x000000008b300000| PB 0x000000008b300000| Untracked 
| 180|0x000000008b400000, 0x000000008b500000, 0x000000008b500000|100%| O|  |TAMS 0x000000008b400000| PB 0x000000008b400000| Untracked 
| 181|0x000000008b500000, 0x000000008b600000, 0x000000008b600000|100%| O|  |TAMS 0x000000008b500000| PB 0x000000008b500000| Untracked 
| 182|0x000000008b600000, 0x000000008b700000, 0x000000008b700000|100%| O|  |TAMS 0x000000008b600000| PB 0x000000008b600000| Untracked 
| 183|0x000000008b700000, 0x000000008b800000, 0x000000008b800000|100%| O|  |TAMS 0x000000008b700000| PB 0x000000008b700000| Untracked 
| 184|0x000000008b800000, 0x000000008b900000, 0x000000008b900000|100%| O|  |TAMS 0x000000008b800000| PB 0x000000008b800000| Untracked 
| 185|0x000000008b900000, 0x000000008ba00000, 0x000000008ba00000|100%| O|  |TAMS 0x000000008b900000| PB 0x000000008b900000| Untracked 
| 186|0x000000008ba00000, 0x000000008bb00000, 0x000000008bb00000|100%| O|  |TAMS 0x000000008ba00000| PB 0x000000008ba00000| Untracked 
| 187|0x000000008bb00000, 0x000000008bc00000, 0x000000008bc00000|100%| O|  |TAMS 0x000000008bb00000| PB 0x000000008bb00000| Untracked 
| 188|0x000000008bc00000, 0x000000008bd00000, 0x000000008bd00000|100%| O|  |TAMS 0x000000008bc00000| PB 0x000000008bc00000| Untracked 
| 189|0x000000008bd00000, 0x000000008be00000, 0x000000008be00000|100%| O|  |TAMS 0x000000008bd00000| PB 0x000000008bd00000| Untracked 
| 190|0x000000008be00000, 0x000000008bf00000, 0x000000008bf00000|100%| O|  |TAMS 0x000000008be00000| PB 0x000000008be00000| Untracked 
| 191|0x000000008bf00000, 0x000000008c000000, 0x000000008c000000|100%| O|  |TAMS 0x000000008bf00000| PB 0x000000008bf00000| Untracked 
| 192|0x000000008c000000, 0x000000008c100000, 0x000000008c100000|100%| O|  |TAMS 0x000000008c000000| PB 0x000000008c000000| Untracked 
| 193|0x000000008c100000, 0x000000008c100000, 0x000000008c200000|  0%| F|  |TAMS 0x000000008c100000| PB 0x000000008c100000| Untracked 
| 194|0x000000008c200000, 0x000000008c300000, 0x000000008c300000|100%| O|  |TAMS 0x000000008c200000| PB 0x000000008c200000| Untracked 
| 195|0x000000008c300000, 0x000000008c400000, 0x000000008c400000|100%| O|  |TAMS 0x000000008c300000| PB 0x000000008c300000| Untracked 
| 196|0x000000008c400000, 0x000000008c500000, 0x000000008c500000|100%|HS|  |TAMS 0x000000008c400000| PB 0x000000008c400000| Complete 
| 197|0x000000008c500000, 0x000000008c600000, 0x000000008c600000|100%| O|  |TAMS 0x000000008c500000| PB 0x000000008c500000| Untracked 
| 198|0x000000008c600000, 0x000000008c700000, 0x000000008c700000|100%| O|  |TAMS 0x000000008c600000| PB 0x000000008c600000| Untracked 
| 199|0x000000008c700000, 0x000000008c800000, 0x000000008c800000|100%| O|  |TAMS 0x000000008c700000| PB 0x000000008c700000| Untracked 
| 200|0x000000008c800000, 0x000000008c900000, 0x000000008c900000|100%| O|  |TAMS 0x000000008c800000| PB 0x000000008c800000| Untracked 
| 201|0x000000008c900000, 0x000000008ca00000, 0x000000008ca00000|100%| O|  |TAMS 0x000000008c900000| PB 0x000000008c900000| Untracked 
| 202|0x000000008ca00000, 0x000000008cb00000, 0x000000008cb00000|100%| O|  |TAMS 0x000000008ca00000| PB 0x000000008ca00000| Untracked 
| 203|0x000000008cb00000, 0x000000008cc00000, 0x000000008cc00000|100%| O|  |TAMS 0x000000008cb00000| PB 0x000000008cb00000| Untracked 
| 204|0x000000008cc00000, 0x000000008cd00000, 0x000000008cd00000|100%| O|  |TAMS 0x000000008cc00000| PB 0x000000008cc00000| Untracked 
| 205|0x000000008cd00000, 0x000000008ce00000, 0x000000008ce00000|100%| O|  |TAMS 0x000000008cd00000| PB 0x000000008cd00000| Untracked 
| 206|0x000000008ce00000, 0x000000008cf00000, 0x000000008cf00000|100%| O|  |TAMS 0x000000008ce00000| PB 0x000000008ce00000| Untracked 
| 207|0x000000008cf00000, 0x000000008d000000, 0x000000008d000000|100%| O|  |TAMS 0x000000008cf00000| PB 0x000000008cf00000| Untracked 
| 208|0x000000008d000000, 0x000000008d100000, 0x000000008d100000|100%| O|  |TAMS 0x000000008d000000| PB 0x000000008d000000| Untracked 
| 209|0x000000008d100000, 0x000000008d200000, 0x000000008d200000|100%| O|  |TAMS 0x000000008d100000| PB 0x000000008d100000| Untracked 
| 210|0x000000008d200000, 0x000000008d300000, 0x000000008d300000|100%| O|  |TAMS 0x000000008d200000| PB 0x000000008d200000| Untracked 
| 211|0x000000008d300000, 0x000000008d400000, 0x000000008d400000|100%| O|  |TAMS 0x000000008d300000| PB 0x000000008d300000| Untracked 
| 212|0x000000008d400000, 0x000000008d500000, 0x000000008d500000|100%| O|  |TAMS 0x000000008d400000| PB 0x000000008d400000| Untracked 
| 213|0x000000008d500000, 0x000000008d600000, 0x000000008d600000|100%| O|  |TAMS 0x000000008d500000| PB 0x000000008d500000| Untracked 
| 214|0x000000008d600000, 0x000000008d700000, 0x000000008d700000|100%| O|  |TAMS 0x000000008d600000| PB 0x000000008d600000| Untracked 
| 215|0x000000008d700000, 0x000000008d800000, 0x000000008d800000|100%| O|  |TAMS 0x000000008d700000| PB 0x000000008d700000| Untracked 
| 216|0x000000008d800000, 0x000000008d900000, 0x000000008d900000|100%| O|  |TAMS 0x000000008d800000| PB 0x000000008d800000| Untracked 
| 217|0x000000008d900000, 0x000000008da00000, 0x000000008da00000|100%| O|  |TAMS 0x000000008d900000| PB 0x000000008d900000| Untracked 
| 218|0x000000008da00000, 0x000000008db00000, 0x000000008db00000|100%| O|  |TAMS 0x000000008da00000| PB 0x000000008da00000| Untracked 
| 219|0x000000008db00000, 0x000000008dc00000, 0x000000008dc00000|100%| O|  |TAMS 0x000000008db00000| PB 0x000000008db00000| Untracked 
| 220|0x000000008dc00000, 0x000000008dd00000, 0x000000008dd00000|100%| O|  |TAMS 0x000000008dc00000| PB 0x000000008dc00000| Untracked 
| 221|0x000000008dd00000, 0x000000008de00000, 0x000000008de00000|100%| O|  |TAMS 0x000000008dd00000| PB 0x000000008dd00000| Untracked 
| 222|0x000000008de00000, 0x000000008df00000, 0x000000008df00000|100%| O|  |TAMS 0x000000008de00000| PB 0x000000008de00000| Untracked 
| 223|0x000000008df00000, 0x000000008e000000, 0x000000008e000000|100%| O|  |TAMS 0x000000008df00000| PB 0x000000008df00000| Untracked 
| 224|0x000000008e000000, 0x000000008e100000, 0x000000008e100000|100%| O|  |TAMS 0x000000008e000000| PB 0x000000008e000000| Untracked 
| 225|0x000000008e100000, 0x000000008e200000, 0x000000008e200000|100%| O|  |TAMS 0x000000008e100000| PB 0x000000008e100000| Untracked 
| 226|0x000000008e200000, 0x000000008e300000, 0x000000008e300000|100%| O|  |TAMS 0x000000008e200000| PB 0x000000008e200000| Untracked 
| 227|0x000000008e300000, 0x000000008e400000, 0x000000008e400000|100%| O|  |TAMS 0x000000008e300000| PB 0x000000008e300000| Untracked 
| 228|0x000000008e400000, 0x000000008e500000, 0x000000008e500000|100%| O|  |TAMS 0x000000008e400000| PB 0x000000008e400000| Untracked 
| 229|0x000000008e500000, 0x000000008e600000, 0x000000008e600000|100%| O|  |TAMS 0x000000008e500000| PB 0x000000008e500000| Untracked 
| 230|0x000000008e600000, 0x000000008e700000, 0x000000008e700000|100%| O|  |TAMS 0x000000008e600000| PB 0x000000008e600000| Untracked 
| 231|0x000000008e700000, 0x000000008e800000, 0x000000008e800000|100%| O|  |TAMS 0x000000008e700000| PB 0x000000008e700000| Untracked 
| 232|0x000000008e800000, 0x000000008e900000, 0x000000008e900000|100%| O|  |TAMS 0x000000008e800000| PB 0x000000008e800000| Untracked 
| 233|0x000000008e900000, 0x000000008ea00000, 0x000000008ea00000|100%| O|  |TAMS 0x000000008e900000| PB 0x000000008e900000| Untracked 
| 234|0x000000008ea00000, 0x000000008eb00000, 0x000000008eb00000|100%| O|  |TAMS 0x000000008ea00000| PB 0x000000008ea00000| Untracked 
| 235|0x000000008eb00000, 0x000000008ec00000, 0x000000008ec00000|100%| O|  |TAMS 0x000000008eb00000| PB 0x000000008eb00000| Untracked 
| 236|0x000000008ec00000, 0x000000008ed00000, 0x000000008ed00000|100%| O|  |TAMS 0x000000008ec00000| PB 0x000000008ec00000| Untracked 
| 237|0x000000008ed00000, 0x000000008ee00000, 0x000000008ee00000|100%| O|  |TAMS 0x000000008ed00000| PB 0x000000008ed00000| Untracked 
| 238|0x000000008ee00000, 0x000000008ee80000, 0x000000008ef00000| 50%| O|  |TAMS 0x000000008ee00000| PB 0x000000008ee00000| Untracked 
| 239|0x000000008ef00000, 0x000000008ef00000, 0x000000008f000000|  0%| F|  |TAMS 0x000000008ef00000| PB 0x000000008ef00000| Untracked 
| 240|0x000000008f000000, 0x000000008f100000, 0x000000008f100000|100%| O|  |TAMS 0x000000008f000000| PB 0x000000008f000000| Untracked 
| 241|0x000000008f100000, 0x000000008f200000, 0x000000008f200000|100%| O|  |TAMS 0x000000008f100000| PB 0x000000008f100000| Untracked 
| 242|0x000000008f200000, 0x000000008f300000, 0x000000008f300000|100%| O|  |TAMS 0x000000008f200000| PB 0x000000008f200000| Untracked 
| 243|0x000000008f300000, 0x000000008f400000, 0x000000008f400000|100%| O|  |TAMS 0x000000008f300000| PB 0x000000008f300000| Untracked 
| 244|0x000000008f400000, 0x000000008f500000, 0x000000008f500000|100%| O|  |TAMS 0x000000008f400000| PB 0x000000008f400000| Untracked 
| 245|0x000000008f500000, 0x000000008f600000, 0x000000008f600000|100%| O|  |TAMS 0x000000008f500000| PB 0x000000008f500000| Untracked 
| 246|0x000000008f600000, 0x000000008f700000, 0x000000008f700000|100%| O|  |TAMS 0x000000008f600000| PB 0x000000008f600000| Untracked 
| 247|0x000000008f700000, 0x000000008f800000, 0x000000008f800000|100%| O|  |TAMS 0x000000008f700000| PB 0x000000008f700000| Untracked 
| 248|0x000000008f800000, 0x000000008f900000, 0x000000008f900000|100%| O|  |TAMS 0x000000008f800000| PB 0x000000008f800000| Untracked 
| 249|0x000000008f900000, 0x000000008fa00000, 0x000000008fa00000|100%| O|  |TAMS 0x000000008f900000| PB 0x000000008f900000| Untracked 
| 250|0x000000008fa00000, 0x000000008fb00000, 0x000000008fb00000|100%| O|  |TAMS 0x000000008fa00000| PB 0x000000008fa00000| Untracked 
| 251|0x000000008fb00000, 0x000000008fc00000, 0x000000008fc00000|100%| O|  |TAMS 0x000000008fb00000| PB 0x000000008fb00000| Untracked 
| 252|0x000000008fc00000, 0x000000008fd00000, 0x000000008fd00000|100%| O|  |TAMS 0x000000008fc00000| PB 0x000000008fc00000| Untracked 
| 253|0x000000008fd00000, 0x000000008fe00000, 0x000000008fe00000|100%| O|  |TAMS 0x000000008fd00000| PB 0x000000008fd00000| Untracked 
| 254|0x000000008fe00000, 0x000000008ff00000, 0x000000008ff00000|100%| O|  |TAMS 0x000000008fe00000| PB 0x000000008fe00000| Untracked 
| 255|0x000000008ff00000, 0x0000000090000000, 0x0000000090000000|100%| O|  |TAMS 0x000000008ff00000| PB 0x000000008ff00000| Untracked 
| 256|0x0000000090000000, 0x0000000090100000, 0x0000000090100000|100%| O|  |TAMS 0x0000000090000000| PB 0x0000000090000000| Untracked 
| 257|0x0000000090100000, 0x0000000090200000, 0x0000000090200000|100%| O|  |TAMS 0x0000000090100000| PB 0x0000000090100000| Untracked 
| 258|0x0000000090200000, 0x0000000090300000, 0x0000000090300000|100%| O|  |TAMS 0x0000000090200000| PB 0x0000000090200000| Untracked 
| 259|0x0000000090300000, 0x0000000090400000, 0x0000000090400000|100%| O|  |TAMS 0x0000000090300000| PB 0x0000000090300000| Untracked 
| 260|0x0000000090400000, 0x0000000090500000, 0x0000000090500000|100%| O|  |TAMS 0x0000000090400000| PB 0x0000000090400000| Untracked 
| 261|0x0000000090500000, 0x0000000090600000, 0x0000000090600000|100%| O|  |TAMS 0x0000000090500000| PB 0x0000000090500000| Untracked 
| 262|0x0000000090600000, 0x0000000090700000, 0x0000000090700000|100%| O|  |TAMS 0x0000000090600000| PB 0x0000000090600000| Untracked 
| 263|0x0000000090700000, 0x0000000090800000, 0x0000000090800000|100%| O|  |TAMS 0x0000000090700000| PB 0x0000000090700000| Untracked 
| 264|0x0000000090800000, 0x0000000090900000, 0x0000000090900000|100%| O|  |TAMS 0x0000000090800000| PB 0x0000000090800000| Untracked 
| 265|0x0000000090900000, 0x0000000090a00000, 0x0000000090a00000|100%| O|  |TAMS 0x0000000090900000| PB 0x0000000090900000| Untracked 
| 266|0x0000000090a00000, 0x0000000090b00000, 0x0000000090b00000|100%| O|  |TAMS 0x0000000090a00000| PB 0x0000000090a00000| Untracked 
| 267|0x0000000090b00000, 0x0000000090b00000, 0x0000000090c00000|  0%| F|  |TAMS 0x0000000090b00000| PB 0x0000000090b00000| Untracked 
| 268|0x0000000090c00000, 0x0000000090c00000, 0x0000000090d00000|  0%| F|  |TAMS 0x0000000090c00000| PB 0x0000000090c00000| Untracked 
| 269|0x0000000090d00000, 0x0000000090e00000, 0x0000000090e00000|100%|HS|  |TAMS 0x0000000090d00000| PB 0x0000000090d00000| Complete 
| 270|0x0000000090e00000, 0x0000000090f00000, 0x0000000090f00000|100%|HC|  |TAMS 0x0000000090e00000| PB 0x0000000090e00000| Complete 
| 271|0x0000000090f00000, 0x0000000091000000, 0x0000000091000000|100%|HS|  |TAMS 0x0000000090f00000| PB 0x0000000090f00000| Complete 
| 272|0x0000000091000000, 0x0000000091100000, 0x0000000091100000|100%|HC|  |TAMS 0x0000000091000000| PB 0x0000000091000000| Complete 
| 273|0x0000000091100000, 0x0000000091200000, 0x0000000091200000|100%|HS|  |TAMS 0x0000000091100000| PB 0x0000000091100000| Complete 
| 274|0x0000000091200000, 0x0000000091300000, 0x0000000091300000|100%|HC|  |TAMS 0x0000000091200000| PB 0x0000000091200000| Complete 
| 275|0x0000000091300000, 0x0000000091400000, 0x0000000091400000|100%|HS|  |TAMS 0x0000000091300000| PB 0x0000000091300000| Complete 
| 276|0x0000000091400000, 0x0000000091500000, 0x0000000091500000|100%|HC|  |TAMS 0x0000000091400000| PB 0x0000000091400000| Complete 
| 277|0x0000000091500000, 0x0000000091500000, 0x0000000091600000|  0%| F|  |TAMS 0x0000000091500000| PB 0x0000000091500000| Untracked 
| 278|0x0000000091600000, 0x0000000091600000, 0x0000000091700000|  0%| F|  |TAMS 0x0000000091600000| PB 0x0000000091600000| Untracked 
| 279|0x0000000091700000, 0x0000000091700000, 0x0000000091800000|  0%| F|  |TAMS 0x0000000091700000| PB 0x0000000091700000| Untracked 
| 280|0x0000000091800000, 0x0000000091800000, 0x0000000091900000|  0%| F|  |TAMS 0x0000000091800000| PB 0x0000000091800000| Untracked 
| 281|0x0000000091900000, 0x0000000091900000, 0x0000000091a00000|  0%| F|  |TAMS 0x0000000091900000| PB 0x0000000091900000| Untracked 
| 282|0x0000000091a00000, 0x0000000091a00000, 0x0000000091b00000|  0%| F|  |TAMS 0x0000000091a00000| PB 0x0000000091a00000| Untracked 
| 283|0x0000000091b00000, 0x0000000091b00000, 0x0000000091c00000|  0%| F|  |TAMS 0x0000000091b00000| PB 0x0000000091b00000| Untracked 
| 284|0x0000000091c00000, 0x0000000091c00000, 0x0000000091d00000|  0%| F|  |TAMS 0x0000000091c00000| PB 0x0000000091c00000| Untracked 
| 285|0x0000000091d00000, 0x0000000091d00000, 0x0000000091e00000|  0%| F|  |TAMS 0x0000000091d00000| PB 0x0000000091d00000| Untracked 
| 286|0x0000000091e00000, 0x0000000091e00000, 0x0000000091f00000|  0%| F|  |TAMS 0x0000000091e00000| PB 0x0000000091e00000| Untracked 
| 287|0x0000000091f00000, 0x0000000091f00000, 0x0000000092000000|  0%| F|  |TAMS 0x0000000091f00000| PB 0x0000000091f00000| Untracked 
| 288|0x0000000092000000, 0x0000000092000000, 0x0000000092100000|  0%| F|  |TAMS 0x0000000092000000| PB 0x0000000092000000| Untracked 
| 289|0x0000000092100000, 0x0000000092100000, 0x0000000092200000|  0%| F|  |TAMS 0x0000000092100000| PB 0x0000000092100000| Untracked 
| 290|0x0000000092200000, 0x0000000092200000, 0x0000000092300000|  0%| F|  |TAMS 0x0000000092200000| PB 0x0000000092200000| Untracked 
| 291|0x0000000092300000, 0x0000000092300000, 0x0000000092400000|  0%| F|  |TAMS 0x0000000092300000| PB 0x0000000092300000| Untracked 
| 292|0x0000000092400000, 0x0000000092400000, 0x0000000092500000|  0%| F|  |TAMS 0x0000000092400000| PB 0x0000000092400000| Untracked 
| 293|0x0000000092500000, 0x0000000092500000, 0x0000000092600000|  0%| F|  |TAMS 0x0000000092500000| PB 0x0000000092500000| Untracked 
| 294|0x0000000092600000, 0x0000000092600000, 0x0000000092700000|  0%| F|  |TAMS 0x0000000092600000| PB 0x0000000092600000| Untracked 
| 295|0x0000000092700000, 0x0000000092700000, 0x0000000092800000|  0%| F|  |TAMS 0x0000000092700000| PB 0x0000000092700000| Untracked 
| 296|0x0000000092800000, 0x0000000092800000, 0x0000000092900000|  0%| F|  |TAMS 0x0000000092800000| PB 0x0000000092800000| Untracked 
| 297|0x0000000092900000, 0x0000000092900000, 0x0000000092a00000|  0%| F|  |TAMS 0x0000000092900000| PB 0x0000000092900000| Untracked 
| 298|0x0000000092a00000, 0x0000000092a00000, 0x0000000092b00000|  0%| F|  |TAMS 0x0000000092a00000| PB 0x0000000092a00000| Untracked 
| 299|0x0000000092b00000, 0x0000000092b00000, 0x0000000092c00000|  0%| F|  |TAMS 0x0000000092b00000| PB 0x0000000092b00000| Untracked 
| 300|0x0000000092c00000, 0x0000000092c00000, 0x0000000092d00000|  0%| F|  |TAMS 0x0000000092c00000| PB 0x0000000092c00000| Untracked 
| 301|0x0000000092d00000, 0x0000000092d00000, 0x0000000092e00000|  0%| F|  |TAMS 0x0000000092d00000| PB 0x0000000092d00000| Untracked 
| 302|0x0000000092e00000, 0x0000000092e00000, 0x0000000092f00000|  0%| F|  |TAMS 0x0000000092e00000| PB 0x0000000092e00000| Untracked 
| 303|0x0000000092f00000, 0x0000000092f00000, 0x0000000093000000|  0%| F|  |TAMS 0x0000000092f00000| PB 0x0000000092f00000| Untracked 
| 304|0x0000000093000000, 0x0000000093000000, 0x0000000093100000|  0%| F|  |TAMS 0x0000000093000000| PB 0x0000000093000000| Untracked 
| 305|0x0000000093100000, 0x0000000093100000, 0x0000000093200000|  0%| F|  |TAMS 0x0000000093100000| PB 0x0000000093100000| Untracked 
| 306|0x0000000093200000, 0x0000000093200000, 0x0000000093300000|  0%| F|  |TAMS 0x0000000093200000| PB 0x0000000093200000| Untracked 
| 307|0x0000000093300000, 0x0000000093300000, 0x0000000093400000|  0%| F|  |TAMS 0x0000000093300000| PB 0x0000000093300000| Untracked 
| 308|0x0000000093400000, 0x0000000093400000, 0x0000000093500000|  0%| F|  |TAMS 0x0000000093400000| PB 0x0000000093400000| Untracked 
| 309|0x0000000093500000, 0x0000000093600000, 0x0000000093600000|100%| S|CS|TAMS 0x0000000093500000| PB 0x0000000093500000| Complete 
| 310|0x0000000093600000, 0x0000000093700000, 0x0000000093700000|100%| S|CS|TAMS 0x0000000093600000| PB 0x0000000093600000| Complete 
| 311|0x0000000093700000, 0x0000000093800000, 0x0000000093800000|100%| S|CS|TAMS 0x0000000093700000| PB 0x0000000093700000| Complete 
| 312|0x0000000093800000, 0x0000000093900000, 0x0000000093900000|100%| S|CS|TAMS 0x0000000093800000| PB 0x0000000093800000| Complete 
| 313|0x0000000093900000, 0x0000000093a00000, 0x0000000093a00000|100%| S|CS|TAMS 0x0000000093900000| PB 0x0000000093900000| Complete 
| 314|0x0000000093a00000, 0x0000000093b00000, 0x0000000093b00000|100%| S|CS|TAMS 0x0000000093a00000| PB 0x0000000093a00000| Complete 
| 315|0x0000000093b00000, 0x0000000093c00000, 0x0000000093c00000|100%| S|CS|TAMS 0x0000000093b00000| PB 0x0000000093b00000| Complete 
| 316|0x0000000093c00000, 0x0000000093d00000, 0x0000000093d00000|100%| S|CS|TAMS 0x0000000093c00000| PB 0x0000000093c00000| Complete 
| 317|0x0000000093d00000, 0x0000000093e00000, 0x0000000093e00000|100%| S|CS|TAMS 0x0000000093d00000| PB 0x0000000093d00000| Complete 
| 318|0x0000000093e00000, 0x0000000093f00000, 0x0000000093f00000|100%| S|CS|TAMS 0x0000000093e00000| PB 0x0000000093e00000| Complete 
| 319|0x0000000093f00000, 0x0000000094000000, 0x0000000094000000|100%| S|CS|TAMS 0x0000000093f00000| PB 0x0000000093f00000| Complete 
| 320|0x0000000094000000, 0x0000000094100000, 0x0000000094100000|100%| S|CS|TAMS 0x0000000094000000| PB 0x0000000094000000| Complete 
| 321|0x0000000094100000, 0x0000000094200000, 0x0000000094200000|100%| S|CS|TAMS 0x0000000094100000| PB 0x0000000094100000| Complete 
| 322|0x0000000094200000, 0x0000000094300000, 0x0000000094300000|100%| S|CS|TAMS 0x0000000094200000| PB 0x0000000094200000| Complete 
| 323|0x0000000094300000, 0x0000000094400000, 0x0000000094400000|100%| S|CS|TAMS 0x0000000094300000| PB 0x0000000094300000| Complete 
| 324|0x0000000094400000, 0x0000000094500000, 0x0000000094500000|100%| S|CS|TAMS 0x0000000094400000| PB 0x0000000094400000| Complete 
| 325|0x0000000094500000, 0x0000000094600000, 0x0000000094600000|100%| S|CS|TAMS 0x0000000094500000| PB 0x0000000094500000| Complete 
| 326|0x0000000094600000, 0x0000000094700000, 0x0000000094700000|100%| S|CS|TAMS 0x0000000094600000| PB 0x0000000094600000| Complete 
| 327|0x0000000094700000, 0x0000000094800000, 0x0000000094800000|100%| S|CS|TAMS 0x0000000094700000| PB 0x0000000094700000| Complete 
| 328|0x0000000094800000, 0x0000000094900000, 0x0000000094900000|100%| S|CS|TAMS 0x0000000094800000| PB 0x0000000094800000| Complete 
| 329|0x0000000094900000, 0x0000000094a00000, 0x0000000094a00000|100%| S|CS|TAMS 0x0000000094900000| PB 0x0000000094900000| Complete 
| 330|0x0000000094a00000, 0x0000000094b00000, 0x0000000094b00000|100%| S|CS|TAMS 0x0000000094a00000| PB 0x0000000094a00000| Complete 
| 331|0x0000000094b00000, 0x0000000094c00000, 0x0000000094c00000|100%| S|CS|TAMS 0x0000000094b00000| PB 0x0000000094b00000| Complete 
| 332|0x0000000094c00000, 0x0000000094d00000, 0x0000000094d00000|100%| S|CS|TAMS 0x0000000094c00000| PB 0x0000000094c00000| Complete 
| 333|0x0000000094d00000, 0x0000000094e00000, 0x0000000094e00000|100%| S|CS|TAMS 0x0000000094d00000| PB 0x0000000094d00000| Complete 
| 334|0x0000000094e00000, 0x0000000094f00000, 0x0000000094f00000|100%| S|CS|TAMS 0x0000000094e00000| PB 0x0000000094e00000| Complete 
| 335|0x0000000094f00000, 0x0000000095000000, 0x0000000095000000|100%| S|CS|TAMS 0x0000000094f00000| PB 0x0000000094f00000| Complete 
| 336|0x0000000095000000, 0x0000000095100000, 0x0000000095100000|100%| S|CS|TAMS 0x0000000095000000| PB 0x0000000095000000| Complete 
| 337|0x0000000095100000, 0x0000000095100000, 0x0000000095200000|  0%| F|  |TAMS 0x0000000095100000| PB 0x0000000095100000| Untracked 
| 338|0x0000000095200000, 0x0000000095200000, 0x0000000095300000|  0%| F|  |TAMS 0x0000000095200000| PB 0x0000000095200000| Untracked 
| 339|0x0000000095300000, 0x0000000095300000, 0x0000000095400000|  0%| F|  |TAMS 0x0000000095300000| PB 0x0000000095300000| Untracked 
| 340|0x0000000095400000, 0x0000000095400000, 0x0000000095500000|  0%| F|  |TAMS 0x0000000095400000| PB 0x0000000095400000| Untracked 
| 341|0x0000000095500000, 0x0000000095500000, 0x0000000095600000|  0%| F|  |TAMS 0x0000000095500000| PB 0x0000000095500000| Untracked 
| 342|0x0000000095600000, 0x0000000095600000, 0x0000000095700000|  0%| F|  |TAMS 0x0000000095600000| PB 0x0000000095600000| Untracked 
| 343|0x0000000095700000, 0x0000000095700000, 0x0000000095800000|  0%| F|  |TAMS 0x0000000095700000| PB 0x0000000095700000| Untracked 
| 344|0x0000000095800000, 0x0000000095800000, 0x0000000095900000|  0%| F|  |TAMS 0x0000000095800000| PB 0x0000000095800000| Untracked 
| 345|0x0000000095900000, 0x0000000095900000, 0x0000000095a00000|  0%| F|  |TAMS 0x0000000095900000| PB 0x0000000095900000| Untracked 
| 346|0x0000000095a00000, 0x0000000095a00000, 0x0000000095b00000|  0%| F|  |TAMS 0x0000000095a00000| PB 0x0000000095a00000| Untracked 
| 347|0x0000000095b00000, 0x0000000095b00000, 0x0000000095c00000|  0%| F|  |TAMS 0x0000000095b00000| PB 0x0000000095b00000| Untracked 
| 348|0x0000000095c00000, 0x0000000095c00000, 0x0000000095d00000|  0%| F|  |TAMS 0x0000000095c00000| PB 0x0000000095c00000| Untracked 
| 349|0x0000000095d00000, 0x0000000095d00000, 0x0000000095e00000|  0%| F|  |TAMS 0x0000000095d00000| PB 0x0000000095d00000| Untracked 
| 350|0x0000000095e00000, 0x0000000095e00000, 0x0000000095f00000|  0%| F|  |TAMS 0x0000000095e00000| PB 0x0000000095e00000| Untracked 
| 351|0x0000000095f00000, 0x0000000095f00000, 0x0000000096000000|  0%| F|  |TAMS 0x0000000095f00000| PB 0x0000000095f00000| Untracked 
| 352|0x0000000096000000, 0x0000000096000000, 0x0000000096100000|  0%| F|  |TAMS 0x0000000096000000| PB 0x0000000096000000| Untracked 
| 353|0x0000000096100000, 0x0000000096100000, 0x0000000096200000|  0%| F|  |TAMS 0x0000000096100000| PB 0x0000000096100000| Untracked 
| 354|0x0000000096200000, 0x0000000096200000, 0x0000000096300000|  0%| F|  |TAMS 0x0000000096200000| PB 0x0000000096200000| Untracked 
| 355|0x0000000096300000, 0x0000000096300000, 0x0000000096400000|  0%| F|  |TAMS 0x0000000096300000| PB 0x0000000096300000| Untracked 
| 356|0x0000000096400000, 0x0000000096400000, 0x0000000096500000|  0%| F|  |TAMS 0x0000000096400000| PB 0x0000000096400000| Untracked 
| 357|0x0000000096500000, 0x0000000096500000, 0x0000000096600000|  0%| F|  |TAMS 0x0000000096500000| PB 0x0000000096500000| Untracked 
| 358|0x0000000096600000, 0x0000000096600000, 0x0000000096700000|  0%| F|  |TAMS 0x0000000096600000| PB 0x0000000096600000| Untracked 
| 359|0x0000000096700000, 0x0000000096700000, 0x0000000096800000|  0%| F|  |TAMS 0x0000000096700000| PB 0x0000000096700000| Untracked 
| 360|0x0000000096800000, 0x0000000096800000, 0x0000000096900000|  0%| F|  |TAMS 0x0000000096800000| PB 0x0000000096800000| Untracked 
| 361|0x0000000096900000, 0x0000000096900000, 0x0000000096a00000|  0%| F|  |TAMS 0x0000000096900000| PB 0x0000000096900000| Untracked 
| 362|0x0000000096a00000, 0x0000000096a00000, 0x0000000096b00000|  0%| F|  |TAMS 0x0000000096a00000| PB 0x0000000096a00000| Untracked 
| 363|0x0000000096b00000, 0x0000000096b00000, 0x0000000096c00000|  0%| F|  |TAMS 0x0000000096b00000| PB 0x0000000096b00000| Untracked 
| 364|0x0000000096c00000, 0x0000000096c00000, 0x0000000096d00000|  0%| F|  |TAMS 0x0000000096c00000| PB 0x0000000096c00000| Untracked 
| 365|0x0000000096d00000, 0x0000000096d00000, 0x0000000096e00000|  0%| F|  |TAMS 0x0000000096d00000| PB 0x0000000096d00000| Untracked 
| 366|0x0000000096e00000, 0x0000000096e00000, 0x0000000096f00000|  0%| F|  |TAMS 0x0000000096e00000| PB 0x0000000096e00000| Untracked 
| 367|0x0000000096f00000, 0x0000000096f00000, 0x0000000097000000|  0%| F|  |TAMS 0x0000000096f00000| PB 0x0000000096f00000| Untracked 
| 368|0x0000000097000000, 0x0000000097000000, 0x0000000097100000|  0%| F|  |TAMS 0x0000000097000000| PB 0x0000000097000000| Untracked 
| 369|0x0000000097100000, 0x0000000097100000, 0x0000000097200000|  0%| F|  |TAMS 0x0000000097100000| PB 0x0000000097100000| Untracked 
| 370|0x0000000097200000, 0x0000000097200000, 0x0000000097300000|  0%| F|  |TAMS 0x0000000097200000| PB 0x0000000097200000| Untracked 
| 371|0x0000000097300000, 0x0000000097300000, 0x0000000097400000|  0%| F|  |TAMS 0x0000000097300000| PB 0x0000000097300000| Untracked 
| 372|0x0000000097400000, 0x0000000097400000, 0x0000000097500000|  0%| F|  |TAMS 0x0000000097400000| PB 0x0000000097400000| Untracked 
| 373|0x0000000097500000, 0x0000000097500000, 0x0000000097600000|  0%| F|  |TAMS 0x0000000097500000| PB 0x0000000097500000| Untracked 
| 374|0x0000000097600000, 0x0000000097600000, 0x0000000097700000|  0%| F|  |TAMS 0x0000000097600000| PB 0x0000000097600000| Untracked 
| 375|0x0000000097700000, 0x0000000097700000, 0x0000000097800000|  0%| F|  |TAMS 0x0000000097700000| PB 0x0000000097700000| Untracked 
| 376|0x0000000097800000, 0x0000000097800000, 0x0000000097900000|  0%| F|  |TAMS 0x0000000097800000| PB 0x0000000097800000| Untracked 
| 377|0x0000000097900000, 0x0000000097900000, 0x0000000097a00000|  0%| F|  |TAMS 0x0000000097900000| PB 0x0000000097900000| Untracked 
| 378|0x0000000097a00000, 0x0000000097a00000, 0x0000000097b00000|  0%| F|  |TAMS 0x0000000097a00000| PB 0x0000000097a00000| Untracked 
| 379|0x0000000097b00000, 0x0000000097b00000, 0x0000000097c00000|  0%| F|  |TAMS 0x0000000097b00000| PB 0x0000000097b00000| Untracked 
| 380|0x0000000097c00000, 0x0000000097c00000, 0x0000000097d00000|  0%| F|  |TAMS 0x0000000097c00000| PB 0x0000000097c00000| Untracked 
| 381|0x0000000097d00000, 0x0000000097d00000, 0x0000000097e00000|  0%| F|  |TAMS 0x0000000097d00000| PB 0x0000000097d00000| Untracked 
| 382|0x0000000097e00000, 0x0000000097e00000, 0x0000000097f00000|  0%| F|  |TAMS 0x0000000097e00000| PB 0x0000000097e00000| Untracked 
| 383|0x0000000097f00000, 0x0000000097f00000, 0x0000000098000000|  0%| F|  |TAMS 0x0000000097f00000| PB 0x0000000097f00000| Untracked 
| 384|0x0000000098000000, 0x0000000098000000, 0x0000000098100000|  0%| F|  |TAMS 0x0000000098000000| PB 0x0000000098000000| Untracked 
| 385|0x0000000098100000, 0x0000000098100000, 0x0000000098200000|  0%| F|  |TAMS 0x0000000098100000| PB 0x0000000098100000| Untracked 
| 386|0x0000000098200000, 0x0000000098200000, 0x0000000098300000|  0%| F|  |TAMS 0x0000000098200000| PB 0x0000000098200000| Untracked 
| 387|0x0000000098300000, 0x0000000098300000, 0x0000000098400000|  0%| F|  |TAMS 0x0000000098300000| PB 0x0000000098300000| Untracked 
| 388|0x0000000098400000, 0x0000000098400000, 0x0000000098500000|  0%| F|  |TAMS 0x0000000098400000| PB 0x0000000098400000| Untracked 
| 389|0x0000000098500000, 0x0000000098500000, 0x0000000098600000|  0%| F|  |TAMS 0x0000000098500000| PB 0x0000000098500000| Untracked 
| 390|0x0000000098600000, 0x0000000098600000, 0x0000000098700000|  0%| F|  |TAMS 0x0000000098600000| PB 0x0000000098600000| Untracked 
| 391|0x0000000098700000, 0x0000000098700000, 0x0000000098800000|  0%| F|  |TAMS 0x0000000098700000| PB 0x0000000098700000| Untracked 
| 392|0x0000000098800000, 0x0000000098800000, 0x0000000098900000|  0%| F|  |TAMS 0x0000000098800000| PB 0x0000000098800000| Untracked 
| 393|0x0000000098900000, 0x0000000098900000, 0x0000000098a00000|  0%| F|  |TAMS 0x0000000098900000| PB 0x0000000098900000| Untracked 
| 394|0x0000000098a00000, 0x0000000098a00000, 0x0000000098b00000|  0%| F|  |TAMS 0x0000000098a00000| PB 0x0000000098a00000| Untracked 
| 395|0x0000000098b00000, 0x0000000098b00000, 0x0000000098c00000|  0%| F|  |TAMS 0x0000000098b00000| PB 0x0000000098b00000| Untracked 
| 396|0x0000000098c00000, 0x0000000098c00000, 0x0000000098d00000|  0%| F|  |TAMS 0x0000000098c00000| PB 0x0000000098c00000| Untracked 
| 397|0x0000000098d00000, 0x0000000098d00000, 0x0000000098e00000|  0%| F|  |TAMS 0x0000000098d00000| PB 0x0000000098d00000| Untracked 
| 398|0x0000000098e00000, 0x0000000098e00000, 0x0000000098f00000|  0%| F|  |TAMS 0x0000000098e00000| PB 0x0000000098e00000| Untracked 
| 399|0x0000000098f00000, 0x0000000098f00000, 0x0000000099000000|  0%| F|  |TAMS 0x0000000098f00000| PB 0x0000000098f00000| Untracked 
| 400|0x0000000099000000, 0x0000000099000000, 0x0000000099100000|  0%| F|  |TAMS 0x0000000099000000| PB 0x0000000099000000| Untracked 
| 401|0x0000000099100000, 0x0000000099100000, 0x0000000099200000|  0%| F|  |TAMS 0x0000000099100000| PB 0x0000000099100000| Untracked 
| 402|0x0000000099200000, 0x0000000099200000, 0x0000000099300000|  0%| F|  |TAMS 0x0000000099200000| PB 0x0000000099200000| Untracked 
| 403|0x0000000099300000, 0x0000000099300000, 0x0000000099400000|  0%| F|  |TAMS 0x0000000099300000| PB 0x0000000099300000| Untracked 
| 404|0x0000000099400000, 0x0000000099400000, 0x0000000099500000|  0%| F|  |TAMS 0x0000000099400000| PB 0x0000000099400000| Untracked 
| 405|0x0000000099500000, 0x0000000099500000, 0x0000000099600000|  0%| F|  |TAMS 0x0000000099500000| PB 0x0000000099500000| Untracked 
| 406|0x0000000099600000, 0x0000000099600000, 0x0000000099700000|  0%| F|  |TAMS 0x0000000099600000| PB 0x0000000099600000| Untracked 
| 407|0x0000000099700000, 0x0000000099700000, 0x0000000099800000|  0%| F|  |TAMS 0x0000000099700000| PB 0x0000000099700000| Untracked 
| 408|0x0000000099800000, 0x0000000099800000, 0x0000000099900000|  0%| F|  |TAMS 0x0000000099800000| PB 0x0000000099800000| Untracked 
| 409|0x0000000099900000, 0x0000000099900000, 0x0000000099a00000|  0%| F|  |TAMS 0x0000000099900000| PB 0x0000000099900000| Untracked 
| 410|0x0000000099a00000, 0x0000000099a00000, 0x0000000099b00000|  0%| F|  |TAMS 0x0000000099a00000| PB 0x0000000099a00000| Untracked 
| 411|0x0000000099b00000, 0x0000000099b00000, 0x0000000099c00000|  0%| F|  |TAMS 0x0000000099b00000| PB 0x0000000099b00000| Untracked 
| 412|0x0000000099c00000, 0x0000000099c00000, 0x0000000099d00000|  0%| F|  |TAMS 0x0000000099c00000| PB 0x0000000099c00000| Untracked 
| 413|0x0000000099d00000, 0x0000000099d00000, 0x0000000099e00000|  0%| F|  |TAMS 0x0000000099d00000| PB 0x0000000099d00000| Untracked 
| 414|0x0000000099e00000, 0x0000000099e00000, 0x0000000099f00000|  0%| F|  |TAMS 0x0000000099e00000| PB 0x0000000099e00000| Untracked 
| 415|0x0000000099f00000, 0x0000000099f00000, 0x000000009a000000|  0%| F|  |TAMS 0x0000000099f00000| PB 0x0000000099f00000| Untracked 
| 416|0x000000009a000000, 0x000000009a000000, 0x000000009a100000|  0%| F|  |TAMS 0x000000009a000000| PB 0x000000009a000000| Untracked 
| 417|0x000000009a100000, 0x000000009a100000, 0x000000009a200000|  0%| F|  |TAMS 0x000000009a100000| PB 0x000000009a100000| Untracked 
| 418|0x000000009a200000, 0x000000009a200000, 0x000000009a300000|  0%| F|  |TAMS 0x000000009a200000| PB 0x000000009a200000| Untracked 
| 419|0x000000009a300000, 0x000000009a300000, 0x000000009a400000|  0%| F|  |TAMS 0x000000009a300000| PB 0x000000009a300000| Untracked 
| 420|0x000000009a400000, 0x000000009a400000, 0x000000009a500000|  0%| F|  |TAMS 0x000000009a400000| PB 0x000000009a400000| Untracked 
| 421|0x000000009a500000, 0x000000009a500000, 0x000000009a600000|  0%| F|  |TAMS 0x000000009a500000| PB 0x000000009a500000| Untracked 
| 422|0x000000009a600000, 0x000000009a600000, 0x000000009a700000|  0%| F|  |TAMS 0x000000009a600000| PB 0x000000009a600000| Untracked 
| 423|0x000000009a700000, 0x000000009a700000, 0x000000009a800000|  0%| F|  |TAMS 0x000000009a700000| PB 0x000000009a700000| Untracked 
| 424|0x000000009a800000, 0x000000009a800000, 0x000000009a900000|  0%| F|  |TAMS 0x000000009a800000| PB 0x000000009a800000| Untracked 
| 425|0x000000009a900000, 0x000000009a900000, 0x000000009aa00000|  0%| F|  |TAMS 0x000000009a900000| PB 0x000000009a900000| Untracked 
| 426|0x000000009aa00000, 0x000000009aa00000, 0x000000009ab00000|  0%| F|  |TAMS 0x000000009aa00000| PB 0x000000009aa00000| Untracked 
| 427|0x000000009ab00000, 0x000000009ab00000, 0x000000009ac00000|  0%| F|  |TAMS 0x000000009ab00000| PB 0x000000009ab00000| Untracked 
| 428|0x000000009ac00000, 0x000000009ac00000, 0x000000009ad00000|  0%| F|  |TAMS 0x000000009ac00000| PB 0x000000009ac00000| Untracked 
| 429|0x000000009ad00000, 0x000000009ad00000, 0x000000009ae00000|  0%| F|  |TAMS 0x000000009ad00000| PB 0x000000009ad00000| Untracked 
| 430|0x000000009ae00000, 0x000000009ae00000, 0x000000009af00000|  0%| F|  |TAMS 0x000000009ae00000| PB 0x000000009ae00000| Untracked 
| 431|0x000000009af00000, 0x000000009af00000, 0x000000009b000000|  0%| F|  |TAMS 0x000000009af00000| PB 0x000000009af00000| Untracked 
| 432|0x000000009b000000, 0x000000009b000000, 0x000000009b100000|  0%| F|  |TAMS 0x000000009b000000| PB 0x000000009b000000| Untracked 
| 433|0x000000009b100000, 0x000000009b100000, 0x000000009b200000|  0%| F|  |TAMS 0x000000009b100000| PB 0x000000009b100000| Untracked 
| 434|0x000000009b200000, 0x000000009b200000, 0x000000009b300000|  0%| F|  |TAMS 0x000000009b200000| PB 0x000000009b200000| Untracked 
| 435|0x000000009b300000, 0x000000009b300000, 0x000000009b400000|  0%| F|  |TAMS 0x000000009b300000| PB 0x000000009b300000| Untracked 
| 436|0x000000009b400000, 0x000000009b400000, 0x000000009b500000|  0%| F|  |TAMS 0x000000009b400000| PB 0x000000009b400000| Untracked 
| 437|0x000000009b500000, 0x000000009b500000, 0x000000009b600000|  0%| F|  |TAMS 0x000000009b500000| PB 0x000000009b500000| Untracked 
| 438|0x000000009b600000, 0x000000009b600000, 0x000000009b700000|  0%| F|  |TAMS 0x000000009b600000| PB 0x000000009b600000| Untracked 
| 439|0x000000009b700000, 0x000000009b700000, 0x000000009b800000|  0%| F|  |TAMS 0x000000009b700000| PB 0x000000009b700000| Untracked 
| 440|0x000000009b800000, 0x000000009b800000, 0x000000009b900000|  0%| F|  |TAMS 0x000000009b800000| PB 0x000000009b800000| Untracked 
| 441|0x000000009b900000, 0x000000009b900000, 0x000000009ba00000|  0%| F|  |TAMS 0x000000009b900000| PB 0x000000009b900000| Untracked 
| 442|0x000000009ba00000, 0x000000009ba00000, 0x000000009bb00000|  0%| F|  |TAMS 0x000000009ba00000| PB 0x000000009ba00000| Untracked 
| 443|0x000000009bb00000, 0x000000009bb00000, 0x000000009bc00000|  0%| F|  |TAMS 0x000000009bb00000| PB 0x000000009bb00000| Untracked 
| 444|0x000000009bc00000, 0x000000009bc00000, 0x000000009bd00000|  0%| F|  |TAMS 0x000000009bc00000| PB 0x000000009bc00000| Untracked 
| 445|0x000000009bd00000, 0x000000009bd00000, 0x000000009be00000|  0%| F|  |TAMS 0x000000009bd00000| PB 0x000000009bd00000| Untracked 
| 446|0x000000009be00000, 0x000000009be00000, 0x000000009bf00000|  0%| F|  |TAMS 0x000000009be00000| PB 0x000000009be00000| Untracked 
| 447|0x000000009bf00000, 0x000000009bf00000, 0x000000009c000000|  0%| F|  |TAMS 0x000000009bf00000| PB 0x000000009bf00000| Untracked 
| 448|0x000000009c000000, 0x000000009c000000, 0x000000009c100000|  0%| F|  |TAMS 0x000000009c000000| PB 0x000000009c000000| Untracked 
| 449|0x000000009c100000, 0x000000009c100000, 0x000000009c200000|  0%| F|  |TAMS 0x000000009c100000| PB 0x000000009c100000| Untracked 
| 450|0x000000009c200000, 0x000000009c200000, 0x000000009c300000|  0%| F|  |TAMS 0x000000009c200000| PB 0x000000009c200000| Untracked 
| 451|0x000000009c300000, 0x000000009c300000, 0x000000009c400000|  0%| F|  |TAMS 0x000000009c300000| PB 0x000000009c300000| Untracked 
| 452|0x000000009c400000, 0x000000009c400000, 0x000000009c500000|  0%| F|  |TAMS 0x000000009c400000| PB 0x000000009c400000| Untracked 
| 453|0x000000009c500000, 0x000000009c500000, 0x000000009c600000|  0%| F|  |TAMS 0x000000009c500000| PB 0x000000009c500000| Untracked 
| 454|0x000000009c600000, 0x000000009c600000, 0x000000009c700000|  0%| F|  |TAMS 0x000000009c600000| PB 0x000000009c600000| Untracked 
| 455|0x000000009c700000, 0x000000009c700000, 0x000000009c800000|  0%| F|  |TAMS 0x000000009c700000| PB 0x000000009c700000| Untracked 
| 456|0x000000009c800000, 0x000000009c800000, 0x000000009c900000|  0%| F|  |TAMS 0x000000009c800000| PB 0x000000009c800000| Untracked 
| 457|0x000000009c900000, 0x000000009c900000, 0x000000009ca00000|  0%| F|  |TAMS 0x000000009c900000| PB 0x000000009c900000| Untracked 
| 458|0x000000009ca00000, 0x000000009ca00000, 0x000000009cb00000|  0%| F|  |TAMS 0x000000009ca00000| PB 0x000000009ca00000| Untracked 
| 459|0x000000009cb00000, 0x000000009cb00000, 0x000000009cc00000|  0%| F|  |TAMS 0x000000009cb00000| PB 0x000000009cb00000| Untracked 
| 460|0x000000009cc00000, 0x000000009cc00000, 0x000000009cd00000|  0%| F|  |TAMS 0x000000009cc00000| PB 0x000000009cc00000| Untracked 
| 461|0x000000009cd00000, 0x000000009cd00000, 0x000000009ce00000|  0%| F|  |TAMS 0x000000009cd00000| PB 0x000000009cd00000| Untracked 
| 462|0x000000009ce00000, 0x000000009ce00000, 0x000000009cf00000|  0%| F|  |TAMS 0x000000009ce00000| PB 0x000000009ce00000| Untracked 
| 463|0x000000009cf00000, 0x000000009cf00000, 0x000000009d000000|  0%| F|  |TAMS 0x000000009cf00000| PB 0x000000009cf00000| Untracked 
| 464|0x000000009d000000, 0x000000009d000000, 0x000000009d100000|  0%| F|  |TAMS 0x000000009d000000| PB 0x000000009d000000| Untracked 
| 465|0x000000009d100000, 0x000000009d100000, 0x000000009d200000|  0%| F|  |TAMS 0x000000009d100000| PB 0x000000009d100000| Untracked 
| 466|0x000000009d200000, 0x000000009d200000, 0x000000009d300000|  0%| F|  |TAMS 0x000000009d200000| PB 0x000000009d200000| Untracked 
| 467|0x000000009d300000, 0x000000009d300000, 0x000000009d400000|  0%| F|  |TAMS 0x000000009d300000| PB 0x000000009d300000| Untracked 
| 468|0x000000009d400000, 0x000000009d400000, 0x000000009d500000|  0%| F|  |TAMS 0x000000009d400000| PB 0x000000009d400000| Untracked 
| 469|0x000000009d500000, 0x000000009d500000, 0x000000009d600000|  0%| F|  |TAMS 0x000000009d500000| PB 0x000000009d500000| Untracked 
| 470|0x000000009d600000, 0x000000009d600000, 0x000000009d700000|  0%| F|  |TAMS 0x000000009d600000| PB 0x000000009d600000| Untracked 
| 471|0x000000009d700000, 0x000000009d700000, 0x000000009d800000|  0%| F|  |TAMS 0x000000009d700000| PB 0x000000009d700000| Untracked 
| 472|0x000000009d800000, 0x000000009d800000, 0x000000009d900000|  0%| F|  |TAMS 0x000000009d800000| PB 0x000000009d800000| Untracked 
| 473|0x000000009d900000, 0x000000009d900000, 0x000000009da00000|  0%| F|  |TAMS 0x000000009d900000| PB 0x000000009d900000| Untracked 
| 474|0x000000009da00000, 0x000000009da00000, 0x000000009db00000|  0%| F|  |TAMS 0x000000009da00000| PB 0x000000009da00000| Untracked 
| 475|0x000000009db00000, 0x000000009db00000, 0x000000009dc00000|  0%| F|  |TAMS 0x000000009db00000| PB 0x000000009db00000| Untracked 
| 476|0x000000009dc00000, 0x000000009dc00000, 0x000000009dd00000|  0%| F|  |TAMS 0x000000009dc00000| PB 0x000000009dc00000| Untracked 
| 477|0x000000009dd00000, 0x000000009dd00000, 0x000000009de00000|  0%| F|  |TAMS 0x000000009dd00000| PB 0x000000009dd00000| Untracked 
| 478|0x000000009de00000, 0x000000009de00000, 0x000000009df00000|  0%| F|  |TAMS 0x000000009de00000| PB 0x000000009de00000| Untracked 
| 479|0x000000009df00000, 0x000000009df00000, 0x000000009e000000|  0%| F|  |TAMS 0x000000009df00000| PB 0x000000009df00000| Untracked 
| 480|0x000000009e000000, 0x000000009e000000, 0x000000009e100000|  0%| F|  |TAMS 0x000000009e000000| PB 0x000000009e000000| Untracked 
| 481|0x000000009e100000, 0x000000009e100000, 0x000000009e200000|  0%| F|  |TAMS 0x000000009e100000| PB 0x000000009e100000| Untracked 
| 482|0x000000009e200000, 0x000000009e200000, 0x000000009e300000|  0%| F|  |TAMS 0x000000009e200000| PB 0x000000009e200000| Untracked 
| 483|0x000000009e300000, 0x000000009e300000, 0x000000009e400000|  0%| F|  |TAMS 0x000000009e300000| PB 0x000000009e300000| Untracked 
| 484|0x000000009e400000, 0x000000009e400000, 0x000000009e500000|  0%| F|  |TAMS 0x000000009e400000| PB 0x000000009e400000| Untracked 
| 485|0x000000009e500000, 0x000000009e500000, 0x000000009e600000|  0%| F|  |TAMS 0x000000009e500000| PB 0x000000009e500000| Untracked 
| 486|0x000000009e600000, 0x000000009e600000, 0x000000009e700000|  0%| F|  |TAMS 0x000000009e600000| PB 0x000000009e600000| Untracked 
| 487|0x000000009e700000, 0x000000009e738410, 0x000000009e800000| 21%| E|  |TAMS 0x000000009e700000| PB 0x000000009e700000| Complete 
| 488|0x000000009e800000, 0x000000009e900000, 0x000000009e900000|100%| E|CS|TAMS 0x000000009e800000| PB 0x000000009e800000| Complete 
| 489|0x000000009e900000, 0x000000009ea00000, 0x000000009ea00000|100%| E|CS|TAMS 0x000000009e900000| PB 0x000000009e900000| Complete 
| 490|0x000000009ea00000, 0x000000009eb00000, 0x000000009eb00000|100%| E|CS|TAMS 0x000000009ea00000| PB 0x000000009ea00000| Complete 
| 491|0x000000009eb00000, 0x000000009ec00000, 0x000000009ec00000|100%| E|CS|TAMS 0x000000009eb00000| PB 0x000000009eb00000| Complete 
| 492|0x000000009ec00000, 0x000000009ed00000, 0x000000009ed00000|100%| E|CS|TAMS 0x000000009ec00000| PB 0x000000009ec00000| Complete 
| 493|0x000000009ed00000, 0x000000009ee00000, 0x000000009ee00000|100%| E|CS|TAMS 0x000000009ed00000| PB 0x000000009ed00000| Complete 
| 494|0x000000009ee00000, 0x000000009ef00000, 0x000000009ef00000|100%| E|CS|TAMS 0x000000009ee00000| PB 0x000000009ee00000| Complete 
| 495|0x000000009ef00000, 0x000000009f000000, 0x000000009f000000|100%| E|CS|TAMS 0x000000009ef00000| PB 0x000000009ef00000| Complete 
| 496|0x000000009f000000, 0x000000009f100000, 0x000000009f100000|100%| E|CS|TAMS 0x000000009f000000| PB 0x000000009f000000| Complete 
| 497|0x000000009f100000, 0x000000009f200000, 0x000000009f200000|100%| E|CS|TAMS 0x000000009f100000| PB 0x000000009f100000| Complete 
| 498|0x000000009f200000, 0x000000009f300000, 0x000000009f300000|100%| E|CS|TAMS 0x000000009f200000| PB 0x000000009f200000| Complete 
| 499|0x000000009f300000, 0x000000009f400000, 0x000000009f400000|100%| E|CS|TAMS 0x000000009f300000| PB 0x000000009f300000| Complete 
| 500|0x000000009f400000, 0x000000009f500000, 0x000000009f500000|100%| E|  |TAMS 0x000000009f400000| PB 0x000000009f400000| Complete 
| 501|0x000000009f500000, 0x000000009f600000, 0x000000009f600000|100%| E|CS|TAMS 0x000000009f500000| PB 0x000000009f500000| Complete 
| 502|0x000000009f600000, 0x000000009f700000, 0x000000009f700000|100%| E|CS|TAMS 0x000000009f600000| PB 0x000000009f600000| Complete 
| 503|0x000000009f700000, 0x000000009f800000, 0x000000009f800000|100%| E|CS|TAMS 0x000000009f700000| PB 0x000000009f700000| Complete 
| 504|0x000000009f800000, 0x000000009f900000, 0x000000009f900000|100%| E|CS|TAMS 0x000000009f800000| PB 0x000000009f800000| Complete 
| 505|0x000000009f900000, 0x000000009fa00000, 0x000000009fa00000|100%| E|CS|TAMS 0x000000009f900000| PB 0x000000009f900000| Complete 
| 506|0x000000009fa00000, 0x000000009fb00000, 0x000000009fb00000|100%| E|CS|TAMS 0x000000009fa00000| PB 0x000000009fa00000| Complete 
| 507|0x000000009fb00000, 0x000000009fc00000, 0x000000009fc00000|100%| E|CS|TAMS 0x000000009fb00000| PB 0x000000009fb00000| Complete 
| 508|0x000000009fc00000, 0x000000009fd00000, 0x000000009fd00000|100%| E|CS|TAMS 0x000000009fc00000| PB 0x000000009fc00000| Complete 
| 509|0x000000009fd00000, 0x000000009fe00000, 0x000000009fe00000|100%| E|CS|TAMS 0x000000009fd00000| PB 0x000000009fd00000| Complete 
| 510|0x000000009fe00000, 0x000000009ff00000, 0x000000009ff00000|100%| E|CS|TAMS 0x000000009fe00000| PB 0x000000009fe00000| Complete 
| 511|0x000000009ff00000, 0x00000000a0000000, 0x00000000a0000000|100%| E|CS|TAMS 0x000000009ff00000| PB 0x000000009ff00000| Complete 
| 512|0x00000000a0000000, 0x00000000a0100000, 0x00000000a0100000|100%| E|CS|TAMS 0x00000000a0000000| PB 0x00000000a0000000| Complete 
| 513|0x00000000a0100000, 0x00000000a0200000, 0x00000000a0200000|100%| E|CS|TAMS 0x00000000a0100000| PB 0x00000000a0100000| Complete 
| 514|0x00000000a0200000, 0x00000000a0300000, 0x00000000a0300000|100%| E|CS|TAMS 0x00000000a0200000| PB 0x00000000a0200000| Complete 
| 515|0x00000000a0300000, 0x00000000a0400000, 0x00000000a0400000|100%| E|CS|TAMS 0x00000000a0300000| PB 0x00000000a0300000| Complete 
| 516|0x00000000a0400000, 0x00000000a0500000, 0x00000000a0500000|100%| E|CS|TAMS 0x00000000a0400000| PB 0x00000000a0400000| Complete 
| 517|0x00000000a0500000, 0x00000000a0600000, 0x00000000a0600000|100%| E|CS|TAMS 0x00000000a0500000| PB 0x00000000a0500000| Complete 
| 518|0x00000000a0600000, 0x00000000a0700000, 0x00000000a0700000|100%| E|CS|TAMS 0x00000000a0600000| PB 0x00000000a0600000| Complete 
| 519|0x00000000a0700000, 0x00000000a0800000, 0x00000000a0800000|100%| E|CS|TAMS 0x00000000a0700000| PB 0x00000000a0700000| Complete 
| 520|0x00000000a0800000, 0x00000000a0900000, 0x00000000a0900000|100%| E|CS|TAMS 0x00000000a0800000| PB 0x00000000a0800000| Complete 
| 521|0x00000000a0900000, 0x00000000a0a00000, 0x00000000a0a00000|100%| E|CS|TAMS 0x00000000a0900000| PB 0x00000000a0900000| Complete 
| 522|0x00000000a0a00000, 0x00000000a0b00000, 0x00000000a0b00000|100%| E|CS|TAMS 0x00000000a0a00000| PB 0x00000000a0a00000| Complete 
| 523|0x00000000a0b00000, 0x00000000a0c00000, 0x00000000a0c00000|100%| E|CS|TAMS 0x00000000a0b00000| PB 0x00000000a0b00000| Complete 
| 524|0x00000000a0c00000, 0x00000000a0d00000, 0x00000000a0d00000|100%| E|CS|TAMS 0x00000000a0c00000| PB 0x00000000a0c00000| Complete 
| 525|0x00000000a0d00000, 0x00000000a0e00000, 0x00000000a0e00000|100%| E|CS|TAMS 0x00000000a0d00000| PB 0x00000000a0d00000| Complete 
| 526|0x00000000a0e00000, 0x00000000a0f00000, 0x00000000a0f00000|100%| E|CS|TAMS 0x00000000a0e00000| PB 0x00000000a0e00000| Complete 
| 527|0x00000000a0f00000, 0x00000000a1000000, 0x00000000a1000000|100%| E|CS|TAMS 0x00000000a0f00000| PB 0x00000000a0f00000| Complete 
| 528|0x00000000a1000000, 0x00000000a1100000, 0x00000000a1100000|100%| E|CS|TAMS 0x00000000a1000000| PB 0x00000000a1000000| Complete 
| 529|0x00000000a1100000, 0x00000000a1200000, 0x00000000a1200000|100%| E|CS|TAMS 0x00000000a1100000| PB 0x00000000a1100000| Complete 
| 530|0x00000000a1200000, 0x00000000a1300000, 0x00000000a1300000|100%| E|CS|TAMS 0x00000000a1200000| PB 0x00000000a1200000| Complete 
| 531|0x00000000a1300000, 0x00000000a1400000, 0x00000000a1400000|100%| E|CS|TAMS 0x00000000a1300000| PB 0x00000000a1300000| Complete 
| 532|0x00000000a1400000, 0x00000000a1500000, 0x00000000a1500000|100%| E|CS|TAMS 0x00000000a1400000| PB 0x00000000a1400000| Complete 
| 533|0x00000000a1500000, 0x00000000a1600000, 0x00000000a1600000|100%| E|CS|TAMS 0x00000000a1500000| PB 0x00000000a1500000| Complete 
| 534|0x00000000a1600000, 0x00000000a1700000, 0x00000000a1700000|100%| E|CS|TAMS 0x00000000a1600000| PB 0x00000000a1600000| Complete 
| 535|0x00000000a1700000, 0x00000000a1800000, 0x00000000a1800000|100%| E|CS|TAMS 0x00000000a1700000| PB 0x00000000a1700000| Complete 
| 536|0x00000000a1800000, 0x00000000a1900000, 0x00000000a1900000|100%| E|CS|TAMS 0x00000000a1800000| PB 0x00000000a1800000| Complete 
| 537|0x00000000a1900000, 0x00000000a1a00000, 0x00000000a1a00000|100%| E|CS|TAMS 0x00000000a1900000| PB 0x00000000a1900000| Complete 
| 538|0x00000000a1a00000, 0x00000000a1b00000, 0x00000000a1b00000|100%| E|CS|TAMS 0x00000000a1a00000| PB 0x00000000a1a00000| Complete 
| 539|0x00000000a1b00000, 0x00000000a1c00000, 0x00000000a1c00000|100%| E|CS|TAMS 0x00000000a1b00000| PB 0x00000000a1b00000| Complete 
| 540|0x00000000a1c00000, 0x00000000a1d00000, 0x00000000a1d00000|100%| E|CS|TAMS 0x00000000a1c00000| PB 0x00000000a1c00000| Complete 
| 541|0x00000000a1d00000, 0x00000000a1e00000, 0x00000000a1e00000|100%| E|CS|TAMS 0x00000000a1d00000| PB 0x00000000a1d00000| Complete 
| 542|0x00000000a1e00000, 0x00000000a1f00000, 0x00000000a1f00000|100%| E|CS|TAMS 0x00000000a1e00000| PB 0x00000000a1e00000| Complete 
| 543|0x00000000a1f00000, 0x00000000a2000000, 0x00000000a2000000|100%| E|CS|TAMS 0x00000000a1f00000| PB 0x00000000a1f00000| Complete 
| 544|0x00000000a2000000, 0x00000000a2100000, 0x00000000a2100000|100%| E|CS|TAMS 0x00000000a2000000| PB 0x00000000a2000000| Complete 
| 545|0x00000000a2100000, 0x00000000a2200000, 0x00000000a2200000|100%| E|CS|TAMS 0x00000000a2100000| PB 0x00000000a2100000| Complete 
| 546|0x00000000a2200000, 0x00000000a2300000, 0x00000000a2300000|100%| E|CS|TAMS 0x00000000a2200000| PB 0x00000000a2200000| Complete 
| 547|0x00000000a2300000, 0x00000000a2400000, 0x00000000a2400000|100%| E|CS|TAMS 0x00000000a2300000| PB 0x00000000a2300000| Complete 
| 548|0x00000000a2400000, 0x00000000a2500000, 0x00000000a2500000|100%| E|CS|TAMS 0x00000000a2400000| PB 0x00000000a2400000| Complete 
| 549|0x00000000a2500000, 0x00000000a2600000, 0x00000000a2600000|100%| E|CS|TAMS 0x00000000a2500000| PB 0x00000000a2500000| Complete 
| 550|0x00000000a2600000, 0x00000000a2700000, 0x00000000a2700000|100%| E|CS|TAMS 0x00000000a2600000| PB 0x00000000a2600000| Complete 
| 551|0x00000000a2700000, 0x00000000a2800000, 0x00000000a2800000|100%| E|CS|TAMS 0x00000000a2700000| PB 0x00000000a2700000| Complete 
| 552|0x00000000a2800000, 0x00000000a2900000, 0x00000000a2900000|100%| E|CS|TAMS 0x00000000a2800000| PB 0x00000000a2800000| Complete 
| 553|0x00000000a2900000, 0x00000000a2a00000, 0x00000000a2a00000|100%| E|CS|TAMS 0x00000000a2900000| PB 0x00000000a2900000| Complete 
| 554|0x00000000a2a00000, 0x00000000a2b00000, 0x00000000a2b00000|100%| E|CS|TAMS 0x00000000a2a00000| PB 0x00000000a2a00000| Complete 
| 555|0x00000000a2b00000, 0x00000000a2c00000, 0x00000000a2c00000|100%| E|CS|TAMS 0x00000000a2b00000| PB 0x00000000a2b00000| Complete 
| 556|0x00000000a2c00000, 0x00000000a2d00000, 0x00000000a2d00000|100%| E|CS|TAMS 0x00000000a2c00000| PB 0x00000000a2c00000| Complete 
| 557|0x00000000a2d00000, 0x00000000a2e00000, 0x00000000a2e00000|100%| E|CS|TAMS 0x00000000a2d00000| PB 0x00000000a2d00000| Complete 
| 558|0x00000000a2e00000, 0x00000000a2f00000, 0x00000000a2f00000|100%| E|CS|TAMS 0x00000000a2e00000| PB 0x00000000a2e00000| Complete 
| 559|0x00000000a2f00000, 0x00000000a3000000, 0x00000000a3000000|100%| E|CS|TAMS 0x00000000a2f00000| PB 0x00000000a2f00000| Complete 
| 560|0x00000000a3000000, 0x00000000a3100000, 0x00000000a3100000|100%| E|CS|TAMS 0x00000000a3000000| PB 0x00000000a3000000| Complete 
|2014|0x00000000fde00000, 0x00000000fdf00000, 0x00000000fdf00000|100%| O|  |TAMS 0x00000000fde00000| PB 0x00000000fde00000| Untracked 
|2015|0x00000000fdf00000, 0x00000000fe000000, 0x00000000fe000000|100%| E|CS|TAMS 0x00000000fdf00000| PB 0x00000000fdf00000| Complete 
|2016|0x00000000fe000000, 0x00000000fe100000, 0x00000000fe100000|100%| E|CS|TAMS 0x00000000fe000000| PB 0x00000000fe000000| Complete 
|2017|0x00000000fe100000, 0x00000000fe200000, 0x00000000fe200000|100%| E|CS|TAMS 0x00000000fe100000| PB 0x00000000fe100000| Complete 
|2018|0x00000000fe200000, 0x00000000fe300000, 0x00000000fe300000|100%| O|  |TAMS 0x00000000fe200000| PB 0x00000000fe200000| Untracked 
|2019|0x00000000fe300000, 0x00000000fe400000, 0x00000000fe400000|100%| O|  |TAMS 0x00000000fe300000| PB 0x00000000fe300000| Untracked 
|2020|0x00000000fe400000, 0x00000000fe500000, 0x00000000fe500000|100%| O|  |TAMS 0x00000000fe400000| PB 0x00000000fe400000| Untracked 
|2021|0x00000000fe500000, 0x00000000fe600000, 0x00000000fe600000|100%| O|  |TAMS 0x00000000fe500000| PB 0x00000000fe500000| Untracked 
|2022|0x00000000fe600000, 0x00000000fe700000, 0x00000000fe700000|100%| O|  |TAMS 0x00000000fe600000| PB 0x00000000fe600000| Untracked 
|2023|0x00000000fe700000, 0x00000000fe800000, 0x00000000fe800000|100%| O|  |TAMS 0x00000000fe700000| PB 0x00000000fe700000| Untracked 
|2024|0x00000000fe800000, 0x00000000fe900000, 0x00000000fe900000|100%| O|  |TAMS 0x00000000fe800000| PB 0x00000000fe800000| Untracked 
|2025|0x00000000fe900000, 0x00000000fea00000, 0x00000000fea00000|100%| O|  |TAMS 0x00000000fe900000| PB 0x00000000fe900000| Untracked 
|2026|0x00000000fea00000, 0x00000000feb00000, 0x00000000feb00000|100%| O|  |TAMS 0x00000000fea00000| PB 0x00000000fea00000| Untracked 
|2027|0x00000000feb00000, 0x00000000fec00000, 0x00000000fec00000|100%| O|  |TAMS 0x00000000feb00000| PB 0x00000000feb00000| Untracked 
|2028|0x00000000fec00000, 0x00000000fed00000, 0x00000000fed00000|100%| O|  |TAMS 0x00000000fec00000| PB 0x00000000fec00000| Untracked 
|2029|0x00000000fed00000, 0x00000000fee00000, 0x00000000fee00000|100%| O|  |TAMS 0x00000000fed00000| PB 0x00000000fed00000| Untracked 
|2030|0x00000000fee00000, 0x00000000fef00000, 0x00000000fef00000|100%| O|  |TAMS 0x00000000fee00000| PB 0x00000000fee00000| Untracked 
|2031|0x00000000fef00000, 0x00000000ff000000, 0x00000000ff000000|100%| O|  |TAMS 0x00000000fef00000| PB 0x00000000fef00000| Untracked 
|2032|0x00000000ff000000, 0x00000000ff100000, 0x00000000ff100000|100%| O|  |TAMS 0x00000000ff000000| PB 0x00000000ff000000| Untracked 
|2033|0x00000000ff100000, 0x00000000ff200000, 0x00000000ff200000|100%| O|  |TAMS 0x00000000ff100000| PB 0x00000000ff100000| Untracked 
|2034|0x00000000ff200000, 0x00000000ff300000, 0x00000000ff300000|100%| O|  |TAMS 0x00000000ff200000| PB 0x00000000ff200000| Untracked 
|2035|0x00000000ff300000, 0x00000000ff400000, 0x00000000ff400000|100%| O|  |TAMS 0x00000000ff300000| PB 0x00000000ff300000| Untracked 
|2036|0x00000000ff400000, 0x00000000ff500000, 0x00000000ff500000|100%| E|CS|TAMS 0x00000000ff400000| PB 0x00000000ff400000| Complete 
|2037|0x00000000ff500000, 0x00000000ff600000, 0x00000000ff600000|100%| E|CS|TAMS 0x00000000ff500000| PB 0x00000000ff500000| Complete 
|2038|0x00000000ff600000, 0x00000000ff700000, 0x00000000ff700000|100%| O|  |TAMS 0x00000000ff600000| PB 0x00000000ff600000| Untracked 
|2039|0x00000000ff700000, 0x00000000ff800000, 0x00000000ff800000|100%| O|  |TAMS 0x00000000ff700000| PB 0x00000000ff700000| Untracked 
|2040|0x00000000ff800000, 0x00000000ff900000, 0x00000000ff900000|100%| E|CS|TAMS 0x00000000ff800000| PB 0x00000000ff800000| Complete 
|2041|0x00000000ff900000, 0x00000000ffa00000, 0x00000000ffa00000|100%| O|  |TAMS 0x00000000ff900000| PB 0x00000000ff900000| Untracked 
|2042|0x00000000ffa00000, 0x00000000ffb00000, 0x00000000ffb00000|100%| E|CS|TAMS 0x00000000ffa00000| PB 0x00000000ffa00000| Complete 
|2043|0x00000000ffb00000, 0x00000000ffc00000, 0x00000000ffc00000|100%| E|CS|TAMS 0x00000000ffb00000| PB 0x00000000ffb00000| Complete 
|2044|0x00000000ffc00000, 0x00000000ffd00000, 0x00000000ffd00000|100%| E|CS|TAMS 0x00000000ffc00000| PB 0x00000000ffc00000| Complete 
|2045|0x00000000ffd00000, 0x00000000ffe00000, 0x00000000ffe00000|100%| O|  |TAMS 0x00000000ffd00000| PB 0x00000000ffd00000| Untracked 
|2046|0x00000000ffe00000, 0x00000000fff00000, 0x00000000fff00000|100%| O|  |TAMS 0x00000000ffe00000| PB 0x00000000ffe00000| Untracked 
|2047|0x00000000fff00000, 0x0000000100000000, 0x0000000100000000|100%| O|  |TAMS 0x00000000fff00000| PB 0x00000000fff00000| Untracked 

Card table byte_map: [0x000002753e7f0000,0x000002753ebf0000] _byte_map_base: 0x000002753e3f0000

Marking Bits: (CMBitMap*) 0x000002752bfb4530
 Bits: [0x000002753ebf0000, 0x0000027540bf0000)

Polling page: 0x0000027529cd0000

Metaspace:

Usage:
  Non-class:    181.56 MB used.
      Class:     27.31 MB used.
       Both:    208.87 MB used.

Virtual space:
  Non-class space:      192.00 MB reserved,     182.94 MB ( 95%) committed,  3 nodes.
      Class space:        1.00 GB reserved,      28.56 MB (  3%) committed,  1 nodes.
             Both:        1.19 GB reserved,     211.50 MB ( 17%) committed. 

Chunk freelists:
   Non-Class:  8.17 MB
       Class:  3.48 MB
        Both:  11.66 MB

MaxMetaspaceSize: unlimited
CompressedClassSpaceSize: 1.00 GB
Initial GC threshold: 21.00 MB
Current GC threshold: 313.12 MB
CDS: off
 - commit_granule_bytes: 65536.
 - commit_granule_words: 8192.
 - virtual_space_node_default_size: 8388608.
 - enlarge_chunks_in_place: 1.
 - use_allocation_guard: 0.


Internal statistics:

num_allocs_failed_limit: 12.
num_arena_births: 5236.
num_arena_deaths: 0.
num_vsnodes_births: 4.
num_vsnodes_deaths: 0.
num_space_committed: 3381.
num_space_uncommitted: 0.
num_chunks_returned_to_freelist: 12.
num_chunks_taken_from_freelist: 14056.
num_chunk_merges: 12.
num_chunk_splits: 9675.
num_chunks_enlarged: 6594.
num_inconsistent_stats: 0.

CodeHeap 'non-profiled nmethods': size=120000Kb used=18807Kb max_used=18807Kb free=101192Kb
 bounds [0x0000027536b90000, 0x0000027537df0000, 0x000002753e0c0000]
CodeHeap 'profiled nmethods': size=120000Kb used=65031Kb max_used=65031Kb free=54968Kb
 bounds [0x000002752f0c0000, 0x0000027533050000, 0x00000275365f0000]
CodeHeap 'non-nmethods': size=5760Kb used=2332Kb max_used=2464Kb free=3427Kb
 bounds [0x00000275365f0000, 0x0000027536870000, 0x0000027536b90000]
CodeCache: size=245760Kb, used=86170Kb, max_used=86302Kb, free=159587Kb
 total_blobs=27048, nmethods=25867, adapters=1081, full_count=0
Compilation: enabled, stopped_count=0, restarted_count=0

Compilation events (20 events):
Event: 126.829 Thread 0x000002754385b260 29532       3       it.unimi.dsi.fastutil.ints.IntOpenHashSet::<init> (94 bytes)
Event: 126.829 Thread 0x000002754385b260 nmethod 29532 0x0000027533032310 code [0x0000027533032560, 0x0000027533032d60]
Event: 126.864 Thread 0x000002754385b260 29537       3       org.gradle.api.internal.cache.StringInterner::intern (9 bytes)
Event: 126.864 Thread 0x000002754385b260 nmethod 29537 0x0000027533033010 code [0x00000275330331e0, 0x0000027533033608]
Event: 126.864 Thread 0x000002754385b260 29538       3       org.gradle.api.internal.cache.StringInterner::intern (20 bytes)
Event: 126.865 Thread 0x000002754385b260 nmethod 29538 0x0000027533033710 code [0x00000275330338e0, 0x0000027533033bf0]
Event: 126.907 Thread 0x0000027555215d70 nmethod 29516% 0x0000027537ddc610 code [0x0000027537ddc9e0, 0x0000027537ddfed8]
Event: 126.907 Thread 0x0000027555215d70 29536       4       com.esotericsoftware.kryo.io.Input::require (220 bytes)
Event: 126.911 Thread 0x0000027555215d70 nmethod 29536 0x0000027537de1190 code [0x0000027537de1340, 0x0000027537de1688]
Event: 126.911 Thread 0x0000027555215d70 29539       4       org.gradle.api.internal.cache.StringInterner::intern (9 bytes)
Event: 126.913 Thread 0x0000027555215d70 nmethod 29539 0x0000027537de1910 code [0x0000027537de1ac0, 0x0000027537de1c38]
Event: 126.913 Thread 0x0000027555215d70 29535       4       it.unimi.dsi.fastutil.ints.IntOpenHashSet::add (120 bytes)
Event: 126.917 Thread 0x0000027555215d70 nmethod 29535 0x0000027537de1e10 code [0x0000027537de1fc0, 0x0000027537de2228]
Event: 126.917 Thread 0x0000027555215d70 29540       4       org.gradle.api.internal.tasks.compile.incremental.compilerapi.deps.DependentSetSerializer::read (198 bytes)
Event: 126.936 Thread 0x000002754385b260 29541       3       org.gradle.internal.io.StreamByteBuffer$StreamByteBufferInputStream::read (8 bytes)
Event: 126.937 Thread 0x000002754385b260 nmethod 29541 0x0000027533033d10 code [0x0000027533033ec0, 0x0000027533034000]
Event: 127.097 Thread 0x000002754385b260 29543       2       org.gradle.internal.logging.sink.OutputEventTransformer::onOutput (369 bytes)
Event: 127.100 Thread 0x000002754385b260 nmethod 29543 0x0000027533034110 code [0x00000275330344a0, 0x0000027533035500]
Event: 127.124 Thread 0x000002754385b260 29544       3       org.gradle.internal.serialize.AbstractSerializer::<init> (5 bytes)
Event: 127.124 Thread 0x000002754385b260 nmethod 29544 0x0000027533035c10 code [0x0000027533035dc0, 0x0000027533035f28]

GC Heap History (20 events):
Event: 66.354 GC heap before
{Heap before GC invocations=82 (full 0):
 garbage-first heap   total 441344K, used 410046K [0x0000000080000000, 0x0000000100000000)
  region size 1024K, 258 young (264192K), 18 survivors (18432K)
 Metaspace       used 148585K, committed 151104K, reserved 1179648K
  class space    used 20517K, committed 21696K, reserved 1048576K
}
Event: 66.382 GC heap after
{Heap after GC invocations=83 (full 0):
 garbage-first heap   total 441344K, used 167323K [0x0000000080000000, 0x0000000100000000)
  region size 1024K, 21 young (21504K), 21 survivors (21504K)
 Metaspace       used 148585K, committed 151104K, reserved 1179648K
  class space    used 20517K, committed 21696K, reserved 1048576K
}
Event: 66.833 GC heap before
{Heap before GC invocations=83 (full 0):
 garbage-first heap   total 441344K, used 372123K [0x0000000080000000, 0x0000000100000000)
  region size 1024K, 223 young (228352K), 21 survivors (21504K)
 Metaspace       used 149895K, committed 152320K, reserved 1179648K
  class space    used 20691K, committed 21824K, reserved 1048576K
}
Event: 66.854 GC heap after
{Heap after GC invocations=84 (full 0):
 garbage-first heap   total 441344K, used 169343K [0x0000000080000000, 0x0000000100000000)
  region size 1024K, 19 young (19456K), 19 survivors (19456K)
 Metaspace       used 149895K, committed 152320K, reserved 1179648K
  class space    used 20691K, committed 21824K, reserved 1048576K
}
Event: 67.631 GC heap before
{Heap before GC invocations=85 (full 0):
 garbage-first heap   total 441344K, used 415103K [0x0000000080000000, 0x0000000100000000)
  region size 1024K, 258 young (264192K), 19 survivors (19456K)
 Metaspace       used 150962K, committed 153472K, reserved 1245184K
  class space    used 20774K, committed 21952K, reserved 1048576K
}
Event: 67.656 GC heap after
{Heap after GC invocations=86 (full 0):
 garbage-first heap   total 441344K, used 172088K [0x0000000080000000, 0x0000000100000000)
  region size 1024K, 20 young (20480K), 20 survivors (20480K)
 Metaspace       used 150962K, committed 153472K, reserved 1245184K
  class space    used 20774K, committed 21952K, reserved 1048576K
}
Event: 70.741 GC heap before
{Heap before GC invocations=86 (full 0):
 garbage-first heap   total 441344K, used 416824K [0x0000000080000000, 0x0000000100000000)
  region size 1024K, 258 young (264192K), 20 survivors (20480K)
 Metaspace       used 171288K, committed 173824K, reserved 1245184K
  class space    used 23121K, committed 24320K, reserved 1048576K
}
Event: 70.770 GC heap after
{Heap after GC invocations=87 (full 0):
 garbage-first heap   total 589824K, used 180940K [0x0000000080000000, 0x0000000100000000)
  region size 1024K, 24 young (24576K), 24 survivors (24576K)
 Metaspace       used 171288K, committed 173824K, reserved 1245184K
  class space    used 23121K, committed 24320K, reserved 1048576K
}
Event: 77.552 GC heap before
{Heap before GC invocations=87 (full 0):
 garbage-first heap   total 589824K, used 511692K [0x0000000080000000, 0x0000000100000000)
  region size 1024K, 345 young (353280K), 24 survivors (24576K)
 Metaspace       used 185304K, committed 187776K, reserved 1245184K
  class space    used 24462K, committed 25664K, reserved 1048576K
}
Event: 77.647 GC heap after
{Heap after GC invocations=88 (full 0):
 garbage-first heap   total 609280K, used 255488K [0x0000000080000000, 0x0000000100000000)
  region size 1024K, 44 young (45056K), 44 survivors (45056K)
 Metaspace       used 185304K, committed 187776K, reserved 1245184K
  class space    used 24462K, committed 25664K, reserved 1048576K
}
Event: 79.787 GC heap before
{Heap before GC invocations=88 (full 0):
 garbage-first heap   total 609280K, used 336384K [0x0000000080000000, 0x0000000100000000)
  region size 1024K, 124 young (126976K), 44 survivors (45056K)
 Metaspace       used 187764K, committed 190272K, reserved 1245184K
  class space    used 24677K, committed 25856K, reserved 1048576K
}
Event: 79.854 GC heap after
{Heap after GC invocations=89 (full 0):
 garbage-first heap   total 609280K, used 265728K [0x0000000080000000, 0x0000000100000000)
  region size 1024K, 9 young (9216K), 9 survivors (9216K)
 Metaspace       used 187764K, committed 190272K, reserved 1245184K
  class space    used 24677K, committed 25856K, reserved 1048576K
}
Event: 85.743 GC heap before
{Heap before GC invocations=90 (full 0):
 garbage-first heap   total 609280K, used 493056K [0x0000000080000000, 0x0000000100000000)
  region size 1024K, 230 young (235520K), 9 survivors (9216K)
 Metaspace       used 198476K, committed 201024K, reserved 1245184K
  class space    used 26027K, committed 27264K, reserved 1048576K
}
Event: 85.786 GC heap after
{Heap after GC invocations=91 (full 0):
 garbage-first heap   total 609280K, used 297472K [0x0000000080000000, 0x0000000100000000)
  region size 1024K, 29 young (29696K), 29 survivors (29696K)
 Metaspace       used 198476K, committed 201024K, reserved 1245184K
  class space    used 26027K, committed 27264K, reserved 1048576K
}
Event: 87.032 GC heap before
{Heap before GC invocations=91 (full 0):
 garbage-first heap   total 609280K, used 505344K [0x0000000080000000, 0x0000000100000000)
  region size 1024K, 232 young (237568K), 29 survivors (29696K)
 Metaspace       used 199663K, committed 202240K, reserved 1245184K
  class space    used 26166K, committed 27392K, reserved 1048576K
}
Event: 87.071 GC heap after
{Heap after GC invocations=92 (full 0):
 garbage-first heap   total 609280K, used 300032K [0x0000000080000000, 0x0000000100000000)
  region size 1024K, 6 young (6144K), 6 survivors (6144K)
 Metaspace       used 199663K, committed 202240K, reserved 1245184K
  class space    used 26166K, committed 27392K, reserved 1048576K
}
Event: 88.099 GC heap before
{Heap before GC invocations=92 (full 0):
 garbage-first heap   total 609280K, used 519168K [0x0000000080000000, 0x0000000100000000)
  region size 1024K, 220 young (225280K), 6 survivors (6144K)
 Metaspace       used 199954K, committed 202496K, reserved 1245184K
  class space    used 26205K, committed 27392K, reserved 1048576K
}
Event: 88.105 GC heap after
{Heap after GC invocations=93 (full 0):
 garbage-first heap   total 609280K, used 299360K [0x0000000080000000, 0x0000000100000000)
  region size 1024K, 5 young (5120K), 5 survivors (5120K)
 Metaspace       used 199954K, committed 202496K, reserved 1245184K
  class space    used 26205K, committed 27392K, reserved 1048576K
}
Event: 125.677 GC heap before
{Heap before GC invocations=93 (full 0):
 garbage-first heap   total 609280K, used 544096K [0x0000000080000000, 0x0000000100000000)
  region size 1024K, 233 young (238592K), 5 survivors (5120K)
 Metaspace       used 212973K, committed 215680K, reserved 1245184K
  class space    used 27880K, committed 29184K, reserved 1048576K
}
Event: 125.753 GC heap after
{Heap after GC invocations=94 (full 0):
 garbage-first heap   total 609280K, used 331264K [0x0000000080000000, 0x0000000100000000)
  region size 1024K, 28 young (28672K), 28 survivors (28672K)
 Metaspace       used 212973K, committed 215680K, reserved 1245184K
  class space    used 27880K, committed 29184K, reserved 1048576K
}

Dll operation events (3 events):
Event: 0.054 Loaded shared library C:\Program Files\Android\Android Studio\jbr\bin\java.dll
Event: 0.084 Loaded shared library C:\Program Files\Android\Android Studio\jbr\bin\zip.dll
Event: 9.656 Loaded shared library C:\Program Files\Android\Android Studio\jbr\bin\verify.dll

Deoptimization events (20 events):
Event: 126.825 Thread 0x0000027555d5e690 Uncommon trap: trap_request=0xffffff45 fr.pc=0x0000027536f8ccc8 relative=0x0000000000000208
Event: 126.825 Thread 0x0000027555d5e690 Uncommon trap: reason=unstable_if action=reinterpret pc=0x0000027536f8ccc8 method=com.esotericsoftware.kryo.io.Input.require(I)I @ 65 c2
Event: 126.825 Thread 0x0000027555d5e690 DEOPT PACKING pc=0x0000027536f8ccc8 sp=0x000000da7b4fee10
Event: 126.825 Thread 0x0000027555d5e690 DEOPT UNPACKING pc=0x00000275366443a2 sp=0x000000da7b4fedc0 mode 2
Event: 126.825 Thread 0x0000027555d5e690 Uncommon trap: trap_request=0xffffff45 fr.pc=0x0000027537370f2c relative=0x000000000000066c
Event: 126.825 Thread 0x0000027555d5e690 Uncommon trap: reason=unstable_if action=reinterpret pc=0x0000027537370f2c method=org.gradle.internal.io.StreamByteBuffer$StreamByteBufferInputStream.readImpl([BII)I @ 49 c2
Event: 126.825 Thread 0x0000027555d5e690 DEOPT PACKING pc=0x0000027537370f2c sp=0x000000da7b4fed00
Event: 126.825 Thread 0x0000027555d5e690 DEOPT UNPACKING pc=0x00000275366443a2 sp=0x000000da7b4fec30 mode 2
Event: 126.863 Thread 0x0000027555d5e690 Uncommon trap: trap_request=0xffffff45 fr.pc=0x0000027536e1e818 relative=0x00000000000009f8
Event: 126.863 Thread 0x0000027555d5e690 Uncommon trap: reason=unstable_if action=reinterpret pc=0x0000027536e1e818 method=com.google.common.collect.MapMakerInternalMap$Segment.getEntry(Ljava/lang/Object;I)Lcom/google/common/collect/MapMakerInternalMap$InternalEntry; @ 63 c2
Event: 126.863 Thread 0x0000027555d5e690 DEOPT PACKING pc=0x0000027536e1e818 sp=0x000000da7b4feeb0
Event: 126.863 Thread 0x0000027555d5e690 DEOPT UNPACKING pc=0x00000275366443a2 sp=0x000000da7b4fece8 mode 2
Event: 126.864 Thread 0x0000027555d5e690 Uncommon trap: trap_request=0xffffff45 fr.pc=0x000002753715becc relative=0x0000000000000bec
Event: 126.864 Thread 0x0000027555d5e690 Uncommon trap: reason=unstable_if action=reinterpret pc=0x000002753715becc method=com.google.common.collect.MapMakerInternalMap$Segment.put(Ljava/lang/Object;ILjava/lang/Object;Z)Ljava/lang/Object; @ 92 c2
Event: 126.864 Thread 0x0000027555d5e690 DEOPT PACKING pc=0x000002753715becc sp=0x000000da7b4fed50
Event: 126.864 Thread 0x0000027555d5e690 DEOPT UNPACKING pc=0x00000275366443a2 sp=0x000000da7b4fec88 mode 2
Event: 127.145 Thread 0x0000027555d5e690 Uncommon trap: trap_request=0xffffff45 fr.pc=0x0000027536e1b324 relative=0x00000000000009a4
Event: 127.478 Thread 0x0000027555d5e690 Uncommon trap: reason=unstable_if action=reinterpret pc=0x0000027536e1b324 method=com.google.common.collect.MapMakerInternalMap$Segment.getEntry(Ljava/lang/Object;I)Lcom/google/common/collect/MapMakerInternalMap$InternalEntry; @ 63 c2
Event: 127.479 Thread 0x0000027555d5e690 DEOPT PACKING pc=0x0000027536e1b324 sp=0x000000da7b4fee80
Event: 127.479 Thread 0x0000027555d5e690 DEOPT UNPACKING pc=0x00000275366443a2 sp=0x000000da7b4fed88 mode 2

Classes loaded (20 events):
Event: 122.555 Loading class java/nio/file/SimpleFileVisitor
Event: 122.555 Loading class java/nio/file/SimpleFileVisitor done
Event: 122.559 Loading class java/nio/file/DirectoryIteratorException
Event: 122.559 Loading class java/nio/file/DirectoryIteratorException done
Event: 124.497 Loading class java/nio/file/Files$2
Event: 124.499 Loading class java/nio/file/Files$2 done
Event: 125.644 Loading class java/text/BreakIterator
Event: 125.645 Loading class java/text/BreakIterator done
Event: 125.755 Loading class sun/rmi/transport/DGCClient$EndpointEntry$CleanRequest
Event: 125.759 Loading class java/util/regex/Pattern$Pos
Event: 125.761 Loading class sun/rmi/transport/DGCClient$EndpointEntry$CleanRequest done
Event: 125.762 Loading class java/util/regex/Pattern$Pos done
Event: 125.790 Loading class java/util/function/ToIntBiFunction
Event: 125.796 Loading class java/util/function/ToIntBiFunction done
Event: 125.805 Loading class java/nio/file/Path$1
Event: 125.805 Loading class java/nio/file/Path$1 done
Event: 126.438 Loading class java/util/EnumMap$Values
Event: 126.439 Loading class java/util/EnumMap$Values done
Event: 126.439 Loading class java/util/EnumMap$ValueIterator
Event: 126.440 Loading class java/util/EnumMap$ValueIterator done

Classes unloaded (0 events):
No events

Classes redefined (0 events):
No events

Internal exceptions (20 events):
Event: 126.369 Thread 0x00000275537e5c00 Exception <a 'sun/nio/fs/WindowsException'{0x00000000a2dba528}> (0x00000000a2dba528) 
thrown [s\src\hotspot\share\prims\jni.cpp, line 537]
Event: 126.369 Thread 0x00000275537e5c00 Exception <a 'sun/nio/fs/WindowsException'{0x00000000a2dbb848}> (0x00000000a2dbb848) 
thrown [s\src\hotspot\share\prims\jni.cpp, line 537]
Event: 126.369 Thread 0x00000275537e5c00 Exception <a 'sun/nio/fs/WindowsException'{0x00000000a2dbcb50}> (0x00000000a2dbcb50) 
thrown [s\src\hotspot\share\prims\jni.cpp, line 537]
Event: 126.369 Thread 0x00000275537e5c00 Exception <a 'sun/nio/fs/WindowsException'{0x00000000a2dbde40}> (0x00000000a2dbde40) 
thrown [s\src\hotspot\share\prims\jni.cpp, line 537]
Event: 126.376 Thread 0x00000275537e5c00 Exception <a 'sun/nio/fs/WindowsException'{0x00000000a2dcc718}> (0x00000000a2dcc718) 
thrown [s\src\hotspot\share\prims\jni.cpp, line 537]
Event: 126.376 Thread 0x00000275537e5c00 Exception <a 'sun/nio/fs/WindowsException'{0x00000000a2dcda50}> (0x00000000a2dcda50) 
thrown [s\src\hotspot\share\prims\jni.cpp, line 537]
Event: 126.381 Thread 0x00000275537e5c00 Exception <a 'sun/nio/fs/WindowsException'{0x00000000a2dd8c80}> (0x00000000a2dd8c80) 
thrown [s\src\hotspot\share\prims\jni.cpp, line 537]
Event: 126.386 Thread 0x00000275537e5c00 Exception <a 'sun/nio/fs/WindowsException'{0x00000000a2de40c8}> (0x00000000a2de40c8) 
thrown [s\src\hotspot\share\prims\jni.cpp, line 537]
Event: 126.390 Thread 0x00000275537e5c00 Exception <a 'sun/nio/fs/WindowsException'{0x00000000a2def640}> (0x00000000a2def640) 
thrown [s\src\hotspot\share\prims\jni.cpp, line 537]
Event: 126.394 Thread 0x00000275537e5c00 Exception <a 'sun/nio/fs/WindowsException'{0x00000000a2dfad30}> (0x00000000a2dfad30) 
thrown [s\src\hotspot\share\prims\jni.cpp, line 537]
Event: 126.398 Thread 0x00000275537e5c00 Exception <a 'sun/nio/fs/WindowsException'{0x00000000a2c12980}> (0x00000000a2c12980) 
thrown [s\src\hotspot\share\prims\jni.cpp, line 537]
Event: 126.403 Thread 0x00000275537e5c00 Exception <a 'sun/nio/fs/WindowsException'{0x00000000a2c1eb20}> (0x00000000a2c1eb20) 
thrown [s\src\hotspot\share\prims\jni.cpp, line 537]
Event: 126.406 Thread 0x00000275537e5c00 Exception <a 'sun/nio/fs/WindowsException'{0x00000000a2c2abc0}> (0x00000000a2c2abc0) 
thrown [s\src\hotspot\share\prims\jni.cpp, line 537]
Event: 126.411 Thread 0x00000275537e5c00 Exception <a 'sun/nio/fs/WindowsException'{0x00000000a2c374e0}> (0x00000000a2c374e0) 
thrown [s\src\hotspot\share\prims\jni.cpp, line 537]
Event: 126.415 Thread 0x00000275537e5c00 Exception <a 'sun/nio/fs/WindowsException'{0x00000000a2c43a50}> (0x00000000a2c43a50) 
thrown [s\src\hotspot\share\prims\jni.cpp, line 537]
Event: 126.419 Thread 0x00000275537e5c00 Exception <a 'sun/nio/fs/WindowsException'{0x00000000a2c4fda8}> (0x00000000a2c4fda8) 
thrown [s\src\hotspot\share\prims\jni.cpp, line 537]
Event: 126.422 Thread 0x00000275537e5c00 Exception <a 'sun/nio/fs/WindowsException'{0x00000000a2c5c020}> (0x00000000a2c5c020) 
thrown [s\src\hotspot\share\prims\jni.cpp, line 537]
Event: 126.427 Thread 0x00000275537e5c00 Exception <a 'sun/nio/fs/WindowsException'{0x00000000a2c681c8}> (0x00000000a2c681c8) 
thrown [s\src\hotspot\share\prims\jni.cpp, line 537]
Event: 126.431 Thread 0x00000275537e5c00 Exception <a 'sun/nio/fs/WindowsException'{0x00000000a2c743c8}> (0x00000000a2c743c8) 
thrown [s\src\hotspot\share\prims\jni.cpp, line 537]
Event: 126.435 Thread 0x00000275537e5c00 Exception <a 'sun/nio/fs/WindowsException'{0x00000000a2c80668}> (0x00000000a2c80668) 
thrown [s\src\hotspot\share\prims\jni.cpp, line 537]

ZGC Phase Switch (0 events):
No events

VM Operations (20 events):
Event: 125.545 Executing VM operation: HandshakeAllThreads (Deoptimize)
Event: 125.545 Executing VM operation: HandshakeAllThreads (Deoptimize) done
Event: 125.556 Executing VM operation: HandshakeAllThreads (Deoptimize)
Event: 125.557 Executing VM operation: HandshakeAllThreads (Deoptimize) done
Event: 125.567 Executing VM operation: ICBufferFull
Event: 125.567 Executing VM operation: ICBufferFull done
Event: 125.674 Executing VM operation: G1CollectForAllocation (G1 Evacuation Pause)
Event: 125.753 Executing VM operation: G1CollectForAllocation (G1 Evacuation Pause) done
Event: 125.789 Executing VM operation: HandshakeAllThreads (Deoptimize)
Event: 125.790 Executing VM operation: HandshakeAllThreads (Deoptimize) done
Event: 125.993 Executing VM operation: ICBufferFull
Event: 125.994 Executing VM operation: ICBufferFull done
Event: 126.162 Executing VM operation: ICBufferFull
Event: 126.162 Executing VM operation: ICBufferFull done
Event: 126.444 Executing VM operation: HandshakeAllThreads (Deoptimize)
Event: 126.444 Executing VM operation: HandshakeAllThreads (Deoptimize) done
Event: 126.580 Executing VM operation: HandshakeAllThreads (Deoptimize)
Event: 126.580 Executing VM operation: HandshakeAllThreads (Deoptimize) done
Event: 126.736 Executing VM operation: ICBufferFull
Event: 126.736 Executing VM operation: ICBufferFull done

Memory protections (0 events):
No events

Nmethod flushes (20 events):
Event: 80.244 Thread 0x000002754366e9e0 flushing  nmethod 0x0000027536d5d090
Event: 80.244 Thread 0x000002754366e9e0 flushing  nmethod 0x00000275375a3310
Event: 80.244 Thread 0x000002754366e9e0 flushing  nmethod 0x000002752f1ba390
Event: 80.244 Thread 0x000002754366e9e0 flushing  nmethod 0x000002752f225e10
Event: 80.244 Thread 0x000002754366e9e0 flushing  nmethod 0x000002752f276290
Event: 80.244 Thread 0x000002754366e9e0 flushing  nmethod 0x000002752f44c290
Event: 80.244 Thread 0x000002754366e9e0 flushing  nmethod 0x000002752f4dc190
Event: 80.244 Thread 0x000002754366e9e0 flushing  nmethod 0x000002752f612410
Event: 80.244 Thread 0x000002754366e9e0 flushing  nmethod 0x000002752f65fe10
Event: 80.244 Thread 0x000002754366e9e0 flushing  nmethod 0x000002752f8a5090
Event: 80.244 Thread 0x000002754366e9e0 flushing  nmethod 0x000002752f9a5d10
Event: 80.244 Thread 0x000002754366e9e0 flushing  nmethod 0x000002752f9e1d90
Event: 80.244 Thread 0x000002754366e9e0 flushing  nmethod 0x000002752fd15590
Event: 80.244 Thread 0x000002754366e9e0 flushing  nmethod 0x000002752fd15c10
Event: 80.244 Thread 0x000002754366e9e0 flushing  nmethod 0x000002752fd3b190
Event: 80.244 Thread 0x000002754366e9e0 flushing  nmethod 0x000002752fe30610
Event: 80.244 Thread 0x000002754366e9e0 flushing  nmethod 0x0000027530394b90
Event: 80.244 Thread 0x000002754366e9e0 flushing  nmethod 0x00000275304e6190
Event: 80.244 Thread 0x000002754366e9e0 flushing  nmethod 0x00000275304e6c10
Event: 80.244 Thread 0x000002754366e9e0 flushing  nmethod 0x00000275307b2890

Events (20 events):
Event: 89.333 Thread 0x0000027555d5cc50 Thread added: 0x0000027555d5ab80
Event: 89.333 Thread 0x0000027555211950 Thread exited: 0x0000027555211950
Event: 94.194 Thread 0x0000027553970fc0 Thread exited: 0x0000027553970fc0
Event: 102.766 Thread 0x0000027553972370 Thread exited: 0x0000027553972370
Event: 111.337 Thread 0x00000275541c8640 Thread exited: 0x00000275541c8640
Event: 118.666 Thread 0x00000275537e5c00 Thread added: 0x0000027555d5e690
Event: 122.457 Thread 0x0000027543843d80 Thread added: 0x0000027555214fd0
Event: 123.001 Thread 0x000002754385b260 Thread added: 0x00000275552171e0
Event: 123.806 Thread 0x00000275552171e0 Thread exited: 0x00000275552171e0
Event: 124.036 Thread 0x0000027555214fd0 Thread exited: 0x0000027555214fd0
Event: 124.563 Thread 0x000002754385b260 Thread added: 0x0000027555215d70
Event: 125.818 Thread 0x0000027555d5d2e0 Thread exited: 0x0000027555d5d2e0
Event: 126.722 Thread 0x00000275537e5c00 Thread added: 0x0000027555d5d2e0
Event: 126.722 Thread 0x00000275537e5c00 Thread added: 0x0000027555d64900
Event: 126.722 Thread 0x00000275537e5c00 Thread added: 0x0000027555d67060
Event: 126.723 Thread 0x00000275537e5c00 Thread added: 0x0000027555d64270
Event: 126.723 Thread 0x00000275537e5c00 Thread added: 0x0000027555d63be0
Event: 126.723 Thread 0x00000275537e5c00 Thread added: 0x0000027555d66340
Event: 126.723 Thread 0x00000275537e5c00 Thread added: 0x0000027555d669d0
Event: 126.769 Thread 0x0000027555215d70 Thread added: 0x00000275552178b0


Dynamic libraries:
0x00007ff7eaaf0000 - 0x00007ff7eaafa000 	C:\Program Files\Android\Android Studio\jbr\bin\java.exe
0x00007ffba31c0000 - 0x00007ffba3423000 	C:\Windows\SYSTEM32\ntdll.dll
0x00007ffba2560000 - 0x00007ffba2628000 	C:\Windows\System32\KERNEL32.DLL
0x00007ffba0990000 - 0x00007ffba0d42000 	C:\Windows\System32\KERNELBASE.dll
0x00007ffba0590000 - 0x00007ffba06db000 	C:\Windows\System32\ucrtbase.dll
0x00007ffb98380000 - 0x00007ffb98398000 	C:\Program Files\Android\Android Studio\jbr\bin\jli.dll
0x00007ffb98400000 - 0x00007ffb9841b000 	C:\Program Files\Android\Android Studio\jbr\bin\VCRUNTIME140.dll
0x00007ffba2aa0000 - 0x00007ffba2c68000 	C:\Windows\System32\USER32.dll
0x00007ffb86790000 - 0x00007ffb86a20000 	C:\Windows\WinSxS\amd64_microsoft.windows.common-controls_6595b64144ccf1df_6.0.26100.2454_none_3e0b68a2e331ad60\COMCTL32.dll
0x00007ffba30d0000 - 0x00007ffba3179000 	C:\Windows\System32\msvcrt.dll
0x00007ffba0ff0000 - 0x00007ffba1017000 	C:\Windows\System32\win32u.dll
0x00007ffba1020000 - 0x00007ffba104a000 	C:\Windows\System32\GDI32.dll
0x00007ffba06e0000 - 0x00007ffba080b000 	C:\Windows\System32\gdi32full.dll
0x00007ffba0e80000 - 0x00007ffba0f23000 	C:\Windows\System32\msvcp_win.dll
0x00007ffba1050000 - 0x00007ffba107f000 	C:\Windows\System32\IMM32.DLL
0x00007ffb98460000 - 0x00007ffb9846c000 	C:\Program Files\Android\Android Studio\jbr\bin\vcruntime140_1.dll
0x00007ffb89650000 - 0x00007ffb896dd000 	C:\Program Files\Android\Android Studio\jbr\bin\msvcp140.dll
0x00007ffb3b110000 - 0x00007ffb3bda6000 	C:\Program Files\Android\Android Studio\jbr\bin\server\jvm.dll
0x00007ffba2760000 - 0x00007ffba2814000 	C:\Windows\System32\ADVAPI32.dll
0x00007ffba3020000 - 0x00007ffba30c6000 	C:\Windows\System32\sechost.dll
0x00007ffba2980000 - 0x00007ffba2a96000 	C:\Windows\System32\RPCRT4.dll
0x00007ffba2c70000 - 0x00007ffba2ce4000 	C:\Windows\System32\WS2_32.dll
0x00007ffb9f200000 - 0x00007ffb9f24e000 	C:\Windows\SYSTEM32\POWRPROF.dll
0x00007ffb874f0000 - 0x00007ffb87526000 	C:\Windows\SYSTEM32\WINMM.dll
0x00007ffb97ea0000 - 0x00007ffb97eab000 	C:\Windows\SYSTEM32\VERSION.dll
0x00007ffb9f1e0000 - 0x00007ffb9f1f4000 	C:\Windows\SYSTEM32\UMPDC.dll
0x00007ffb9f4a0000 - 0x00007ffb9f4ba000 	C:\Windows\SYSTEM32\kernel.appcore.dll
0x00007ffb983f0000 - 0x00007ffb983fa000 	C:\Program Files\Android\Android Studio\jbr\bin\jimage.dll
0x00007ffb9dc90000 - 0x00007ffb9ded1000 	C:\Windows\SYSTEM32\DBGHELP.DLL
0x00007ffba2110000 - 0x00007ffba248e000 	C:\Windows\System32\combase.dll
0x00007ffba1110000 - 0x00007ffba11e6000 	C:\Windows\System32\OLEAUT32.dll
0x00007ffb89fe0000 - 0x00007ffb8a019000 	C:\Windows\SYSTEM32\dbgcore.DLL
0x00007ffba0d50000 - 0x00007ffba0de9000 	C:\Windows\System32\bcryptPrimitives.dll
0x00007ffb98760000 - 0x00007ffb9876e000 	C:\Program Files\Android\Android Studio\jbr\bin\instrument.dll
0x00007ffb974c0000 - 0x00007ffb974e0000 	C:\Program Files\Android\Android Studio\jbr\bin\java.dll
0x00007ffb97450000 - 0x00007ffb97468000 	C:\Program Files\Android\Android Studio\jbr\bin\zip.dll
0x00007ffba1860000 - 0x00007ffba1f60000 	C:\Windows\System32\SHELL32.dll
0x00007ffb9e280000 - 0x00007ffb9eab1000 	C:\Windows\SYSTEM32\windows.storage.dll
0x00007ffba2630000 - 0x00007ffba270a000 	C:\Windows\System32\SHCORE.dll
0x00007ffba2920000 - 0x00007ffba297d000 	C:\Windows\System32\shlwapi.dll
0x00007ffba04a0000 - 0x00007ffba04ce000 	C:\Windows\SYSTEM32\profapi.dll
0x00007ffb98220000 - 0x00007ffb98230000 	C:\Program Files\Android\Android Studio\jbr\bin\net.dll
0x00007ffb999c0000 - 0x00007ffb99ae6000 	C:\Windows\SYSTEM32\WINHTTP.dll
0x00007ffb9f980000 - 0x00007ffb9f9e8000 	C:\Windows\system32\mswsock.dll
0x00007ffb958f0000 - 0x00007ffb95906000 	C:\Program Files\Android\Android Studio\jbr\bin\nio.dll
0x00007ffb8cd10000 - 0x00007ffb8cd20000 	C:\Program Files\Android\Android Studio\jbr\bin\verify.dll
0x00007ffb98480000 - 0x00007ffb984a7000 	C:\Users\Albaheth\.gradle\native\1def1411415f61bf3af743bc5b6707747c0891f09f0c88961ee8f79bc544acac\windows-amd64\native-platform.dll
0x00007ffb8b520000 - 0x00007ffb8b597000 	C:\Users\Albaheth\.gradle\native\0.2.8\x86_64-windows-gnu\gradle-fileevents.dll
0x00007ffb958e0000 - 0x00007ffb958e9000 	C:\Program Files\Android\Android Studio\jbr\bin\management.dll
0x00007ffb95810000 - 0x00007ffb9581b000 	C:\Program Files\Android\Android Studio\jbr\bin\management_ext.dll
0x00007ffba24d0000 - 0x00007ffba24d8000 	C:\Windows\System32\PSAPI.DLL
0x00007ffb9eef0000 - 0x00007ffb9ef22000 	C:\Windows\SYSTEM32\IPHLPAPI.DLL
0x00007ffba2e50000 - 0x00007ffba2e5a000 	C:\Windows\System32\NSI.dll
0x00007ffb98190000 - 0x00007ffb98199000 	C:\Program Files\Android\Android Studio\jbr\bin\extnet.dll
0x00007ffb9fd30000 - 0x00007ffb9fd4c000 	C:\Windows\SYSTEM32\CRYPTSP.dll
0x00007ffb9f400000 - 0x00007ffb9f438000 	C:\Windows\system32\rsaenh.dll
0x00007ffb9fa20000 - 0x00007ffb9fa4b000 	C:\Windows\SYSTEM32\USERENV.dll
0x00007ffb9fec0000 - 0x00007ffb9fee6000 	C:\Windows\SYSTEM32\bcrypt.dll
0x00007ffb9fbb0000 - 0x00007ffb9fbbc000 	C:\Windows\SYSTEM32\CRYPTBASE.dll
0x00007ffb1aab0000 - 0x00007ffb1aab8000 	C:\Windows\system32\wshunix.dll
0x00007ffb48bb0000 - 0x00007ffb48d48000 	C:\Program Files\Android\Android Studio\jbr\bin\awt.dll
0x00007ffb9a530000 - 0x00007ffb9a55e000 	C:\Windows\SYSTEM32\dwmapi.dll
0x00007ffb95820000 - 0x00007ffb95864000 	C:\Program Files\Android\Android Studio\jbr\bin\nvdaControllerClient64.dll
0x00007ffb61070000 - 0x00007ffb610ec000 	C:\Windows\SYSTEM32\OLEACC.dll
0x00007ffb97570000 - 0x00007ffb9760c000 	C:\Windows\SYSTEM32\apphelp.dll
0x00007ffb9a0f0000 - 0x00007ffb9a19d000 	C:\Windows\system32\uxtheme.dll
0x00007ffba2cf0000 - 0x00007ffba2e4c000 	C:\Windows\System32\MSCTF.dll
0x00007ffba1f70000 - 0x00007ffba2109000 	C:\Windows\System32\ole32.dll
0x00007ffb9f5c0000 - 0x00007ffb9f5f5000 	C:\Windows\SYSTEM32\ntmarta.dll
0x00007ffb985d0000 - 0x00007ffb985d7000 	C:\Program Files\Android\Android Studio\jbr\bin\rmi.dll

JVMTI agents:
C:\Users\Albaheth\.gradle\wrapper\dists\gradle-9.1.0-bin\9agqghryom9wkf8r80qlhnts3\gradle-9.1.0\lib\agents\gradle-instrumentation-agent-9.1.0.jar path:C:\Program Files\Android\Android Studio\jbr\bin\instrument.dll, loaded, initialized, instrumentlib options:none

dbghelp: loaded successfully - version: 4.0.5 - missing functions: none
symbol engine: initialized successfully - sym options: 0x614 - pdb path: .;C:\Program Files\Android\Android Studio\jbr\bin;C:\Windows\SYSTEM32;C:\Windows\WinSxS\amd64_microsoft.windows.common-controls_6595b64144ccf1df_6.0.26100.2454_none_3e0b68a2e331ad60;C:\Program Files\Android\Android Studio\jbr\bin\server;C:\Users\Albaheth\.gradle\native\1def1411415f61bf3af743bc5b6707747c0891f09f0c88961ee8f79bc544acac\windows-amd64;C:\Users\Albaheth\.gradle\native\0.2.8\x86_64-windows-gnu

VM Arguments:
jvm_args: --add-opens=java.base/java.lang=ALL-UNNAMED --add-opens=java.base/java.lang.invoke=ALL-UNNAMED --add-opens=java.base/java.util=ALL-UNNAMED --add-opens=java.prefs/java.util.prefs=ALL-UNNAMED --add-exports=jdk.compiler/com.sun.tools.javac.api=ALL-UNNAMED --add-exports=jdk.compiler/com.sun.tools.javac.util=ALL-UNNAMED --add-opens=java.base/java.util=ALL-UNNAMED --add-opens=java.prefs/java.util.prefs=ALL-UNNAMED --add-opens=java.base/java.nio.charset=ALL-UNNAMED --add-opens=java.base/java.net=ALL-UNNAMED --add-opens=java.base/java.util.concurrent=ALL-UNNAMED --add-opens=java.base/java.util.concurrent.atomic=ALL-UNNAMED --add-opens=java.xml/javax.xml.namespace=ALL-UNNAMED --add-opens=java.base/java.time=ALL-UNNAMED -Xmx2048m -Dfile.encoding=UTF-8 -Duser.country=US -Duser.language=en -Duser.variant -javaagent:C:\Users\Albaheth\.gradle\wrapper\dists\gradle-9.1.0-bin\9agqghryom9wkf8r80qlhnts3\gradle-9.1.0\lib\agents\gradle-instrumentation-agent-9.1.0.jar 
java_command: org.gradle.launcher.daemon.bootstrap.GradleDaemon 9.1.0
java_class_path (initial): C:\Users\Albaheth\.gradle\wrapper\dists\gradle-9.1.0-bin\9agqghryom9wkf8r80qlhnts3\gradle-9.1.0\lib\gradle-daemon-main-9.1.0.jar
Launcher Type: SUN_STANDARD

[Global flags]
     intx CICompilerCount                          = 4                                         {product} {ergonomic}
     uint ConcGCThreads                            = 2                                         {product} {ergonomic}
     uint G1ConcRefinementThreads                  = 8                                         {product} {ergonomic}
   size_t G1HeapRegionSize                         = 1048576                                   {product} {ergonomic}
    uintx GCDrainStackTargetSize                   = 64                                        {product} {ergonomic}
   size_t InitialHeapSize                          = 132120576                                 {product} {ergonomic}
   size_t MarkStackSize                            = 4194304                                   {product} {ergonomic}
   size_t MaxHeapSize                              = 2147483648                                {product} {command line}
   size_t MaxNewSize                               = 1287651328                                {product} {ergonomic}
   size_t MinHeapDeltaBytes                        = 1048576                                   {product} {ergonomic}
   size_t MinHeapSize                              = 8388608                                   {product} {ergonomic}
    uintx NonNMethodCodeHeapSize                   = 5839372                                {pd product} {ergonomic}
    uintx NonProfiledCodeHeapSize                  = 122909434                              {pd product} {ergonomic}
    uintx ProfiledCodeHeapSize                     = 122909434                              {pd product} {ergonomic}
    uintx ReservedCodeCacheSize                    = 251658240                              {pd product} {ergonomic}
     bool SegmentedCodeCache                       = true                                      {product} {ergonomic}
   size_t SoftMaxHeapSize                          = 2147483648                             {manageable} {ergonomic}
     bool UseCompressedOops                        = true                           {product lp64_product} {ergonomic}
     bool UseG1GC                                  = true                                      {product} {ergonomic}
     bool UseLargePagesIndividualAllocation        = false                                  {pd product} {ergonomic}

Logging:
Log output configuration:
 #0: stdout all=warning uptime,level,tags foldmultilines=false
 #1: stderr all=off uptime,level,tags foldmultilines=false

Release file:
JAVA_VERSION="21.0.9" 
MODULES="java.base java.compiler java.datatransfer java.xml java.prefs java.desktop java.instrument java.logging java.management java.security.sasl java.naming java.rmi java.management.rmi java.net.http java.scripting java.security.jgss java.transaction.xa java.sql java.sql.rowset java.xml.crypto java.se java.smartcardio jdk.accessibility jdk.internal.jvmstat jdk.attach jdk.charsets jdk.internal.opt jdk.zipfs jdk.compiler jdk.crypto.ec jdk.crypto.cryptoki jdk.dynalink jdk.hotspot.agent jdk.httpserver jdk.internal.ed jdk.internal.le jdk.internal.vm.ci jdk.jartool jdk.javadoc jdk.jcmd jdk.jdeps jdk.jdwp.agent jdk.jdi jdk.jfr jdk.jlink jdk.jsobject jdk.localedata jdk.management jdk.management.agent jdk.management.jfr jdk.naming.dns jdk.naming.rmi jdk.net jdk.sctp jdk.security.auth jdk.security.jgss jdk.unsupported jdk.unsupported.desktop jdk.xml.dom" 
IMPLEMENTOR="JetBrains s.r.o." 
JAVA_RUNTIME_VERSION="21.0.9+-14649483-b1163.86" 
LIBC="default" 
OS_ARCH="x86_64" 
OS_NAME="Windows" 
SOURCE=".:git:554d0c326095" 

Environment Variables:
JAVA_HOME=C:\oracleJdk-25
PATH=C:\oracleJdk-25\bin;C:\javafx-25;C:\xampp\php;C:\Windows\system32;C:\Windows;C:\Windows\System32\Wbem;C:\Windows\System32\WindowsPowerShell\v1.0\;C:\Windows\System32\OpenSSH\;C:\Program Files\dotnet\;C:\Program Files\Git\cmd;C:\Program Files\nodejs\;C:\Users\Albaheth\Downloads\winlibs-x86_64-posix-seh-gcc-14.2.0-llvm-18.1.8-mingw-w64ucrt-12.0.0-r1\mingw64\bin;C:\win_flex_bison-latest;C:\Users\Albaheth\Downloads\winlibs-x86_64-posix-seh-gcc-14.2.0-llvm-18.1.8-mingw-w64ucrt-12.0.0-r1\mingw64\bin;C:\Users\Albaheth\AppData\Local\Programs\Python\Python314\Scripts\;C:\Users\Albaheth\AppData\Local\Programs\Python\Python314\;C:\Users\Albaheth\AppData\Local\Programs\Python\Launcher\;C:\Users\Albaheth\AppData\Local\Microsoft\WindowsApps;C:\Users\Albaheth\AppData\Local\Programs\Microsoft VS Code\bin;C:\Users\Albaheth\AppData\Roaming\npm;C:\Flex Windows\gcc\bin;C:\Flex Windows\Lex\bin;C:\Flex Windows\bison\bin;C:\Users\Albaheth\Downloads\openjdk-25.0.1_windows-x64_bin\bin;
USERNAME=Dell Abir
OS=Windows_NT
PROCESSOR_IDENTIFIER=Intel64 Family 6 Model 142 Stepping 12, GenuineIntel
TMP=C:\Users\Albaheth\AppData\Local\Temp
TEMP=C:\Users\Albaheth\AppData\Local\Temp




Periodic native trim disabled

JNI global refs:
JNI global refs: 57, weak refs: 14

JNI global refs memory usage: 835, weak refs: 833

Process memory usage:
Resident Set Size: 631088K (7% of 8162212K total physical memory with 1267112K free physical memory)

OOME stack traces (most recent first):
Classloader memory used:
Loader java.net.URLClassLoader                                                         : 75545K
Loader org.gradle.internal.classloader.VisitableURLClassLoader                         : 46825K
Loader org.gradle.internal.classloader.VisitableURLClassLoader$InstrumentingVisitableURLClassLoader: 33445K
Loader bootstrap                                                                       : 33408K
Loader org.gradle.initialization.MixInLegacyTypesClassLoader                           : 13609K
Loader jdk.internal.loader.ClassLoaders$AppClassLoader                                 : 8744K
Loader jdk.internal.loader.ClassLoaders$PlatformClassLoader                            : 664K
Loader jdk.internal.jrtfs.JrtFileSystemProvider$JrtFsLoader                            : 620K
Loader jdk.internal.reflect.DelegatingClassLoader                                      : 601K
Loader org.gradle.internal.classloader.VisitableURLClassLoader                         : 312K
Loader org.gradle.groovy.scripts.internal.DefaultScriptCompilationHandler$ScriptClassLoader: 127K

Classes loaded by more than one classloader:
Class Program                                                                         : loaded 5 times (x 72B)
Class com.google.common.base.PairwiseEquivalence                                      : loaded 3 times (x 83B)
Class com.google.common.base.Equivalence$Identity                                     : loaded 3 times (x 82B)
Class com.google.common.base.Splitter$Strategy                                        : loaded 3 times (x 70B)
Class com.google.common.collect.RegularImmutableSet                                   : loaded 3 times (x 149B)
Class com.google.common.collect.Iterators$MergingIterator                             : loaded 3 times (x 81B)
Class com.google.common.collect.ImmutableList$SubList                                 : loaded 3 times (x 209B)
Class com.google.common.collect.ImmutableSet$SetBuilderImpl                           : loaded 3 times (x 76B)
Class com.google.common.collect.Maps$EntrySet                                         : loaded 3 times (x 136B)
Class com.google.common.collect.ImmutableMultimap$EntryCollection                     : loaded 3 times (x 128B)
Class com.google.common.collect.ImmutableList                                         : loaded 3 times (x 206B)
Class jdk.internal.jimage.BasicImageReader                                            : loaded 3 times (x 95B)
Class com.google.common.collect.ImmutableSet$EmptySetBuilderImpl                      : loaded 3 times (x 76B)
Class [Lcom.google.common.base.AbstractIterator$State;                                : loaded 3 times (x 69B)
Class com.google.common.base.CharMatcher$IsEither                                     : loaded 3 times (x 111B)
Class com.google.common.collect.ImmutableMultimap$Builder                             : loaded 3 times (x 83B)
Class Build_gradle                                                                    : loaded 3 times (x 126B)
Class com.google.common.collect.ImmutableSet$Builder                                  : loaded 3 times (x 85B)
Class com.google.common.base.CharMatcher$InRange                                      : loaded 3 times (x 111B)
Class com.google.common.collect.ImmutableMapEntrySet$RegularEntrySet                  : loaded 3 times (x 152B)
Class com.google.common.collect.Maps$BiMapConverter                                   : loaded 3 times (x 90B)
Class com.google.common.base.Joiner$2                                                 : loaded 3 times (x 79B)
Class com.google.common.base.CharMatcher$NamedFastMatcher                             : loaded 3 times (x 112B)
Class com.google.common.collect.AbstractMapBasedMultimap$WrappedCollection            : loaded 3 times (x 124B)
Class com.google.common.collect.ImmutableEnumSet                                      : loaded 3 times (x 146B)
Class com.google.common.collect.ImmutableList$1                                       : loaded 3 times (x 97B)
Class com.google.common.base.CharMatcher$1                                            : loaded 3 times (x 113B)
Class com.google.common.collect.PeekingIterator                                       : loaded 3 times (x 70B)
Class com.google.common.base.Joiner$1                                                 : loaded 3 times (x 80B)
Class com.google.common.base.CharMatcher                                              : loaded 3 times (x 111B)
Class com.google.common.base.Preconditions                                            : loaded 3 times (x 71B)
Class com.google.common.collect.Hashing                                               : loaded 3 times (x 71B)
Class com.google.common.collect.RegularImmutableMap                                   : loaded 3 times (x 121B)
Class com.google.common.collect.ImmutableMap$MapViewOfValuesAsSingletonSets           : loaded 3 times (x 126B)
Class com.google.common.base.Equivalence$Equals                                       : loaded 3 times (x 82B)
Class com.google.common.base.CharMatcher$Is                                           : loaded 3 times (x 111B)
Class com.google.common.base.CharMatcher$Negated                                      : loaded 3 times (x 113B)
Class com.google.common.collect.UnmodifiableListIterator                              : loaded 3 times (x 95B)
Class com.google.common.collect.RegularImmutableBiMap                                 : loaded 3 times (x 149B)
Class com.google.common.collect.ImmutableMultimap$2                                   : loaded 3 times (x 81B)
Class com.google.common.collect.AbstractIterator$State                                : loaded 3 times (x 79B)
Class com.google.common.collect.ImmutableMultimap$1                                   : loaded 3 times (x 82B)
Class com.google.common.base.Suppliers                                                : loaded 3 times (x 71B)
Class com.google.common.collect.RegularImmutableMap$BucketOverflowException           : loaded 3 times (x 82B)
Class com.google.common.base.Suppliers$NonSerializableMemoizingSupplier               : loaded 3 times (x 79B)
Class jdk.internal.jrtfs.JrtFileSystem                                                : loaded 3 times (x 102B)
Class com.google.common.collect.ImmutableSet$RegularSetBuilderImpl                    : loaded 3 times (x 77B)
Class com.google.common.collect.ImmutableMapKeySet                                    : loaded 3 times (x 152B)
Class com.google.common.collect.SortedMapDifference                                   : loaded 3 times (x 70B)
Class com.google.common.collect.CollectPreconditions                                  : loaded 3 times (x 71B)
Class com.google.common.base.Suppliers$MemoizingSupplier                              : loaded 3 times (x 79B)
Class [Lcom.google.common.collect.AbstractIterator$State;                             : loaded 3 times (x 69B)
Class jdk.internal.jimage.ImageStrings                                                : loaded 3 times (x 70B)
Class com.google.common.base.CharMatcher$None                                         : loaded 3 times (x 112B)
Class com.google.common.collect.ImmutableEntry                                        : loaded 3 times (x 82B)
Class [Lcom.google.common.collect.AbstractMapEntry;                                   : loaded 3 times (x 69B)
Class com.google.common.collect.ArrayListMultimap                                     : loaded 3 times (x 172B)
Class com.google.common.base.CharMatcher$NegatedFastMatcher                           : loaded 3 times (x 113B)
Class com.google.common.base.Predicate                                                : loaded 3 times (x 70B)
Class com.google.common.collect.ImmutableMap                                          : loaded 3 times (x 120B)
Class [Lcom.google.common.collect.ImmutableMapEntry;                                  : loaded 3 times (x 69B)
Class com.google.common.collect.Sets                                                  : loaded 3 times (x 71B)
Class com.google.common.base.CharMatcher$FastMatcher                                  : loaded 3 times (x 111B)
Class com.google.common.base.Supplier                                                 : loaded 3 times (x 70B)
Class com.google.common.base.CharMatcher$Or                                           : loaded 3 times (x 112B)
Class com.google.common.collect.ImmutableEnumMap                                      : loaded 3 times (x 126B)
Class com.google.common.collect.ListMultimap                                          : loaded 3 times (x 70B)
Class com.google.common.collect.ImmutableMultisetGwtSerializationDependencies         : loaded 3 times (x 125B)
Class com.google.common.collect.ImmutableSet                                          : loaded 3 times (x 145B)
Class com.google.common.base.CharMatcher$BitSetMatcher                                : loaded 3 times (x 112B)
Class com.google.common.collect.RegularImmutableMap$Values                            : loaded 3 times (x 207B)
Class com.google.common.base.AbstractIterator                                         : loaded 3 times (x 80B)
Class com.google.common.base.Splitter                                                 : loaded 3 times (x 72B)
Class com.google.common.collect.Sets$1                                                : loaded 3 times (x 139B)
Class com.google.common.math.IntMath$1                                                : loaded 3 times (x 71B)
Class com.google.common.graph.SuccessorsFunction                                      : loaded 3 times (x 70B)
Class com.google.common.collect.Sets$SetView                                          : loaded 3 times (x 138B)
Class com.google.common.collect.Maps$8                                                : loaded 3 times (x 82B)
Class jdk.internal.jimage.ImageReader$Directory                                       : loaded 3 times (x 84B)
Class com.google.common.collect.CollectSpliterators                                   : loaded 3 times (x 71B)
Class com.google.common.collect.AbstractMapBasedMultimap$AsMap                        : loaded 3 times (x 128B)
Class [Lcom.google.common.collect.ImmutableEntry;                                     : loaded 3 times (x 69B)
Class com.google.common.collect.Maps                                                  : loaded 3 times (x 71B)
Class com.google.common.collect.Maps$ViewCachingAbstractMap                           : loaded 3 times (x 125B)
Class jdk.internal.jrtfs.JrtPath                                                      : loaded 3 times (x 118B)
Class com.google.common.collect.Sets$2                                                : loaded 3 times (x 139B)
Class jdk.internal.jimage.ImageBufferCache                                            : loaded 3 times (x 71B)
Class com.google.common.collect.RegularImmutableList                                  : loaded 3 times (x 213B)
Class com.google.common.collect.IndexedImmutableSet$1                                 : loaded 3 times (x 213B)
Class com.google.common.base.Equivalence                                              : loaded 3 times (x 82B)
Class com.google.common.base.Function                                                 : loaded 3 times (x 70B)
Class com.google.common.collect.ImmutableMapEntry$NonTerminalImmutableMapEntry        : loaded 3 times (x 85B)
Class com.google.common.collect.ImmutableMultimap                                     : loaded 3 times (x 147B)
Class com.google.common.collect.ImmutableMapEntry                                     : loaded 3 times (x 85B)
Class com.google.common.base.AbstractIterator$State                                   : loaded 3 times (x 79B)
Class com.google.common.math.IntMath                                                  : loaded 3 times (x 71B)
Class com.google.common.collect.Sets$3                                                : loaded 3 times (x 139B)
Class com.google.common.base.CharMatcher$IsNot                                        : loaded 3 times (x 111B)
Class com.google.common.base.CommonPattern                                            : loaded 3 times (x 74B)
Class com.google.common.collect.Maps$EntryTransformer                                 : loaded 3 times (x 70B)
Class jdk.internal.jimage.decompressor.Decompressor                                   : loaded 3 times (x 72B)
Class com.google.common.collect.ImmutableMultiset                                     : loaded 3 times (x 163B)
Class com.google.common.collect.ImmutableAsList                                       : loaded 3 times (x 209B)
Class com.google.common.collect.Iterators$9                                           : loaded 3 times (x 81B)
Class com.google.common.base.FunctionalEquivalence                                    : loaded 3 times (x 83B)
Class com.google.common.collect.Sets$4                                                : loaded 3 times (x 139B)
Class com.google.common.collect.AbstractMapBasedMultimap                              : loaded 3 times (x 139B)
Class com.google.common.collect.ImmutableSet$CachingAsList                            : loaded 3 times (x 148B)
Class com.google.common.base.Converter                                                : loaded 3 times (x 90B)
Class com.google.common.collect.Lists                                                 : loaded 3 times (x 71B)
Class jdk.internal.jimage.BasicImageReader$1                                          : loaded 3 times (x 77B)
Class com.google.common.collect.ImmutableCollection                                   : loaded 3 times (x 125B)
Class com.google.common.base.CharMatcher$AnyOf                                        : loaded 3 times (x 112B)
Class jdk.internal.jimage.ImageReader$Node                                            : loaded 3 times (x 84B)
Class com.google.common.base.CharMatcher$ForPredicate                                 : loaded 3 times (x 112B)
Class com.google.common.collect.ImmutableMultimap$Values                              : loaded 3 times (x 126B)
Class com.google.common.collect.ImmutableSet$JdkBackedSetBuilderImpl                  : loaded 3 times (x 76B)
Class com.google.common.collect.Iterators$5                                           : loaded 3 times (x 82B)
Class com.google.common.base.Splitter$SplittingIterator                               : loaded 3 times (x 84B)
Class com.google.common.collect.Iterators$4                                           : loaded 3 times (x 82B)
Class com.google.common.collect.ImmutableBiMap                                        : loaded 3 times (x 143B)
Class com.google.common.collect.AbstractListMultimap                                  : loaded 3 times (x 172B)
Class com.google.common.base.Splitter$1                                               : loaded 3 times (x 77B)
Class jdk.internal.jimage.ImageReader$SharedImageReader                               : loaded 3 times (x 95B)
Class com.google.common.collect.MapDifference                                         : loaded 3 times (x 70B)
Class com.google.common.collect.AbstractMapBasedMultimap$AsMap$AsMapEntries           : loaded 3 times (x 138B)
Class jdk.internal.jimage.ImageReader                                                 : loaded 3 times (x 75B)
Class com.google.common.collect.SingletonImmutableSet                                 : loaded 3 times (x 146B)
Class com.google.common.collect.ImmutableMap$IteratorBasedImmutableMap                : loaded 3 times (x 126B)
Class com.google.common.collect.Iterators$1                                           : loaded 3 times (x 81B)
Class jdk.internal.jimage.ImageStringsReader                                          : loaded 3 times (x 80B)
Class com.google.common.collect.ImmutableList$ReverseImmutableList                    : loaded 3 times (x 209B)
Class com.google.common.base.JdkPattern                                               : loaded 3 times (x 75B)
Class com.google.common.collect.RegularImmutableMap$KeySet                            : loaded 3 times (x 152B)
Class com.google.common.collect.SingletonImmutableList                                : loaded 3 times (x 207B)
Class com.google.common.base.ExtraObjectsMethodsForWeb                                : loaded 3 times (x 71B)
Class com.google.common.collect.Multimap                                              : loaded 3 times (x 70B)
Class com.google.common.collect.ImmutableMultimap$Keys                                : loaded 3 times (x 166B)
Class com.google.common.primitives.IntsMethodsForWeb                                  : loaded 3 times (x 71B)
Class com.google.common.collect.ImmutableMap$Builder                                  : loaded 3 times (x 82B)
Class com.google.common.base.NullnessCasts                                            : loaded 3 times (x 71B)
Class jdk.internal.jimage.ImageHeader                                                 : loaded 3 times (x 71B)
Class com.google.common.collect.ImmutableMapEntrySet                                  : loaded 3 times (x 152B)
Class com.google.common.math.MathPreconditions                                        : loaded 3 times (x 71B)
Class com.google.common.collect.ImmutableListMultimap                                 : loaded 3 times (x 176B)
Class com.google.common.collect.Iterators$ArrayItr                                    : loaded 3 times (x 97B)
Class com.google.common.collect.ImmutableCollection$Builder                           : loaded 3 times (x 76B)
Class com.google.common.collect.AbstractIndexedListIterator                           : loaded 3 times (x 96B)
Class com.google.common.collect.ObjectArrays                                          : loaded 3 times (x 71B)
Class com.google.common.collect.ArrayListMultimapGwtSerializationDependencies         : loaded 3 times (x 172B)
Class com.google.common.collect.Multiset                                              : loaded 3 times (x 70B)
Class com.google.common.collect.AbstractIterator                                      : loaded 3 times (x 82B)
Class com.google.common.primitives.Ints                                               : loaded 3 times (x 71B)
Class com.google.common.collect.BiMap                                                 : loaded 3 times (x 70B)
Class com.google.common.collect.EmptyImmutableListMultimap                            : loaded 3 times (x 176B)
Class com.google.common.collect.BaseImmutableMultimap                                 : loaded 3 times (x 123B)
Class com.google.common.base.Joiner                                                   : loaded 3 times (x 79B)
Class com.google.common.collect.ImmutableMap$1                                        : loaded 3 times (x 81B)
Class com.google.common.collect.IndexedImmutableSet                                   : loaded 3 times (x 152B)
Class com.google.common.base.Objects                                                  : loaded 3 times (x 71B)
Class jdk.internal.jimage.ImageBufferCache$2                                          : loaded 3 times (x 91B)
Class com.google.common.base.CharMatcher$And                                          : loaded 3 times (x 112B)
Class jdk.internal.jimage.ImageBufferCache$1                                          : loaded 3 times (x 83B)
Class com.google.common.collect.Lists$StringAsImmutableList                           : loaded 3 times (x 207B)
Class com.google.common.collect.Platform                                              : loaded 3 times (x 71B)
Class com.google.common.collect.UnmodifiableIterator                                  : loaded 3 times (x 80B)
Class jdk.internal.jimage.ImageLocation                                               : loaded 3 times (x 90B)
Class com.google.common.collect.Iterators                                             : loaded 3 times (x 71B)
Class com.google.common.collect.RegularImmutableAsList                                : loaded 3 times (x 217B)
Class com.google.common.collect.ImmutableList$Builder                                 : loaded 3 times (x 77B)
Class jdk.internal.jrtfs.JrtFileSystemProvider                                        : loaded 3 times (x 101B)
Class com.google.common.collect.SingletonImmutableBiMap                               : loaded 3 times (x 143B)
Class com.google.common.collect.AbstractMapEntry                                      : loaded 3 times (x 81B)
Class com.google.common.base.Ascii                                                    : loaded 3 times (x 71B)
Class com.google.common.collect.Iterators$SingletonIterator                           : loaded 3 times (x 81B)
Class com.google.common.collect.AbstractMultimap                                      : loaded 3 times (x 123B)
Class com.google.common.collect.Sets$ImprovedAbstractSet                              : loaded 3 times (x 135B)
Class com.google.common.collect.Iterables                                             : loaded 3 times (x 71B)
Class kotlin.Pair                                                                     : loaded 2 times (x 72B)
Class com.google.common.cache.LocalCache$1                                            : loaded 2 times (x 89B)
Class com.google.common.collect.AbstractSetMultimap                                   : loaded 2 times (x 174B)
Class kotlin.reflect.KProperty1                                                       : loaded 2 times (x 70B)
Class kotlin.reflect.KClass                                                           : loaded 2 times (x 70B)
Class org.gradle.internal.service.ServiceLocator                                      : loaded 2 times (x 70B)
Class kotlin.reflect.KProperty2                                                       : loaded 2 times (x 70B)
Class kotlin.sequences.GeneratorSequence$iterator$1                                   : loaded 2 times (x 79B)
Class kotlin.collections.CollectionsKt__MutableCollectionsKt                          : loaded 2 times (x 71B)
Class kotlin.io.CloseableKt                                                           : loaded 2 times (x 71B)
Class com.google.common.collect.MapMakerInternalMap$AbstractStrongKeyEntry            : loaded 2 times (x 80B)
Class com.google.common.cache.LocalCache$2                                            : loaded 2 times (x 142B)
Class com.google.common.collect.SortedIterables                                       : loaded 2 times (x 71B)
Class [Lorg.objectweb.asm.Type;                                                       : loaded 2 times (x 69B)
Class kotlin.io.TerminateException                                                    : loaded 2 times (x 82B)
Class kotlin.io.FilesKt__FilePathComponentsKt                                         : loaded 2 times (x 71B)
Class kotlin.reflect.KCallable                                                        : loaded 2 times (x 70B)
Class kotlin.coroutines.CoroutineContext$Element                                      : loaded 2 times (x 70B)
Class kotlin.Result                                                                   : loaded 2 times (x 72B)
Class kotlin.collections.AbstractIterator                                             : loaded 2 times (x 83B)
Class kotlin.io.LinesSequence$iterator$1                                              : loaded 2 times (x 79B)
Class kotlin.text.CharsKt                                                             : loaded 2 times (x 71B)
Class com.google.common.base.Optional                                                 : loaded 2 times (x 80B)
Class com.google.common.util.concurrent.AbstractFuture$Trusted                        : loaded 2 times (x 70B)
Class jdk.internal.jrtfs.JrtDirectoryStream$1                                         : loaded 2 times (x 83B)
Class kotlin.reflect.KProperty0                                                       : loaded 2 times (x 70B)
Class com.google.common.collect.ExplicitOrdering                                      : loaded 2 times (x 115B)
Class com.google.common.base.Splitter$5                                               : loaded 2 times (x 80B)
Class kotlin.coroutines.ContinuationInterceptor$Key                                   : loaded 2 times (x 71B)
Class kotlin.text.DelimitedRangesSequence$iterator$1                                  : loaded 2 times (x 79B)
Class com.google.common.io.ByteSink$AsCharSink                                        : loaded 2 times (x 80B)
Class com.google.common.util.concurrent.UncheckedExecutionException                   : loaded 2 times (x 82B)
Class org.gradle.kotlin.dsl.VersionCatalogAccessorsKt                                 : loaded 2 times (x 71B)
Class kotlin.collections.builders.MapBuilder$EntriesItr                               : loaded 2 times (x 81B)
Class kotlin.io.FileTreeWalk$FileTreeWalkIterator$WhenMappings                        : loaded 2 times (x 71B)
Class org.gradle.internal.InternalTransformer                                         : loaded 2 times (x 70B)
Class com.google.common.base.MoreObjects                                              : loaded 2 times (x 71B)
Class com.google.common.collect.ImmutableBiMap$Builder                                : loaded 2 times (x 82B)
Class kotlin.collections.CollectionsKt__IteratorsJVMKt                                : loaded 2 times (x 71B)
Class kotlin.DeprecationLevel                                                         : loaded 2 times (x 79B)
Class kotlin.collections.ArraysKt___ArraysKt$asSequence$$inlined$Sequence$1           : loaded 2 times (x 75B)
Class kotlin.time.DurationUnitKt__DurationUnitJvmKt                                   : loaded 2 times (x 71B)
Class kotlin.collections.MapsKt__MapsJVMKt                                            : loaded 2 times (x 71B)
Class kotlin.collections.EmptyList                                                    : loaded 2 times (x 174B)
Class com.google.common.collect.AbstractMapBasedMultimap$KeySet$1                     : loaded 2 times (x 82B)
Class org.objectweb.asm.ClassWriter                                                   : loaded 2 times (x 106B)
Class com.google.common.cache.CacheLoader$UnsupportedLoadingOperationException        : loaded 2 times (x 82B)
Class org.gradle.internal.classloader.ClasspathUtil$1                                 : loaded 2 times (x 76B)
Class kotlin.collections.builders.ListBuilder                                         : loaded 2 times (x 207B)
Class kotlin.collections.builders.ListBuilder$Companion                               : loaded 2 times (x 71B)
Class kotlin.collections.builders.AbstractMapBuilderEntrySet                          : loaded 2 times (x 144B)
Class kotlin.comparisons.ComparisonsKt___ComparisonsJvmKt                             : loaded 2 times (x 71B)
Class jdk.internal.jrtfs.SystemImage$2                                                : loaded 2 times (x 76B)
Class kotlin.coroutines.ContinuationKt                                                : loaded 2 times (x 71B)
Class kotlin.collections.builders.ListBuilderKt                                       : loaded 2 times (x 71B)
Class com.google.common.collect.FluentIterable$1                                      : loaded 2 times (x 81B)
Class org.objectweb.asm.FieldVisitor                                                  : loaded 2 times (x 77B)
Class org.gradle.api.internal.classpath.DefaultModuleRegistry$DefaultModule           : loaded 2 times (x 86B)
Class com.google.common.collect.NullsFirstOrdering                                    : loaded 2 times (x 115B)
Class com.google.common.cache.CacheLoader$FunctionToCacheLoader                       : loaded 2 times (x 75B)
Class kotlin.enums.EnumEntriesList                                                    : loaded 2 times (x 223B)
Class kotlin.ResultKt                                                                 : loaded 2 times (x 71B)
Class com.google.common.base.Absent                                                   : loaded 2 times (x 80B)
Class com.google.common.collect.FluentIterable$2                                      : loaded 2 times (x 81B)
Class kotlin.jvm.internal.FunctionBase                                                : loaded 2 times (x 70B)
Class [Lkotlin.coroutines.intrinsics.CoroutineSingletons;                             : loaded 2 times (x 69B)
Class kotlin.jvm.internal.FunctionReference                                           : loaded 2 times (x 122B)
Class [Lkotlin.annotation.AnnotationTarget;                                           : loaded 2 times (x 69B)
Class com.google.common.collect.Maps$IteratorBasedAbstractMap$1                       : loaded 2 times (x 138B)
Class kotlin.collections.IndexingIterable                                             : loaded 2 times (x 79B)
Class kotlin.Result$Failure                                                           : loaded 2 times (x 72B)
Class kotlin.collections.ArraysKt__ArraysKt                                           : loaded 2 times (x 71B)
Class com.google.common.collect.FluentIterable$3                                      : loaded 2 times (x 81B)
Class com.google.common.collect.ImmutableSetMultimap$Builder                          : loaded 2 times (x 83B)
Class com.google.common.collect.LinkedHashMultimap$ValueSet                           : loaded 2 times (x 142B)
Class dagger.hilt.processor.internal.optionvalues.GradleProjectType                   : loaded 2 times (x 79B)
Class kotlin.collections.SetsKt__SetsJVMKt                                            : loaded 2 times (x 71B)
Class kotlin.Function                                                                 : loaded 2 times (x 70B)
Class org.gradle.api.internal.classpath.Module                                        : loaded 2 times (x 70B)
Class [Lcom.google.common.collect.LinkedHashMultimap$ValueSetLink;                    : loaded 2 times (x 69B)
Class kotlin.KotlinVersion                                                            : loaded 2 times (x 74B)
Class kotlin.reflect.KMutableProperty                                                 : loaded 2 times (x 70B)
Class kotlin.io.FileAlreadyExistsException                                            : loaded 2 times (x 82B)
Class kotlin.internal.ProgressionUtilKt                                               : loaded 2 times (x 71B)
Class com.google.common.cache.Weigher                                                 : loaded 2 times (x 70B)
Class org.gradle.api.internal.classpath.UnknownModuleException                        : loaded 2 times (x 82B)
Class jdk.internal.jrtfs.SystemImage$1                                                : loaded 2 times (x 78B)
Class kotlin.jvm.internal.PropertyReference                                           : loaded 2 times (x 115B)
Class com.google.common.base.Stopwatch                                                : loaded 2 times (x 72B)
Class com.google.common.cache.LocalCache$Strength                                     : loaded 2 times (x 81B)
Class com.google.common.cache.Cache                                                   : loaded 2 times (x 70B)
Class org.gradle.internal.classloader.InstrumentingClassLoader                        : loaded 2 times (x 70B)
Class org.gradle.internal.classpath.TransformedClassPath                              : loaded 2 times (x 96B)
Class kotlin.collections.IndexingIterator                                             : loaded 2 times (x 79B)
Class com.google.common.io.AppendableWriter                                           : loaded 2 times (x 100B)
Class com.google.common.util.concurrent.AbstractFuture$Cancellation                   : loaded 2 times (x 72B)
Class com.google.common.collect.Maps$TransformedEntriesMap                            : loaded 2 times (x 127B)
Class com.google.common.collect.LinkedHashMultimap                                    : loaded 2 times (x 175B)
Class com.google.common.collect.ImmutableMap$IteratorBasedImmutableMap$1EntrySetImpl  : loaded 2 times (x 154B)
Class com.google.common.collect.AbstractMapBasedMultimap$AsMap$AsMapIterator          : loaded 2 times (x 83B)
Class [Lkotlin.reflect.KAnnotatedElement;                                             : loaded 2 times (x 69B)
Class com.google.common.base.Present                                                  : loaded 2 times (x 81B)
Class com.google.common.cache.RemovalListener                                         : loaded 2 times (x 70B)
Class org.gradle.api.internal.DefaultClassPathRegistry                                : loaded 2 times (x 76B)
Class com.google.common.cache.CacheBuilder$NullListener                               : loaded 2 times (x 82B)
Class org.objectweb.asm.FieldWriter                                                   : loaded 2 times (x 78B)
Class com.google.common.collect.MapMaker$Dummy                                        : loaded 2 times (x 79B)
Class kotlin.annotation.AnnotationTarget                                              : loaded 2 times (x 79B)
Class kotlin.jvm.JvmClassMappingKt                                                    : loaded 2 times (x 71B)
Class kotlin.jvm.internal.Reflection                                                  : loaded 2 times (x 71B)
Class kotlin.reflect.KProperty                                                        : loaded 2 times (x 70B)
Class kotlin.ranges.ClosedRange                                                       : loaded 2 times (x 70B)
Class org.gradle.api.internal.ClassPathRegistry                                       : loaded 2 times (x 70B)
Class org.gradle.internal.classpath.DefaultClassPath$ImmutableUniqueList              : loaded 2 times (x 199B)
Class jdk.internal.jimage.decompressor.ResourceDecompressor                           : loaded 2 times (x 70B)
Class kotlin._Assertions                                                              : loaded 2 times (x 71B)
Class kotlin.collections.IntIterator                                                  : loaded 2 times (x 82B)
Class kotlin.jvm.internal.TypeIntrinsics                                              : loaded 2 times (x 71B)
Class kotlin.text.StringsKt__StringsJVMKt                                             : loaded 2 times (x 71B)
Class com.google.common.collect.NullnessCasts                                         : loaded 2 times (x 71B)
Class com.google.common.collect.MapMakerInternalMap$Segment                           : loaded 2 times (x 142B)
Class kotlin.text.Regex$Companion                                                     : loaded 2 times (x 71B)
Class kotlin.time.DurationUnit                                                        : loaded 2 times (x 79B)
Class kotlin.text.StringsKt__IndentKt                                                 : loaded 2 times (x 71B)
Class kotlin.collections.SetsKt                                                       : loaded 2 times (x 71B)
Class jdk.internal.jimage.ImageReader$LinkNode                                        : loaded 2 times (x 84B)
Class com.google.common.io.ByteSink                                                   : loaded 2 times (x 76B)
Class com.google.common.cache.CacheBuilder                                            : loaded 2 times (x 72B)
Class Settings_gradle$1                                                               : loaded 2 times (x 74B)
Class org.gradle.internal.classpath.ClassPath                                         : loaded 2 times (x 70B)
Class com.google.common.collect.LinkedHashMultimap$ValueSet$1                         : loaded 2 times (x 82B)
Class com.google.common.base.Equivalence$Wrapper                                      : loaded 2 times (x 72B)
Class com.google.common.cache.LocalCache$Strength$3                                   : loaded 2 times (x 81B)
Class com.google.common.collect.Interner                                              : loaded 2 times (x 70B)
Class kotlin.collections.ArrayDeque                                                   : loaded 2 times (x 207B)
Class kotlin.reflect.KFunction                                                        : loaded 2 times (x 70B)
Class com.google.common.collect.Interners$InternerBuilder                             : loaded 2 times (x 76B)
Class com.google.common.io.Files$FileByteSource                                       : loaded 2 times (x 85B)
Class com.google.common.collect.Sets$1$1                                              : loaded 2 times (x 82B)
Class kotlin.time.DurationUnitKt__DurationUnitKt                                      : loaded 2 times (x 71B)
Class [Lkotlin.reflect.KDeclarationContainer;                                         : loaded 2 times (x 69B)
Class kotlin.jvm.internal.Lambda                                                      : loaded 2 times (x 75B)
Class kotlin.collections.MapsKt__MapsKt                                               : loaded 2 times (x 71B)
Class com.google.common.io.CharStreams$NullWriter                                     : loaded 2 times (x 99B)
Class org.objectweb.asm.SymbolTable$Entry                                             : loaded 2 times (x 74B)
Class com.google.common.collect.Interners$InternerImpl                                : loaded 2 times (x 75B)
Class [Lcom.google.common.base.CaseFormat;                                            : loaded 2 times (x 69B)
Class kotlin.collections.CollectionsKt__CollectionsKt                                 : loaded 2 times (x 71B)
Class kotlin.jvm.internal.markers.KMutableMap$Entry                                   : loaded 2 times (x 70B)
Class org.objectweb.asm.Edge                                                          : loaded 2 times (x 72B)
Class com.google.common.base.Suppliers$SupplierOfInstance                             : loaded 2 times (x 79B)
Class ijJvmDebugger1_4nk09ie7rajpf56fhqp8qjy4i$_run_closure1$_closure2                : loaded 2 times (x 140B)
Class kotlin.collections.ArraysKt___ArraysJvmKt                                       : loaded 2 times (x 71B)
Class kotlin.text.StringsKt__RegexExtensionsJVMKt                                     : loaded 2 times (x 71B)
Class kotlin.properties.Delegates                                                     : loaded 2 times (x 71B)
Class kotlin.Metadata                                                                 : loaded 2 times (x 70B)
Class kotlin.collections.AbstractMutableSet                                           : loaded 2 times (x 142B)
Class com.google.devtools.ksp.processing.KSPJvmConfig                                 : loaded 2 times (x 72B)
Class kotlin.UninitializedPropertyAccessException                                     : loaded 2 times (x 82B)
Class com.google.common.cache.LocalCache$ComputingValueReference                      : loaded 2 times (x 96B)
Class kotlin.reflect.KTypeParameter                                                   : loaded 2 times (x 70B)
Class com.google.common.collect.MultimapBuilder                                       : loaded 2 times (x 73B)
Class com.google.common.base.CaseFormat$5                                             : loaded 2 times (x 83B)
Class kotlin.reflect.KProperty$Getter                                                 : loaded 2 times (x 70B)
Class com.google.common.cache.LocalCache$Segment                                      : loaded 2 times (x 154B)
Class ijJvmDebugger1_4nk09ie7rajpf56fhqp8qjy4i$_run_closure1                          : loaded 2 times (x 139B)
Class com.google.common.collect.TransformedIterator                                   : loaded 2 times (x 80B)
Class com.google.common.collect.SortedIterable                                        : loaded 2 times (x 70B)
Class com.google.common.collect.AllEqualOrdering                                      : loaded 2 times (x 114B)
Class jdk.internal.jrtfs.JrtFileStore                                                 : loaded 2 times (x 83B)
Class com.google.common.cache.LocalCache$Strength$2                                   : loaded 2 times (x 81B)
Class kotlin.time.DurationJvmKt                                                       : loaded 2 times (x 71B)
Class kotlin.SafePublicationLazyImpl                                                  : loaded 2 times (x 76B)
Class [Lorg.objectweb.asm.SymbolTable$Entry;                                          : loaded 2 times (x 69B)
Class com.google.common.cache.CacheLoader                                             : loaded 2 times (x 74B)
Class org.gradle.internal.installation.GradleInstallation$1                           : loaded 2 times (x 75B)
Class org.gradle.api.internal.classpath.ModuleRegistry                                : loaded 2 times (x 70B)
Class jdk.internal.jimage.decompressor.ResourceDecompressorFactory                    : loaded 2 times (x 74B)
Class com.google.common.util.concurrent.SettableFuture                                : loaded 2 times (x 114B)
Class kotlin.coroutines.jvm.internal.ContinuationImpl                                 : loaded 2 times (x 87B)
Class kotlin.coroutines.jvm.internal.SuspendLambda                                    : loaded 2 times (x 91B)
Class com.google.devtools.ksp.processing.KSPLogger                                    : loaded 2 times (x 70B)
Class com.google.common.util.concurrent.internal.InternalFutureFailureAccess          : loaded 2 times (x 72B)
Class com.google.common.collect.MultimapBuilder$ArrayListSupplier                     : loaded 2 times (x 77B)
Class com.google.common.collect.ImmutableSortedAsList                                 : loaded 2 times (x 221B)
Class com.google.common.collect.Iterators$6                                           : loaded 2 times (x 81B)
Class kotlin.collections.MapWithDefault                                               : loaded 2 times (x 70B)
Class kotlin.jvm.functions.Function22                                                 : loaded 2 times (x 70B)
Class kotlin.text.RegexKt                                                             : loaded 2 times (x 71B)
Class kotlin.time.Duration$Companion                                                  : loaded 2 times (x 71B)
Class kotlin.coroutines.intrinsics.IntrinsicsKt__IntrinsicsKt                         : loaded 2 times (x 71B)
Class com.google.common.cache.LocalCache$LocalManualCache$1                           : loaded 2 times (x 75B)
Class kotlin.collections.builders.MapBuilderEntries                                   : loaded 2 times (x 145B)
Class com.google.common.collect.Multimaps$CustomListMultimap                          : loaded 2 times (x 174B)
Class kotlin.annotation.AnnotationRetention                                           : loaded 2 times (x 79B)
Class com.google.common.base.CaseFormat$4                                             : loaded 2 times (x 83B)
Class kotlin.io.FilesKt__UtilsKt                                                      : loaded 2 times (x 71B)
Class kotlin.collections.CollectionsKt__CollectionsJVMKt                              : loaded 2 times (x 71B)
Class ijKotlinCoroutineJvmDebugInit1_5ro5ikkthzfd4ov1s0iwde684$_run_closure1          : loaded 2 times (x 139B)
Class org.gradle.api.internal.classpath.DefaultModuleRegistry                         : loaded 2 times (x 86B)
Class com.google.common.collect.EmptyImmutableSetMultimap                             : loaded 2 times (x 180B)
Class com.google.common.collect.LinkedHashMultimap$ValueSetLink                       : loaded 2 times (x 70B)
Class com.google.common.collect.ImmutableSetMultimap$EntrySet                         : loaded 2 times (x 146B)
Class com.google.common.cache.LocalCache$Strength$1                                   : loaded 2 times (x 81B)
Class org.objectweb.asm.ModuleVisitor                                                 : loaded 2 times (x 81B)
Class com.google.common.collect.MapMakerInternalMap$StrongValueEntry                  : loaded 2 times (x 70B)
Class kotlin.collections.IndexedValue                                                 : loaded 2 times (x 72B)
Class kotlin.KotlinVersionCurrentValue                                                : loaded 2 times (x 71B)
Class kotlin.collections.builders.MapBuilder$Itr                                      : loaded 2 times (x 72B)
Class kotlin.sequences.SequencesKt                                                    : loaded 2 times (x 71B)
Class kotlin.collections.CollectionsKt__IteratorsKt                                   : loaded 2 times (x 71B)
Class com.google.common.util.concurrent.ListenableFuture                              : loaded 2 times (x 70B)
Class com.google.common.cache.ReferenceEntry                                          : loaded 2 times (x 70B)
Class jdk.internal.jimage.BasicImageReader$2                                          : loaded 2 times (x 77B)
Class com.google.common.collect.ImmutableMapValues                                    : loaded 2 times (x 126B)
Class kotlin.jvm.functions.Function21                                                 : loaded 2 times (x 70B)
Class com.google.common.base.CaseFormat$3                                             : loaded 2 times (x 83B)
Class [Lcom.google.common.collect.LinkedHashMultimap$ValueEntry;                      : loaded 2 times (x 69B)
Class org.gradle.internal.service.UnknownServiceException                             : loaded 2 times (x 83B)
Class kotlin.jvm.internal.markers.KMutableSet                                         : loaded 2 times (x 70B)
Class kotlin.text.StringsKt                                                           : loaded 2 times (x 71B)
Class com.google.common.util.concurrent.AbstractFuture                                : loaded 2 times (x 106B)
Class ijKotlinCoroutineJvmDebugInit1_5ro5ikkthzfd4ov1s0iwde684$_run_closure1$_closure2: loaded 2 times (x 139B)
Class com.google.common.cache.LocalCache$LocalLoadingCache                            : loaded 2 times (x 134B)
Class com.google.common.base.CaseFormat$StringConverter                               : loaded 2 times (x 90B)
Class kotlin.coroutines.jvm.internal.RestrictedContinuationImpl                       : loaded 2 times (x 87B)
Class kotlin.coroutines.CoroutineContext$Key                                          : loaded 2 times (x 70B)
Class kotlin.LazyKt__LazyJVMKt                                                        : loaded 2 times (x 71B)
Class com.google.common.io.CharStreams                                                : loaded 2 times (x 71B)
Class org.objectweb.asm.RecordComponentVisitor                                        : loaded 2 times (x 77B)
Class com.google.common.cache.CacheLoader$SupplierToCacheLoader                       : loaded 2 times (x 75B)
Class [Lorg.objectweb.asm.AnnotationVisitor;                                          : loaded 2 times (x 69B)
Class jdk.internal.jimage.ImageReader$Resource                                        : loaded 2 times (x 84B)
Class com.google.common.collect.UsingToStringOrdering                                 : loaded 2 times (x 114B)
Class com.google.common.collect.MapMakerInternalMap$Strength$2                        : loaded 2 times (x 80B)
Class [Lkotlin.Pair;                                                                  : loaded 2 times (x 69B)
Class kotlin.jvm.internal.markers.KMutableList                                        : loaded 2 times (x 70B)
Class kotlin.io.FilesKt__FileReadWriteKt                                              : loaded 2 times (x 71B)
Class kotlin.text.StringsKt__StringNumberConversionsKt                                : loaded 2 times (x 71B)
Class org.gradle.internal.service.ServiceLookupException                              : loaded 2 times (x 82B)
Class jdk.internal.jrtfs.JrtFileAttributes                                            : loaded 2 times (x 83B)
Class com.google.common.collect.ImmutableSortedSet                                    : loaded 2 times (x 300B)
Class kotlin.sequences.SequencesKt___SequencesKt$sortedWith$1                         : loaded 2 times (x 75B)
Class [Lkotlin.sequences.Sequence;                                                    : loaded 2 times (x 69B)
Class kotlin.jvm.internal.MutablePropertyReference1Impl                               : loaded 2 times (x 137B)
Class com.google.common.collect.Lists$ReverseList                                     : loaded 2 times (x 200B)
Class [Lcom.google.common.cache.LocalCache$EntryFactory;                              : loaded 2 times (x 69B)
Class org.gradle.internal.classloader.ClassLoaderFactory                              : loaded 2 times (x 70B)
Class kotlin.collections.CollectionsKt___CollectionsKt$asSequence$$inlined$Sequence$1 : loaded 2 times (x 75B)
Class kotlin.jvm.functions.Function20                                                 : loaded 2 times (x 70B)
Class com.google.common.cache.LocalCache$LocalManualCache                             : loaded 2 times (x 99B)
Class org.gradle.internal.service.CachingServiceLocator                               : loaded 2 times (x 82B)
Class com.google.common.collect.Streams                                               : loaded 2 times (x 71B)
Class com.google.common.collect.LinkedHashMultimap$ValueEntry                         : loaded 2 times (x 89B)
Class com.google.common.collect.RegularImmutableSortedSet                             : loaded 2 times (x 300B)
Class com.google.common.base.CaseFormat$2                                             : loaded 2 times (x 83B)
Class kotlin.jvm.internal.CallableReference                                           : loaded 2 times (x 106B)
Class kotlin.collections.AbstractList$IteratorImpl                                    : loaded 2 times (x 82B)
Class com.google.common.collect.AbstractMapBasedMultimap$KeySet                       : loaded 2 times (x 137B)
Class jdk.internal.jrtfs.SystemImage                                                  : loaded 2 times (x 74B)
Class kotlin.properties.ReadOnlyProperty                                              : loaded 2 times (x 70B)
Class kotlin.jvm.internal.markers.KMutableMap                                         : loaded 2 times (x 70B)
Class kotlin.ranges.IntRange                                                          : loaded 2 times (x 93B)
Class com.google.common.collect.MapMakerInternalMap$InternalEntry                     : loaded 2 times (x 70B)
Class org.gradle.api.internal.ClassPathProvider                                       : loaded 2 times (x 70B)
Class [Lorg.gradle.api.internal.ClassPathProvider;                                    : loaded 2 times (x 69B)
Class com.google.common.collect.MapMakerInternalMap$Strength$1                        : loaded 2 times (x 80B)
Class kotlin.sequences.Sequence                                                       : loaded 2 times (x 70B)
Class kotlin.enums.EnumEntries                                                        : loaded 2 times (x 70B)
Class kotlin.text.StringsKt__StringNumberConversionsJVMKt                             : loaded 2 times (x 71B)
Class kotlin.sequences.SequenceScope                                                  : loaded 2 times (x 73B)
Class kotlin.jvm.internal.markers.KMutableListIterator                                : loaded 2 times (x 70B)
Class com.google.common.cache.CacheBuilder$OneWeigher                                 : loaded 2 times (x 82B)
Class kotlin.collections.builders.MapBuilder$EntryRef                                 : loaded 2 times (x 81B)
Class com.google.common.base.CaseFormat$1                                             : loaded 2 times (x 83B)
Class org.gradle.internal.classloader.ClasspathUtil                                   : loaded 2 times (x 71B)
Class kotlin.jvm.internal.PropertyReference0                                          : loaded 2 times (x 127B)
Class kotlin.sequences.EmptySequence                                                  : loaded 2 times (x 78B)
Class kotlin.io.FileSystemException                                                   : loaded 2 times (x 82B)
Class com.google.common.util.concurrent.Uninterruptibles                              : loaded 2 times (x 71B)
Class com.google.common.collect.AbstractMapBasedMultimap$WrappedSet                   : loaded 2 times (x 142B)
Class com.google.common.collect.LinkedHashMultimapGwtSerializationDependencies        : loaded 2 times (x 174B)
Class kotlin.jvm.internal.DefaultConstructorMarker                                    : loaded 2 times (x 71B)
Class kotlin.jvm.internal.PropertyReference1                                          : loaded 2 times (x 127B)
Class com.google.common.util.concurrent.LazyLogger                                    : loaded 2 times (x 72B)
Class org.gradle.api.specs.Spec                                                       : loaded 2 times (x 70B)
Class jdk.internal.jimage.ImageReader$SharedImageReader$LocationVisitor               : loaded 2 times (x 70B)
Class com.google.common.collect.MultimapBuilder$ListMultimapBuilder                   : loaded 2 times (x 75B)
Class com.google.common.collect.NaturalOrdering                                       : loaded 2 times (x 115B)
Class kotlin.jvm.internal.MutablePropertyReference                                    : loaded 2 times (x 119B)
Class kotlin.UnsafeLazyImpl                                                           : loaded 2 times (x 76B)
Class kotlin.LazyKt__LazyJVMKt$WhenMappings                                           : loaded 2 times (x 71B)
Class com.google.common.collect.MapMaker                                              : loaded 2 times (x 72B)
Class com.google.common.collect.Sets$3$1                                              : loaded 2 times (x 82B)
Class kotlin.jvm.internal.ArrayIterator                                               : loaded 2 times (x 79B)
Class kotlin.LazyThreadSafetyMode                                                     : loaded 2 times (x 79B)
Class com.google.common.cache.LocalCache$LoadingValueReference                        : loaded 2 times (x 96B)
Class jdk.internal.jimage.decompressor.ResourceDecompressorRepository                 : loaded 2 times (x 71B)
Class org.gradle.api.internal.DefaultClassPathProvider                                : loaded 2 times (x 76B)
Class org.objectweb.asm.AnnotationVisitor                                             : loaded 2 times (x 78B)
Class kotlin.jvm.internal.SpreadBuilder                                               : loaded 2 times (x 76B)
Class kotlin.collections.EmptyIterator                                                : loaded 2 times (x 89B)
Class kotlin.text.StringsKt__RegexExtensionsKt                                        : loaded 2 times (x 71B)
Class kotlin.SynchronizedLazyImpl                                                     : loaded 2 times (x 76B)
Class com.google.common.collect.MapMakerInternalMap$StrongKeyDummyValueEntry          : loaded 2 times (x 82B)
Class com.google.common.io.LineReader$1                                               : loaded 2 times (x 75B)
Class com.google.common.base.Platform                                                 : loaded 2 times (x 71B)
Class com.google.common.collect.ImmutableSet$SerializedForm                           : loaded 2 times (x 73B)
Class com.google.common.collect.CompoundOrdering                                      : loaded 2 times (x 115B)
Class kotlin.jvm.internal.AdaptedFunctionReference                                    : loaded 2 times (x 77B)
Class kotlin.io.FilePathComponents                                                    : loaded 2 times (x 72B)
Class kotlin.coroutines.jvm.internal.RestrictedSuspendLambda                          : loaded 2 times (x 91B)
Class kotlin.sequences.SequencesKt__SequencesJVMKt                                    : loaded 2 times (x 71B)
Class kotlin.collections.AbstractList                                                 : loaded 2 times (x 197B)
Class kotlin.collections.AbstractCollection                                           : loaded 2 times (x 117B)
Class com.google.devtools.ksp.processing.KspGradleLogger$Companion                    : loaded 2 times (x 71B)
Class com.google.common.collect.AbstractMapBasedMultimap$WrappedList                  : loaded 2 times (x 205B)
Class [Lorg.objectweb.asm.AnnotationWriter;                                           : loaded 2 times (x 69B)
Class com.google.common.collect.Maps$9                                                : loaded 2 times (x 76B)
Class [Lkotlin.reflect.KCallable;                                                     : loaded 2 times (x 69B)
Class kotlin.text.Regex                                                               : loaded 2 times (x 72B)
Class kotlin.Triple                                                                   : loaded 2 times (x 72B)
Class kotlin.sequences.SequencesKt__SequenceBuilderKt$sequence$$inlined$Sequence$1    : loaded 2 times (x 75B)
Class kotlin.text.StringsKt__StringBuilderJVMKt                                       : loaded 2 times (x 71B)
Class kotlin.collections.ArrayAsCollection                                            : loaded 2 times (x 105B)
Class kotlin.LazyKt__LazyKt                                                           : loaded 2 times (x 71B)
Class com.google.common.collect.Lists$ReverseList$1                                   : loaded 2 times (x 99B)
Class com.google.common.cache.LocalCache$StrongValueReference                         : loaded 2 times (x 90B)
Class kotlin.reflect.KProperty$Accessor                                               : loaded 2 times (x 70B)
Class kotlin.jvm.internal.ReflectionFactory                                           : loaded 2 times (x 91B)
Class kotlin.UNINITIALIZED_VALUE                                                      : loaded 2 times (x 71B)
Class kotlin.jvm.internal.Ref$ObjectRef                                               : loaded 2 times (x 72B)
Class org.objectweb.asm.Type                                                          : loaded 2 times (x 72B)
Class org.gradle.internal.classloader.VisitableURLClassLoader$InstrumentingVisitableURLClassLoader: loaded 2 times (x 123B)
Class kotlin.jvm.internal.ArrayIteratorKt                                             : loaded 2 times (x 71B)
Class kotlin.comparisons.ComparisonsKt__ComparisonsKt                                 : loaded 2 times (x 71B)
Class kotlin.jvm.internal.ClassBasedDeclarationContainer                              : loaded 2 times (x 70B)
Class kotlin.coroutines.Continuation                                                  : loaded 2 times (x 70B)
Class kotlin.ranges.RangesKt__RangesKt                                                : loaded 2 times (x 71B)
Class kotlin.sequences.SequencesKt__SequencesKt                                       : loaded 2 times (x 71B)
Class kotlin.collections.SetsKt___SetsKt                                              : loaded 2 times (x 71B)
Class com.google.common.collect.MapMakerInternalMap$StrongKeyDummyValueEntry$Helper   : loaded 2 times (x 79B)
Class com.google.common.io.Files$FileByteSink                                         : loaded 2 times (x 77B)
Class org.objectweb.asm.ByteVector                                                    : loaded 2 times (x 79B)
Class [Lcom.google.common.cache.CacheBuilder$NullListener;                            : loaded 2 times (x 69B)
Class org.gradle.internal.classloader.VisitableURLClassLoader$Spec                    : loaded 2 times (x 74B)
Class org.gradle.internal.classpath.DefaultClassPath                                  : loaded 2 times (x 90B)
Class jdk.internal.jimage.decompressor.ZipDecompressorFactory                         : loaded 2 times (x 74B)
Class com.google.common.collect.ComparatorOrdering                                    : loaded 2 times (x 115B)
Class kotlin.comparisons.ComparisonsKt                                                : loaded 2 times (x 71B)
Class kotlin.comparisons.ComparisonsKt___ComparisonsKt                                : loaded 2 times (x 71B)
Class kotlin.Result$Companion                                                         : loaded 2 times (x 71B)
Class kotlin.coroutines.jvm.internal.BaseContinuationImpl                             : loaded 2 times (x 87B)
Class kotlin.text.CharsKt__CharJVMKt                                                  : loaded 2 times (x 71B)
Class kotlin.sequences.FilteringSequence                                              : loaded 2 times (x 75B)
Class com.google.devtools.ksp.processing.KspGradleLogger                              : loaded 2 times (x 79B)
Class org.objectweb.asm.Symbol                                                        : loaded 2 times (x 73B)
Class ijJvmDebugger1_4nk09ie7rajpf56fhqp8qjy4i                                        : loaded 2 times (x 171B)
Class kotlin.text.StringsKt__AppendableKt                                             : loaded 2 times (x 71B)
Class kotlin.coroutines.ContinuationInterceptor                                       : loaded 2 times (x 70B)
Class kotlin.reflect.KType                                                            : loaded 2 times (x 70B)
Class com.google.common.io.Closer                                                     : loaded 2 times (x 78B)
Class com.google.common.io.Java8Compatibility                                         : loaded 2 times (x 71B)
Class org.gradle.internal.classloader.ClassLoaderSpec                                 : loaded 2 times (x 71B)
Class kotlin.jvm.internal.FunctionReferenceImpl                                       : loaded 2 times (x 122B)
Class kotlin.text.DelimitedRangesSequence                                             : loaded 2 times (x 75B)
Class kotlin.collections.CollectionsKt___CollectionsJvmKt                             : loaded 2 times (x 71B)
Class org.objectweb.asm.AnnotationWriter                                              : loaded 2 times (x 79B)
Class com.google.common.cache.CacheStats                                              : loaded 2 times (x 71B)
Class com.google.common.collect.CollectSpliterators$1WithCharacteristics              : loaded 2 times (x 90B)
Class org.gradle.api.internal.classpath.EffectiveClassPath                            : loaded 2 times (x 90B)
Class kotlin.time.DurationKt                                                          : loaded 2 times (x 71B)
Class kotlin.jdk7.AutoCloseableKt                                                     : loaded 2 times (x 71B)
Class kotlin.TuplesKt                                                                 : loaded 2 times (x 71B)
Class kotlin.jvm.internal.markers.KMutableIterable                                    : loaded 2 times (x 70B)
Class kotlin.sequences.SequencesKt___SequencesJvmKt                                   : loaded 2 times (x 71B)
Class kotlin.Unit                                                                     : loaded 2 times (x 71B)
Class com.google.common.collect.Interners                                             : loaded 2 times (x 71B)
Class com.google.common.io.Closer$Suppressor                                          : loaded 2 times (x 70B)
Class com.google.common.io.LineProcessor                                              : loaded 2 times (x 70B)
Class org.objectweb.asm.RecordComponentWriter                                         : loaded 2 times (x 78B)
Class com.google.common.util.concurrent.AbstractFuture$Listener                       : loaded 2 times (x 72B)
Class Settings_gradle$1$1                                                             : loaded 2 times (x 74B)
Class com.google.common.collect.MultimapBuilder$SortedSetMultimapBuilder              : loaded 2 times (x 77B)
Class kotlin.io.FileTreeWalk$FileTreeWalkIterator                                     : loaded 2 times (x 83B)
Class kotlin.io.FileTreeWalk$DirectoryState                                           : loaded 2 times (x 73B)
Class kotlin.ranges.RangesKt                                                          : loaded 2 times (x 71B)
Class org.objectweb.asm.Attribute                                                     : loaded 2 times (x 77B)
Class org.gradle.internal.classloader.VisitableURLClassLoader                         : loaded 2 times (x 117B)
Class [Lkotlin.DeprecationLevel;                                                      : loaded 2 times (x 69B)
Class kotlin.sequences.GeneratorSequence                                              : loaded 2 times (x 75B)
Class kotlin.sequences.FlatteningSequence$iterator$1                                  : loaded 2 times (x 79B)
Class kotlin.collections.ArraysUtilJVM                                                : loaded 2 times (x 71B)
Class kotlin.jvm.functions.Function0                                                  : loaded 2 times (x 70B)
Class com.google.common.collect.ImmutableList$SerializedForm                          : loaded 2 times (x 73B)
Class Settings_gradle                                                                 : loaded 2 times (x 124B)
Class org.gradle.internal.Cast                                                        : loaded 2 times (x 71B)
Class org.gradle.api.Action                                                           : loaded 2 times (x 70B)
Class jdk.internal.jimage.decompressor.ZipDecompressor                                : loaded 2 times (x 75B)
Class kotlin.sequences.SequencesKt___SequencesKt$flatMap$2                            : loaded 2 times (x 125B)
Class [Ldagger.hilt.processor.internal.optionvalues.GradleProjectType;                : loaded 2 times (x 69B)
Class kotlin.properties.ReadWriteProperty                                             : loaded 2 times (x 70B)
Class kotlin.collections.AbstractMutableList                                          : loaded 2 times (x 206B)
Class kotlin.jvm.functions.Function1                                                  : loaded 2 times (x 70B)
Class com.google.common.collect.MapMakerInternalMap                                   : loaded 2 times (x 161B)
Class com.google.common.base.Strings                                                  : loaded 2 times (x 71B)
Class org.objectweb.asm.Handler                                                       : loaded 2 times (x 72B)
Class com.google.common.base.Ticker                                                   : loaded 2 times (x 72B)
Class ijKotlinCoroutineJvmDebugInit1_5ro5ikkthzfd4ov1s0iwde684                        : loaded 2 times (x 171B)
Class com.google.common.collect.MultimapBuilder$SetMultimapBuilder                    : loaded 2 times (x 75B)
Class com.google.common.collect.ImmutableSortedSet$Builder                            : loaded 2 times (x 86B)
Class com.google.common.collect.Ordering                                              : loaded 2 times (x 114B)
Class jdk.internal.jrtfs.ExplodedImage                                                : loaded 2 times (x 77B)
Class kotlin.jvm.internal.markers.KMutableIterator                                    : loaded 2 times (x 70B)
Class kotlin.jvm.functions.Function2                                                  : loaded 2 times (x 70B)
Class kotlin.KotlinNothingValueException                                              : loaded 2 times (x 82B)
Class com.google.devtools.ksp.processing.KSPConfig                                    : loaded 2 times (x 72B)
Class [Lcom.google.common.cache.LocalCache$Segment;                                   : loaded 2 times (x 69B)
Class [Lcom.google.common.cache.LocalCache$Strength;                                  : loaded 2 times (x 69B)
Class com.google.common.cache.CacheBuilder$1                                          : loaded 2 times (x 85B)
Class org.gradle.internal.classpath.DefaultClassPath$ImmutableUniqueList$Builder      : loaded 2 times (x 75B)
Class org.gradle.internal.classloader.ClassLoaderVisitor                              : loaded 2 times (x 76B)
Class kotlin.io.FileTreeWalk$WalkState                                                : loaded 2 times (x 73B)
Class kotlin.jvm.functions.Function3                                                  : loaded 2 times (x 70B)
Class kotlin.collections.MapsKt___MapsJvmKt                                           : loaded 2 times (x 71B)
Class com.google.common.collect.MapMakerInternalMap$WeakValueReference                : loaded 2 times (x 70B)
Class com.google.common.cache.LocalCache                                              : loaded 2 times (x 187B)
Class com.google.common.cache.CacheBuilder$2                                          : loaded 2 times (x 79B)
Class kotlin.collections.AbstractList$Companion                                       : loaded 2 times (x 71B)
Class kotlin.sequences.SequencesKt___SequencesKt                                      : loaded 2 times (x 71B)
Class kotlin.KotlinVersion$Companion                                                  : loaded 2 times (x 71B)
Class kotlin.jvm.functions.Function4                                                  : loaded 2 times (x 70B)
Class kotlin.annotation.Target                                                        : loaded 2 times (x 70B)
Class kotlin.collections.EmptySet                                                     : loaded 2 times (x 122B)
Class kotlin.collections.CollectionsKt___CollectionsKt                                : loaded 2 times (x 71B)
Class com.google.common.cache.CacheBuilder$3                                          : loaded 2 times (x 72B)
Class org.gradle.api.GradleException                                                  : loaded 2 times (x 82B)
Class com.google.common.collect.ReverseNaturalOrdering                                : loaded 2 times (x 114B)
Class org.gradle.internal.classloader.DefaultClassLoaderFactory                       : loaded 2 times (x 82B)
Class [Lcom.google.common.cache.CacheBuilder$OneWeigher;                              : loaded 2 times (x 69B)
Class kotlin.jvm.functions.Function5                                                  : loaded 2 times (x 70B)
Class kotlin.annotation.Retention                                                     : loaded 2 times (x 70B)
Class kotlin.reflect.KDeclarationContainer                                            : loaded 2 times (x 70B)
Class kotlin.text.StringsKt___StringsJvmKt                                            : loaded 2 times (x 71B)
Class org.objectweb.asm.MethodTooLargeException                                       : loaded 2 times (x 83B)
Class kotlin.jvm.functions.Function6                                                  : loaded 2 times (x 70B)
Class kotlin.io.FilesKt                                                               : loaded 2 times (x 71B)
Class kotlin.collections.ArraysKt___ArraysKt                                          : loaded 2 times (x 71B)
Class kotlin.collections.MapsKt___MapsKt                                              : loaded 2 times (x 71B)
Class [Lcom.google.common.collect.MapMakerInternalMap$Strength;                       : loaded 2 times (x 69B)
Class [Lcom.google.common.io.FileWriteMode;                                           : loaded 2 times (x 69B)
Class [Lkotlin.time.DurationUnit;                                                     : loaded 2 times (x 69B)
Class kotlin.jvm.functions.Function7                                                  : loaded 2 times (x 70B)
Class kotlin.sequences.SequencesKt___SequencesKt$asIterable$$inlined$Iterable$1       : loaded 2 times (x 79B)
Class kotlin.collections.MapsKt__MapWithDefaultKt                                     : loaded 2 times (x 71B)
Class com.google.common.collect.MapMakerInternalMap$StrongKeyDummyValueSegment        : loaded 2 times (x 142B)
Class com.google.common.collect.Iterables$4                                           : loaded 2 times (x 81B)
Class com.google.common.io.Files                                                      : loaded 2 times (x 71B)
Class com.google.common.cache.LocalCache$EntryFactory                                 : loaded 2 times (x 83B)
Class com.google.common.collect.NullsLastOrdering                                     : loaded 2 times (x 115B)
Class com.google.common.base.Splitter$1$1                                             : loaded 2 times (x 86B)
Class [Lkotlin.annotation.AnnotationRetention;                                        : loaded 2 times (x 69B)
Class kotlin.jvm.functions.Function8                                                  : loaded 2 times (x 70B)
Class kotlin.collections.builders.MapBuilder$Companion                                : loaded 2 times (x 71B)
Class kotlin.text.StringsKt___StringsKt                                               : loaded 2 times (x 71B)
Class kotlin.collections.CollectionsKt__MutableCollectionsJVMKt                       : loaded 2 times (x 71B)
Class kotlin.enums.EnumEntriesKt                                                      : loaded 2 times (x 71B)
Class [Lcom.google.common.collect.MapMaker$Dummy;                                     : loaded 2 times (x 69B)
Class com.google.common.base.CharMatcher$Whitespace                                   : loaded 2 times (x 112B)
Class com.google.common.cache.LocalCache$AbstractReferenceEntry                       : loaded 2 times (x 107B)
Class org.gradle.internal.IoActions                                                   : loaded 2 times (x 71B)
Class com.google.common.collect.MultimapBuilder$MultimapBuilderWithKeys$1             : loaded 2 times (x 76B)
Class com.google.common.base.Platform$JdkPatternCompiler                              : loaded 2 times (x 75B)
Class com.google.common.collect.MapMakerInternalMap$Strength                          : loaded 2 times (x 80B)
Class kotlin.annotation.MustBeDocumented                                              : loaded 2 times (x 70B)
Class kotlin.jvm.functions.Function10                                                 : loaded 2 times (x 70B)
Class kotlin.jvm.functions.Function9                                                  : loaded 2 times (x 70B)
Class [Lkotlin.reflect.KClassifier;                                                   : loaded 2 times (x 69B)
Class [Lkotlin.LazyThreadSafetyMode;                                                  : loaded 2 times (x 69B)
Class org.objectweb.asm.SymbolTable                                                   : loaded 2 times (x 72B)
Class com.google.common.cache.CacheLoader$InvalidCacheLoadException                   : loaded 2 times (x 82B)
Class org.gradle.internal.classloader.SystemClassLoaderSpec                           : loaded 2 times (x 71B)
Class com.google.common.collect.MultimapBuilder$MultimapBuilderWithKeys$2             : loaded 2 times (x 76B)
Class com.google.common.base.CaseFormat                                               : loaded 2 times (x 83B)
Class kotlin.jvm.internal.PropertyReference0Impl                                      : loaded 2 times (x 127B)
Class kotlin.jvm.functions.Function11                                                 : loaded 2 times (x 70B)
Class kotlin.reflect.KAnnotatedElement                                                : loaded 2 times (x 70B)
Class kotlin.jvm.internal.markers.KMutableCollection                                  : loaded 2 times (x 70B)
Class kotlin.coroutines.intrinsics.IntrinsicsKt                                       : loaded 2 times (x 71B)
Class kotlin.ranges.IntRange$Companion                                                : loaded 2 times (x 71B)
Class kotlin.collections.EmptyMap                                                     : loaded 2 times (x 108B)
Class kotlin.jvm.internal.Intrinsics                                                  : loaded 2 times (x 71B)
Class com.google.common.collect.FluentIterable                                        : loaded 2 times (x 81B)
Class com.google.common.cache.LocalCache$StrongEntry                                  : loaded 2 times (x 108B)
Class com.google.common.util.concurrent.AbstractFuture$TrustedFuture                  : loaded 2 times (x 114B)
Class com.google.common.cache.LoadingCache                                            : loaded 2 times (x 70B)
Class com.google.common.collect.MapMakerInternalMap$StrongKeyDummyValueEntry$LinkedStrongKeyDummyValueEntry: loaded 2 times (x 82B)
Class com.google.common.collect.MultimapBuilder$MultimapBuilderWithKeys$3             : loaded 2 times (x 76B)
Class kotlin.io.LinesSequence                                                         : loaded 2 times (x 75B)
Class [Lkotlin.reflect.KClass;                                                        : loaded 2 times (x 69B)
Class kotlin.jvm.functions.Function12                                                 : loaded 2 times (x 70B)
Class kotlin.io.FileTreeWalk$FileTreeWalkIterator$TopDownDirectoryState               : loaded 2 times (x 74B)
Class kotlin.coroutines.intrinsics.CoroutineSingletons                                : loaded 2 times (x 79B)
Class kotlin.collections.MapsKt                                                       : loaded 2 times (x 71B)
Class kotlin.collections.CollectionsKt__IterablesKt                                   : loaded 2 times (x 71B)
Class org.objectweb.asm.MethodWriter                                                  : loaded 2 times (x 106B)
Class [Lcom.google.common.cache.Weigher;                                              : loaded 2 times (x 69B)
Class jdk.internal.jimage.decompressor.CompressedResourceHeader                       : loaded 2 times (x 71B)
Class com.google.common.collect.MultimapBuilder$MultimapBuilderWithKeys$4             : loaded 2 times (x 76B)
Class org.objectweb.asm.ClassVisitor                                                  : loaded 2 times (x 88B)
Class kotlin.jvm.functions.Function13                                                 : loaded 2 times (x 70B)
Class kotlin.sequences.SequenceBuilderIterator                                        : loaded 2 times (x 85B)
Class kotlin.text.Charsets                                                            : loaded 2 times (x 71B)
Class kotlin.ranges.OpenEndRange                                                      : loaded 2 times (x 70B)
Class kotlin.KotlinNullPointerException                                               : loaded 2 times (x 83B)
Class com.google.common.collect.AbstractMapBasedMultimap$RandomAccessWrappedList      : loaded 2 times (x 205B)
Class com.google.common.collect.MultimapBuilder$MultimapBuilderWithKeys$5             : loaded 2 times (x 78B)
Class [Lorg.objectweb.asm.Symbol;                                                     : loaded 2 times (x 69B)
Class kotlin.sequences.TransformingSequence                                           : loaded 2 times (x 75B)
Class kotlin.collections.builders.ListBuilder$Itr                                     : loaded 2 times (x 94B)
Class jdk.internal.jimage.decompressor.StringSharingDecompressorFactory               : loaded 2 times (x 74B)
Class kotlin.ranges.IntProgression$Companion                                          : loaded 2 times (x 71B)
Class kotlin.jvm.functions.Function14                                                 : loaded 2 times (x 70B)
Class kotlin.ranges.RangesKt___RangesKt                                               : loaded 2 times (x 71B)
Class com.google.common.cache.LocalCache$ValueReference                               : loaded 2 times (x 70B)
Class com.google.common.collect.MultimapBuilder$MultimapBuilderWithKeys$6             : loaded 2 times (x 76B)
Class kotlin.collections.builders.MapBuilder                                          : loaded 2 times (x 112B)
Class com.google.common.collect.ImmutableListMultimap$Builder                         : loaded 2 times (x 83B)
Class org.gradle.api.internal.classpath.ManifestUtil                                  : loaded 2 times (x 71B)
Class kotlin.coroutines.jvm.internal.Boxing                                           : loaded 2 times (x 71B)
Class kotlin.collections.ArrayDeque$Companion                                         : loaded 2 times (x 71B)
Class kotlin.jvm.functions.Function15                                                 : loaded 2 times (x 70B)
Class kotlin.text.CharsKt__CharKt                                                     : loaded 2 times (x 71B)
Class kotlin.collections.ArraysKt                                                     : loaded 2 times (x 71B)
Class com.google.common.base.PatternCompiler                                          : loaded 2 times (x 70B)
Class com.google.common.util.concurrent.AbstractFuture$Failure                        : loaded 2 times (x 72B)
Class com.google.common.collect.ByFunctionOrdering                                    : loaded 2 times (x 115B)
Class com.google.common.collect.ImmutableSetMultimap                                  : loaded 2 times (x 180B)
Class com.google.common.util.concurrent.ExecutionError                                : loaded 2 times (x 82B)
Class kotlin.SafePublicationLazyImpl$Companion                                        : loaded 2 times (x 71B)
Class kotlin.jvm.internal.PropertyReference1Impl                                      : loaded 2 times (x 127B)
Class kotlin.jvm.functions.Function16                                                 : loaded 2 times (x 70B)
Class kotlin.coroutines.EmptyCoroutineContext                                         : loaded 2 times (x 77B)
Class kotlin.collections.SetsKt__SetsKt                                               : loaded 2 times (x 71B)
Class kotlin.LazyKt                                                                   : loaded 2 times (x 71B)
Class com.google.common.io.CharSink                                                   : loaded 2 times (x 79B)
Class org.objectweb.asm.Label                                                         : loaded 2 times (x 73B)
Class org.objectweb.asm.CurrentFrame                                                  : loaded 2 times (x 73B)
Class org.objectweb.asm.ClassTooLargeException                                        : loaded 2 times (x 83B)
Class com.google.common.collect.Maps$IteratorBasedAbstractMap                         : loaded 2 times (x 125B)
Class kotlin.jvm.internal.MutablePropertyReference1                                   : loaded 2 times (x 137B)
Class org.gradle.internal.classloader.ClassLoaderHierarchy                            : loaded 2 times (x 70B)
Class com.google.common.io.FileWriteMode                                              : loaded 2 times (x 79B)
Class kotlin.InitializedLazyImpl                                                      : loaded 2 times (x 76B)
Class kotlin.jvm.functions.Function17                                                 : loaded 2 times (x 70B)
Class kotlin.collections.ArraysKt__ArraysJVMKt                                        : loaded 2 times (x 71B)
Class com.google.common.collect.Table                                                 : loaded 2 times (x 70B)
Class com.google.common.collect.MapMakerInternalMap$InternalEntryHelper               : loaded 2 times (x 70B)
Class org.objectweb.asm.Frame                                                         : loaded 2 times (x 73B)
Class org.objectweb.asm.MethodVisitor                                                 : loaded 2 times (x 105B)
Class com.google.common.cache.LocalCache$EntryFactory$1                               : loaded 2 times (x 83B)
Class [Lcom.google.common.cache.RemovalListener;                                      : loaded 2 times (x 69B)
Class kotlin.jvm.functions.Function18                                                 : loaded 2 times (x 70B)
Class kotlin.jvm.internal.CallableReference$NoReceiver                                : loaded 2 times (x 71B)
Class kotlin.text.StringsKt__StringBuilderKt                                          : loaded 2 times (x 71B)
Class com.google.common.cache.LocalCache$EntryFactory$2                               : loaded 2 times (x 83B)
Class org.gradle.api.internal.classpath.GlobalCacheRootsProvider                      : loaded 2 times (x 70B)
Class com.google.common.collect.Multimaps                                             : loaded 2 times (x 71B)
Class [Lcom.google.common.collect.MapMakerInternalMap$Segment;                        : loaded 2 times (x 69B)
Class kotlin.collections.CollectionsKt__ReversedViewsKt                               : loaded 2 times (x 71B)
Class kotlin.jvm.functions.Function19                                                 : loaded 2 times (x 70B)
Class kotlin.reflect.KMutableProperty$Setter                                          : loaded 2 times (x 70B)
Class kotlin.Lazy                                                                     : loaded 2 times (x 70B)
Class kotlin.NoWhenBranchMatchedException                                             : loaded 2 times (x 82B)
Class org.objectweb.asm.ModuleWriter                                                  : loaded 2 times (x 82B)
Class com.google.common.cache.LocalCache$EntryFactory$3                               : loaded 2 times (x 83B)
Class com.google.common.base.Ticker$1                                                 : loaded 2 times (x 72B)
Class com.google.common.collect.MultimapBuilder$1                                     : loaded 2 times (x 83B)
Class com.google.common.collect.SetMultimap                                           : loaded 2 times (x 70B)
Class kotlin.sequences.SequencesKt__SequenceBuilderKt                                 : loaded 2 times (x 71B)
Class kotlin.sequences.FilteringSequence$iterator$1                                   : loaded 2 times (x 79B)
Class com.google.common.collect.CollectSpliterators$1                                 : loaded 2 times (x 90B)
Class com.google.common.cache.LocalCache$EntryFactory$4                               : loaded 2 times (x 83B)
Class com.google.common.collect.MultimapBuilder$2                                     : loaded 2 times (x 83B)
Class com.google.common.collect.MultimapBuilder$MultimapBuilderWithKeys               : loaded 2 times (x 82B)
Class com.google.common.collect.ReverseOrdering                                       : loaded 2 times (x 115B)
Class kotlin.sequences.ConstrainedOnceSequence                                        : loaded 2 times (x 75B)
Class com.google.common.cache.LocalCache$EntryFactory$5                               : loaded 2 times (x 83B)
Class com.google.common.collect.MultimapBuilder$3                                     : loaded 2 times (x 84B)
Class kotlin.time.Duration                                                            : loaded 2 times (x 74B)
Class [Lkotlin.reflect.KProperty;                                                     : loaded 2 times (x 69B)
Class kotlin.jvm.internal.markers.KMappedMarker                                       : loaded 2 times (x 70B)
Class kotlin.jvm.internal.CollectionToArray                                           : loaded 2 times (x 71B)
Class com.google.common.cache.LocalCache$EntryFactory$6                               : loaded 2 times (x 83B)
Class org.gradle.internal.installation.CurrentGradleInstallationLocator               : loaded 2 times (x 71B)
Class com.google.common.collect.MultimapBuilder$4                                     : loaded 2 times (x 84B)
Class kotlin.io.FilesKt__FileTreeWalkKt                                               : loaded 2 times (x 71B)
Class com.google.common.collect.SortedSetMultimap                                     : loaded 2 times (x 70B)
Class org.gradle.internal.classloader.FilteringClassLoader                            : loaded 2 times (x 105B)
Class kotlin.coroutines.jvm.internal.SpillingKt                                       : loaded 2 times (x 71B)
Class [Lkotlin.io.FileWalkDirection;                                                  : loaded 2 times (x 69B)
Class com.google.common.collect.Maps$KeySet                                           : loaded 2 times (x 137B)
Class com.google.common.cache.LocalCache$EntryFactory$7                               : loaded 2 times (x 83B)
Class org.gradle.internal.service.DefaultServiceLocator                               : loaded 2 times (x 83B)
Class jdk.internal.jrtfs.JrtDirectoryStream                                           : loaded 2 times (x 89B)
Class com.google.common.io.LineReader                                                 : loaded 2 times (x 72B)
Class kotlin.NotImplementedError                                                      : loaded 2 times (x 82B)
Class kotlin.text.StringsKt__StringsKt                                                : loaded 2 times (x 71B)
Class kotlin.reflect.KMutableProperty0                                                : loaded 2 times (x 70B)
Class kotlin.reflect.KClassifier                                                      : loaded 2 times (x 70B)
Class kotlin.io.FileTreeWalk                                                          : loaded 2 times (x 75B)
Class kotlin.coroutines.jvm.internal.SuspendFunction                                  : loaded 2 times (x 70B)
Class com.google.common.cache.LocalCache$EntryFactory$8                               : loaded 2 times (x 83B)
Class org.gradle.internal.installation.CurrentGradleInstallation                      : loaded 2 times (x 73B)
Class kotlin.io.TextStreamsKt                                                         : loaded 2 times (x 71B)
Class kotlin.jvm.internal.Ref$BooleanRef                                              : loaded 2 times (x 71B)
Class kotlin.jvm.internal.StringCompanionObject                                       : loaded 2 times (x 71B)
Class kotlin.reflect.KMutableProperty1                                                : loaded 2 times (x 70B)
Class kotlin.coroutines.intrinsics.IntrinsicsKt__IntrinsicsJvmKt                      : loaded 2 times (x 71B)
Class kotlin.coroutines.jvm.internal.CoroutineStackFrame                              : loaded 2 times (x 70B)
Class com.google.common.cache.CacheLoader$1                                           : loaded 2 times (x 75B)
Class com.google.common.collect.ForwardingObject                                      : loaded 2 times (x 72B)
Class org.gradle.util.internal.GUtil                                                  : loaded 2 times (x 71B)
Class kotlin.reflect.KMutableProperty2                                                : loaded 2 times (x 70B)
Class kotlin.io.NoSuchFileException                                                   : loaded 2 times (x 82B)
Class kotlin.collections.CollectionsKt                                                : loaded 2 times (x 71B)
Class com.google.common.io.ByteSource                                                 : loaded 2 times (x 84B)
Class com.google.common.cache.AbstractCache$StatsCounter                              : loaded 2 times (x 70B)
Class kotlin.coroutines.jvm.internal.CompletedContinuation                            : loaded 2 times (x 75B)
Class kotlin.sequences.DropTakeSequence                                               : loaded 2 times (x 70B)
Class kotlin.ranges.IntProgressionIterator                                            : loaded 2 times (x 82B)
Class kotlin.time.DurationUnitKt                                                      : loaded 2 times (x 71B)
Class kotlin.coroutines.jvm.internal.DebugProbesKt                                    : loaded 2 times (x 71B)
Class kotlin.coroutines.CoroutineContext                                              : loaded 2 times (x 70B)
Class com.google.common.collect.MapMakerInternalMap$1                                 : loaded 2 times (x 83B)
Class com.google.common.io.LineBuffer                                                 : loaded 2 times (x 75B)
Class org.gradle.internal.installation.GradleInstallation                             : loaded 2 times (x 75B)
Class jdk.internal.jimage.decompressor.ResourceDecompressor$StringsProvider           : loaded 2 times (x 70B)
Class com.google.common.collect.LexicographicalOrdering                               : loaded 2 times (x 115B)
Class kotlin.sequences.FlatteningSequence                                             : loaded 2 times (x 75B)
Class kotlin.sequences.TransformingSequence$iterator$1                                : loaded 2 times (x 79B)
Class kotlin.io.FileWalkDirection                                                     : loaded 2 times (x 79B)
Class kotlin.jvm.KotlinReflectionNotSupportedError                                    : loaded 2 times (x 82B)
Class kotlin.ranges.IntProgression                                                    : loaded 2 times (x 81B)
Class com.google.common.collect.Lists$RandomAccessReverseList                         : loaded 2 times (x 200B)

---------------  S Y S T E M  ---------------

OS:
 Windows 11 , 64 bit Build 26100 (10.0.26100.2454)
OS uptime: 8 days 20:07 hours
Hyper-V role detected

CPU: total 8 (initial active 8) (4 cores per cpu, 2 threads per core) family 6 model 142 stepping 12 microcode 0xde, cx8, cmov, fxsr, ht, mmx, 3dnowpref, sse, sse2, sse3, ssse3, sse4.1, sse4.2, popcnt, lzcnt, tsc, tscinvbit, avx, avx2, aes, erms, clmul, bmi1, bmi2, adx, fma, vzeroupper, clflush, clflushopt, hv, rdtscp, f16c
Processor Information for the first 8 processors :
  Max Mhz: 1896, Current Mhz: 1596, Mhz Limit: 1592

Memory: 4k page, system-wide physical 7970M (1249M free)
TotalPageFile size 23508M (AvailPageFile size 21M)
current process WorkingSet (physical memory assigned to process): 633M, peak: 1111M
current process commit charge ("private bytes"): 1186M, peak: 1193M

vm_info: OpenJDK 64-Bit Server VM (21.0.9+-14649483-b1163.86) for windows-amd64 JRE (21.0.9+-14649483-b1163.86), built on 2025-12-30T22:08:35Z by "builder" with MS VC++ 16.10 / 16.11 (VS2019)

END.
